2026-07-07T23:34:22.165+0800 [INFO]  Terraform version: 1.15.7
2026-07-07T23:34:22.165+0800 [DEBUG] using github.com/hashicorp/go-tfe v1.105.0
2026-07-07T23:34:22.165+0800 [DEBUG] using github.com/hashicorp/hcl/v2 v2.24.0
2026-07-07T23:34:22.165+0800 [DEBUG] using github.com/hashicorp/terraform-svchost v0.2.1
2026-07-07T23:34:22.165+0800 [DEBUG] using github.com/zclconf/go-cty v1.18.0
2026-07-07T23:34:22.165+0800 [INFO]  Go runtime version: go1.25.10
2026-07-07T23:34:22.165+0800 [INFO]  CLI args: []string{"terraform", "plan"}
2026-07-07T23:34:22.165+0800 [TRACE] Stdout is a terminal of width 102
2026-07-07T23:34:22.165+0800 [TRACE] Stderr is a terminal of width 102
2026-07-07T23:34:22.165+0800 [TRACE] Stdin is a terminal
2026-07-07T23:34:22.165+0800 [DEBUG] Attempting to open CLI config file: /home/kyipyar/.terraformrc
2026-07-07T23:34:22.165+0800 [DEBUG] File doesn't exist, but doesn't need to. Ignoring.
2026-07-07T23:34:22.165+0800 [DEBUG] ignoring non-existing provider search directory terraform.d/plugins
2026-07-07T23:34:22.165+0800 [DEBUG] ignoring non-existing provider search directory /home/kyipyar/.terraform.d/plugins
2026-07-07T23:34:22.165+0800 [DEBUG] ignoring non-existing provider search directory /home/kyipyar/.local/share/terraform/plugins
2026-07-07T23:34:22.165+0800 [DEBUG] ignoring non-existing provider search directory /usr/local/share/terraform/plugins
2026-07-07T23:34:22.165+0800 [DEBUG] ignoring non-existing provider search directory /usr/share/terraform/plugins
2026-07-07T23:34:22.165+0800 [DEBUG] ignoring non-existing provider search directory /var/lib/snapd/desktop/terraform/plugins
2026-07-07T23:34:22.166+0800 [INFO]  CLI command args: []string{"plan"}
2026-07-07T23:34:22.167+0800 [TRACE] Meta.Backend: no config given or present on disk, so returning nil config
2026-07-07T23:34:22.167+0800 [TRACE] Meta.Backend: backend has not previously been initialized in this working directory
2026-07-07T23:34:22.167+0800 [TRACE] Meta.Backend: using default local state only (no backend configuration, and no existing initialized backend)
2026-07-07T23:34:22.167+0800 [TRACE] Meta.Backend: instantiated backend of type <nil>
2026-07-07T23:34:22.167+0800 [TRACE] providercache.fillMetaCache: scanning directory .terraform/providers
2026-07-07T23:34:22.167+0800 [TRACE] getproviders.SearchLocalDirectory: found registry.terraform.io/hashicorp/vault v5.10.1 for linux_amd64 at .terraform/providers/registry.terraform.io/hashicorp/vault/5.10.1/linux_amd64
2026-07-07T23:34:22.167+0800 [TRACE] providercache.fillMetaCache: including .terraform/providers/registry.terraform.io/hashicorp/vault/5.10.1/linux_amd64 as a candidate package for registry.terraform.io/hashicorp/vault 5.10.1
2026-07-07T23:34:22.195+0800 [DEBUG] checking for provisioner in "."
2026-07-07T23:34:22.196+0800 [DEBUG] checking for provisioner in "/usr/bin"
2026-07-07T23:34:22.196+0800 [TRACE] Meta.Backend: backend <nil> does not support operations, so wrapping it in a local backend
2026-07-07T23:34:22.196+0800 [INFO]  backend/local: starting Plan operation
2026-07-07T23:34:22.196+0800 [TRACE] backend/local: requesting state manager for workspace "default"
2026-07-07T23:34:22.196+0800 [TRACE] backend/local: state manager for workspace "default" will:
 - read initial snapshot from terraform.tfstate
 - write new snapshots to terraform.tfstate
 - create any backup at terraform.tfstate.backup
2026-07-07T23:34:22.196+0800 [TRACE] backend/local: requesting state lock for workspace "default"
2026-07-07T23:34:22.197+0800 [TRACE] statemgr.Filesystem: preparing to manage state snapshots at terraform.tfstate
2026-07-07T23:34:22.197+0800 [TRACE] statemgr.Filesystem: no previously-stored snapshot exists
2026-07-07T23:34:22.197+0800 [TRACE] statemgr.Filesystem: locking terraform.tfstate using fcntl flock
2026-07-07T23:34:22.197+0800 [TRACE] statemgr.Filesystem: writing lock metadata to .terraform.tfstate.lock.info
2026-07-07T23:34:22.197+0800 [TRACE] backend/local: reading remote state for workspace "default"
2026-07-07T23:34:22.197+0800 [TRACE] statemgr.Filesystem: reading latest snapshot from terraform.tfstate
2026-07-07T23:34:22.197+0800 [TRACE] statemgr.Filesystem: snapshot file has nil snapshot, but that's okay
2026-07-07T23:34:22.197+0800 [TRACE] statemgr.Filesystem: read nil snapshot
2026-07-07T23:34:22.197+0800 [TRACE] backend/local: populating backendrun.LocalRun for current working directory
2026-07-07T23:34:22.198+0800 [TRACE] terraform.NewContext: starting
2026-07-07T23:34:22.198+0800 [TRACE] terraform.NewContext: complete
2026-07-07T23:34:22.198+0800 [TRACE] terraform.NewContext: starting
2026-07-07T23:34:22.198+0800 [TRACE] terraform.NewContext: complete
2026-07-07T23:34:22.198+0800 [TRACE] building graph for terraform dependencies
2026-07-07T23:34:22.198+0800 [TRACE] Executing graph transform *terraform.RootVariableTransformer
2026-07-07T23:34:22.198+0800 [TRACE] Executing graph transform *terraform.ModuleTransformer
2026-07-07T23:34:22.198+0800 [TRACE] Executing graph transform *terraform.LocalTransformer
2026-07-07T23:34:22.198+0800 [TRACE] Executing graph transform *terraform.ReferenceTransformer
2026-07-07T23:34:22.198+0800 [TRACE] Executing graph transform *terraform.TransformFilter
2026-07-07T23:34:22.198+0800 [TRACE] Executing graph transform *terraform.variableValidationTransformer
2026-07-07T23:34:22.198+0800 [TRACE] variableValidationTransformer: adding validation nodes for any existing variable evaluation nodes
2026-07-07T23:34:22.198+0800 [TRACE] Executing graph transform *terraform.RootTransformer
2026-07-07T23:34:22.198+0800 [TRACE] Executing graph transform *terraform.TransitiveReductionTransformer
2026-07-07T23:34:22.198+0800 [TRACE] Completed graph transform:
root - terraform.graphNodeRoot
  ------
2026-07-07T23:34:22.198+0800 [DEBUG] Starting graph walk: walkInit
2026-07-07T23:34:22.198+0800 [TRACE] vertex "root": starting visit (terraform.graphNodeRoot)
2026-07-07T23:34:22.198+0800 [TRACE] vertex "root": does not belong to any module instance
2026-07-07T23:34:22.198+0800 [TRACE] vertex "root": visit complete
2026-07-07T23:34:22.198+0800 [TRACE] Config.VerifyDependencySelections: provider registry.terraform.io/hashicorp/vault has 5.10.1 to satisfy "5.10.1"
2026-07-07T23:34:22.198+0800 [TRACE] backend/local: requesting interactive input, if necessary
2026-07-07T23:34:22.198+0800 [TRACE] LoadSchemas: retrieving schema for provider type "registry.terraform.io/hashicorp/vault"
2026-07-07T23:34:22.198+0800 [TRACE] terraform.contextPlugins: Initializing provider "registry.terraform.io/hashicorp/vault" to read its schema
2026-07-07T23:34:22.198+0800 [DEBUG] created provider logger: level=trace
2026-07-07T23:34:22.198+0800 [INFO]  provider: configuring client automatic mTLS
2026-07-07T23:34:22.204+0800 [DEBUG] provider: starting plugin: path=.terraform/providers/registry.terraform.io/hashicorp/vault/5.10.1/linux_amd64/terraform-provider-vault_v5.10.1_x5 args=[".terraform/providers/registry.terraform.io/hashicorp/vault/5.10.1/linux_amd64/terraform-provider-vault_v5.10.1_x5"]
2026-07-07T23:34:22.204+0800 [DEBUG] provider: plugin started: path=.terraform/providers/registry.terraform.io/hashicorp/vault/5.10.1/linux_amd64/terraform-provider-vault_v5.10.1_x5 pid=48643
2026-07-07T23:34:22.204+0800 [DEBUG] provider: waiting for RPC address: plugin=.terraform/providers/registry.terraform.io/hashicorp/vault/5.10.1/linux_amd64/terraform-provider-vault_v5.10.1_x5
2026-07-07T23:34:22.218+0800 [INFO]  provider.terraform-provider-vault_v5.10.1_x5: configuring server automatic mTLS: timestamp="2026-07-07T23:34:22.218+0800"
2026-07-07T23:34:22.225+0800 [DEBUG] provider: using plugin: version=5
2026-07-07T23:34:22.225+0800 [DEBUG] provider.terraform-provider-vault_v5.10.1_x5: plugin address: address=/tmp/plugin1975970279 network=unix timestamp="2026-07-07T23:34:22.225+0800"
2026-07-07T23:34:22.231+0800 [TRACE] GRPCProvider: GetProviderSchema
2026-07-07T23:34:22.231+0800 [TRACE] provider.stdio: waiting for stdio data
2026-07-07T23:34:22.231+0800 [TRACE] provider.terraform-provider-vault_v5.10.1_x5: Received request: tf_provider_addr=registry.terraform.io/hashicorp/vault tf_req_id=c7706ee4-ce49-f0d2-75b8-7b798a2427d6 tf_rpc=GetProviderSchema tf_proto_version=5.11 @caller=github.com/hashicorp/terraform-plugin-go@v0.31.0/tfprotov5/tf5server/server.go:544 @module=sdk.proto timestamp="2026-07-07T23:34:22.231+0800"
2026-07-07T23:34:22.232+0800 [TRACE] provider.terraform-provider-vault_v5.10.1_x5: Sending request downstream: @caller=github.com/hashicorp/terraform-plugin-go@v0.31.0/tfprotov5/internal/tf5serverlogging/downstream_request.go:22 tf_provider_addr=registry.terraform.io/hashicorp/vault @module=sdk.proto tf_proto_version=5.11 tf_req_id=c7706ee4-ce49-f0d2-75b8-7b798a2427d6 tf_rpc=GetProviderSchema timestamp="2026-07-07T23:34:22.231+0800"
2026-07-07T23:34:22.232+0800 [TRACE] provider.terraform-provider-vault_v5.10.1_x5: calling downstream server: @caller=github.com/hashicorp/terraform-plugin-mux@v0.23.1/internal/logging/mux.go:19 @module=sdk.mux tf_mux_provider="*schema.GRPCProviderServer" tf_rpc=GetProviderSchema timestamp="2026-07-07T23:34:22.231+0800"
2026-07-07T23:34:22.232+0800 [TRACE] provider.terraform-provider-vault_v5.10.1_x5: Getting provider schema: tf_provider_addr=registry.terraform.io/hashicorp/vault tf_req_id=c7706ee4-ce49-f0d2-75b8-7b798a2427d6 tf_rpc=GetProviderSchema @caller=github.com/hashicorp/terraform-plugin-sdk/v2@v2.40.1/helper/schema/grpc_provider.go:226 @module=sdk.helper_schema tf_mux_provider="*schema.GRPCProviderServer" timestamp="2026-07-07T23:34:22.231+0800"
2026-07-07T23:34:22.232+0800 [TRACE] provider.terraform-provider-vault_v5.10.1_x5: Found resource type: @caller=github.com/hashicorp/terraform-plugin-sdk/v2@v2.40.1/helper/schema/grpc_provider.go:247 tf_req_id=c7706ee4-ce49-f0d2-75b8-7b798a2427d6 tf_resource_type=vault_auth_backend @module=sdk.helper_schema tf_mux_provider="*schema.GRPCProviderServer" tf_provider_addr=registry.terraform.io/hashicorp/vault tf_rpc=GetProviderSchema timestamp="2026-07-07T23:34:22.232+0800"
2026-07-07T23:34:22.232+0800 [TRACE] provider.terraform-provider-vault_v5.10.1_x5: Found resource type: tf_mux_provider="*schema.GRPCProviderServer" tf_provider_addr=registry.terraform.io/hashicorp/vault tf_req_id=c7706ee4-ce49-f0d2-75b8-7b798a2427d6 tf_resource_type=vault_secrets_sync_azure_destination @caller=github.com/hashicorp/terraform-plugin-sdk/v2@v2.40.1/helper/schema/grpc_provider.go:247 @module=sdk.helper_schema tf_rpc=GetProviderSchema timestamp="2026-07-07T23:34:22.232+0800"
2026-07-07T23:34:22.232+0800 [TRACE] provider.terraform-provider-vault_v5.10.1_x5: Found resource type: @caller=github.com/hashicorp/terraform-plugin-sdk/v2@v2.40.1/helper/schema/grpc_provider.go:247 tf_req_id=c7706ee4-ce49-f0d2-75b8-7b798a2427d6 tf_rpc=GetProviderSchema @module=sdk.helper_schema tf_mux_provider="*schema.GRPCProviderServer" tf_provider_addr=registry.terraform.io/hashicorp/vault tf_resource_type=vault_alicloud_auth_backend_role timestamp="2026-07-07T23:34:22.232+0800"
2026-07-07T23:34:22.232+0800 [TRACE] provider.terraform-provider-vault_v5.10.1_x5: Found resource type: @module=sdk.helper_schema tf_req_id=c7706ee4-ce49-f0d2-75b8-7b798a2427d6 tf_resource_type=vault_identity_group @caller=github.com/hashicorp/terraform-plugin-sdk/v2@v2.40.1/helper/schema/grpc_provider.go:247 tf_mux_provider="*schema.GRPCProviderServer" tf_provider_addr=registry.terraform.io/hashicorp/vault tf_rpc=GetProviderSchema timestamp="2026-07-07T23:34:22.232+0800"
2026-07-07T23:34:22.232+0800 [TRACE] provider.terraform-provider-vault_v5.10.1_x5: Found resource type: tf_resource_type=vault_audit_request_header tf_mux_provider="*schema.GRPCProviderServer" tf_req_id=c7706ee4-ce49-f0d2-75b8-7b798a2427d6 tf_rpc=GetProviderSchema @caller=github.com/hashicorp/terraform-plugin-sdk/v2@v2.40.1/helper/schema/grpc_provider.go:247 @module=sdk.helper_schema tf_provider_addr=registry.terraform.io/hashicorp/vault timestamp="2026-07-07T23:34:22.232+0800"
2026-07-07T23:34:22.232+0800 [TRACE] provider.terraform-provider-vault_v5.10.1_x5: Found resource type: @module=sdk.helper_schema tf_req_id=c7706ee4-ce49-f0d2-75b8-7b798a2427d6 tf_rpc=GetProviderSchema @caller=github.com/hashicorp/terraform-plugin-sdk/v2@v2.40.1/helper/schema/grpc_provider.go:247 tf_mux_provider="*schema.GRPCProviderServer" tf_provider_addr=registry.terraform.io/hashicorp/vault tf_resource_type=vault_oci_auth_backend_role timestamp="2026-07-07T23:34:22.232+0800"
2026-07-07T23:34:22.232+0800 [TRACE] provider.terraform-provider-vault_v5.10.1_x5: Found resource type: tf_resource_type=vault_identity_oidc_key tf_rpc=GetProviderSchema @caller=github.com/hashicorp/terraform-plugin-sdk/v2@v2.40.1/helper/schema/grpc_provider.go:247 @module=sdk.helper_schema tf_mux_provider="*schema.GRPCProviderServer" tf_provider_addr=registry.terraform.io/hashicorp/vault tf_req_id=c7706ee4-ce49-f0d2-75b8-7b798a2427d6 timestamp="2026-07-07T23:34:22.232+0800"
2026-07-07T23:34:22.232+0800 [TRACE] provider.terraform-provider-vault_v5.10.1_x5: Found resource type: @module=sdk.helper_schema tf_req_id=c7706ee4-ce49-f0d2-75b8-7b798a2427d6 tf_resource_type=vault_azure_auth_backend_config tf_rpc=GetProviderSchema @caller=github.com/hashicorp/terraform-plugin-sdk/v2@v2.40.1/helper/schema/grpc_provider.go:247 tf_mux_provider="*schema.GRPCProviderServer" tf_provider_addr=registry.terraform.io/hashicorp/vault timestamp="2026-07-07T23:34:22.232+0800"
2026-07-07T23:34:22.232+0800 [TRACE] provider.terraform-provider-vault_v5.10.1_x5: Found resource type: @caller=github.com/hashicorp/terraform-plugin-sdk/v2@v2.40.1/helper/schema/grpc_provider.go:247 @module=sdk.helper_schema tf_req_id=c7706ee4-ce49-f0d2-75b8-7b798a2427d6 tf_resource_type=vault_ssh_secret_backend_role tf_mux_provider="*schema.GRPCProviderServer" tf_provider_addr=registry.terraform.io/hashicorp/vault tf_rpc=GetProviderSchema timestamp="2026-07-07T23:34:22.232+0800"
2026-07-07T23:34:22.232+0800 [TRACE] provider.terraform-provider-vault_v5.10.1_x5: Found resource type: @caller=github.com/hashicorp/terraform-plugin-sdk/v2@v2.40.1/helper/schema/grpc_provider.go:247 @module=sdk.helper_schema tf_provider_addr=registry.terraform.io/hashicorp/vault tf_rpc=GetProviderSchema tf_mux_provider="*schema.GRPCProviderServer" tf_req_id=c7706ee4-ce49-f0d2-75b8-7b798a2427d6 tf_resource_type=vault_quota_lease_count timestamp="2026-07-07T23:34:22.232+0800"
2026-07-07T23:34:22.232+0800 [TRACE] provider.terraform-provider-vault_v5.10.1_x5: Found resource type: @module=sdk.helper_schema tf_mux_provider="*schema.GRPCProviderServer" tf_provider_addr=registry.terraform.io/hashicorp/vault tf_req_id=c7706ee4-ce49-f0d2-75b8-7b798a2427d6 tf_resource_type=vault_azure_secret_backend_role tf_rpc=GetProviderSchema @caller=github.com/hashicorp/terraform-plugin-sdk/v2@v2.40.1/helper/schema/grpc_provider.go:247 timestamp="2026-07-07T23:34:22.232+0800"
2026-07-07T23:34:22.232+0800 [TRACE] provider.terraform-provider-vault_v5.10.1_x5: Found resource type: @caller=github.com/hashicorp/terraform-plugin-sdk/v2@v2.40.1/helper/schema/grpc_provider.go:247 tf_mux_provider="*schema.GRPCProviderServer" tf_provider_addr=registry.terraform.io/hashicorp/vault tf_rpc=GetProviderSchema @module=sdk.helper_schema tf_req_id=c7706ee4-ce49-f0d2-75b8-7b798a2427d6 tf_resource_type=vault_database_secret_backend_role timestamp="2026-07-07T23:34:22.232+0800"
2026-07-07T23:34:22.232+0800 [TRACE] provider.terraform-provider-vault_v5.10.1_x5: Found resource type: tf_mux_provider="*schema.GRPCProviderServer" tf_req_id=c7706ee4-ce49-f0d2-75b8-7b798a2427d6 tf_resource_type=vault_pki_secret_backend_root_sign_intermediate tf_provider_addr=registry.terraform.io/hashicorp/vault tf_rpc=GetProviderSchema @caller=github.com/hashicorp/terraform-plugin-sdk/v2@v2.40.1/helper/schema/grpc_provider.go:247 @module=sdk.helper_schema timestamp="2026-07-07T23:34:22.232+0800"
2026-07-07T23:34:22.232+0800 [TRACE] provider.terraform-provider-vault_v5.10.1_x5: Found resource type: @module=sdk.helper_schema tf_mux_provider="*schema.GRPCProviderServer" tf_req_id=c7706ee4-ce49-f0d2-75b8-7b798a2427d6 tf_resource_type=vault_aws_auth_backend_identity_whitelist tf_provider_addr=registry.terraform.io/hashicorp/vault tf_rpc=GetProviderSchema @caller=github.com/hashicorp/terraform-plugin-sdk/v2@v2.40.1/helper/schema/grpc_provider.go:247 timestamp="2026-07-07T23:34:22.232+0800"
2026-07-07T23:34:22.232+0800 [TRACE] provider.terraform-provider-vault_v5.10.1_x5: Found resource type: @module=sdk.helper_schema tf_mux_provider="*schema.GRPCProviderServer" tf_rpc=GetProviderSchema @caller=github.com/hashicorp/terraform-plugin-sdk/v2@v2.40.1/helper/schema/grpc_provider.go:247 tf_provider_addr=registry.terraform.io/hashicorp/vault tf_req_id=c7706ee4-ce49-f0d2-75b8-7b798a2427d6 tf_resource_type=vault_pki_secret_backend_config_acme timestamp="2026-07-07T23:34:22.232+0800"
2026-07-07T23:34:22.232+0800 [TRACE] provider.terraform-provider-vault_v5.10.1_x5: Found resource type: tf_resource_type=vault_saml_auth_backend tf_rpc=GetProviderSchema @caller=github.com/hashicorp/terraform-plugin-sdk/v2@v2.40.1/helper/schema/grpc_provider.go:247 @module=sdk.helper_schema tf_mux_provider="*schema.GRPCProviderServer" tf_provider_addr=registry.terraform.io/hashicorp/vault tf_req_id=c7706ee4-ce49-f0d2-75b8-7b798a2427d6 timestamp="2026-07-07T23:34:22.232+0800"
2026-07-07T23:34:22.232+0800 [TRACE] provider.terraform-provider-vault_v5.10.1_x5: Found resource type: tf_resource_type=vault_aws_auth_backend_sts_role tf_rpc=GetProviderSchema @caller=github.com/hashicorp/terraform-plugin-sdk/v2@v2.40.1/helper/schema/grpc_provider.go:247 @module=sdk.helper_schema tf_mux_provider="*schema.GRPCProviderServer" tf_provider_addr=registry.terraform.io/hashicorp/vault tf_req_id=c7706ee4-ce49-f0d2-75b8-7b798a2427d6 timestamp="2026-07-07T23:34:22.232+0800"
2026-07-07T23:34:22.232+0800 [TRACE] provider.terraform-provider-vault_v5.10.1_x5: Found resource type: @module=sdk.helper_schema tf_resource_type=vault_rgp_policy tf_rpc=GetProviderSchema @caller=github.com/hashicorp/terraform-plugin-sdk/v2@v2.40.1/helper/schema/grpc_provider.go:247 tf_mux_provider="*schema.GRPCProviderServer" tf_provider_addr=registry.terraform.io/hashicorp/vault tf_req_id=c7706ee4-ce49-f0d2-75b8-7b798a2427d6 timestamp="2026-07-07T23:34:22.232+0800"
2026-07-07T23:34:22.232+0800 [TRACE] provider.terraform-provider-vault_v5.10.1_x5: Found resource type: tf_provider_addr=registry.terraform.io/hashicorp/vault tf_resource_type=vault_gcp_auth_backend_role tf_mux_provider="*schema.GRPCProviderServer" tf_req_id=c7706ee4-ce49-f0d2-75b8-7b798a2427d6 tf_rpc=GetProviderSchema @caller=github.com/hashicorp/terraform-plugin-sdk/v2@v2.40.1/helper/schema/grpc_provider.go:247 @module=sdk.helper_schema timestamp="2026-07-07T23:34:22.232+0800"
2026-07-07T23:34:22.232+0800 [TRACE] provider.terraform-provider-vault_v5.10.1_x5: Found resource type: tf_provider_addr=registry.terraform.io/hashicorp/vault tf_rpc=GetProviderSchema @caller=github.com/hashicorp/terraform-plugin-sdk/v2@v2.40.1/helper/schema/grpc_provider.go:247 @module=sdk.helper_schema tf_mux_provider="*schema.GRPCProviderServer" tf_req_id=c7706ee4-ce49-f0d2-75b8-7b798a2427d6 tf_resource_type=vault_identity_oidc timestamp="2026-07-07T23:34:22.232+0800"
2026-07-07T23:34:22.232+0800 [TRACE] provider.terraform-provider-vault_v5.10.1_x5: Found resource type: tf_resource_type=vault_okta_auth_backend @caller=github.com/hashicorp/terraform-plugin-sdk/v2@v2.40.1/helper/schema/grpc_provider.go:247 tf_rpc=GetProviderSchema @module=sdk.helper_schema tf_mux_provider="*schema.GRPCProviderServer" tf_provider_addr=registry.terraform.io/hashicorp/vault tf_req_id=c7706ee4-ce49-f0d2-75b8-7b798a2427d6 timestamp="2026-07-07T23:34:22.232+0800"
2026-07-07T23:34:22.232+0800 [TRACE] provider.terraform-provider-vault_v5.10.1_x5: Found resource type: tf_resource_type=vault_identity_oidc_client @caller=github.com/hashicorp/terraform-plugin-sdk/v2@v2.40.1/helper/schema/grpc_provider.go:247 tf_mux_provider="*schema.GRPCProviderServer" tf_provider_addr=registry.terraform.io/hashicorp/vault tf_rpc=GetProviderSchema @module=sdk.helper_schema tf_req_id=c7706ee4-ce49-f0d2-75b8-7b798a2427d6 timestamp="2026-07-07T23:34:22.232+0800"
2026-07-07T23:34:22.232+0800 [TRACE] provider.terraform-provider-vault_v5.10.1_x5: Found resource type: tf_provider_addr=registry.terraform.io/hashicorp/vault tf_req_id=c7706ee4-ce49-f0d2-75b8-7b798a2427d6 tf_resource_type=vault_pki_secret_backend_role @caller=github.com/hashicorp/terraform-plugin-sdk/v2@v2.40.1/helper/schema/grpc_provider.go:247 @module=sdk.helper_schema tf_mux_provider="*schema.GRPCProviderServer" tf_rpc=GetProviderSchema timestamp="2026-07-07T23:34:22.232+0800"
2026-07-07T23:34:22.232+0800 [TRACE] provider.terraform-provider-vault_v5.10.1_x5: Found resource type: tf_resource_type=vault_identity_oidc_key_allowed_client_id @caller=github.com/hashicorp/terraform-plugin-sdk/v2@v2.40.1/helper/schema/grpc_provider.go:247 @module=sdk.helper_schema tf_mux_provider="*schema.GRPCProviderServer" tf_req_id=c7706ee4-ce49-f0d2-75b8-7b798a2427d6 tf_rpc=GetProviderSchema tf_provider_addr=registry.terraform.io/hashicorp/vault timestamp="2026-07-07T23:34:22.232+0800"
2026-07-07T23:34:22.232+0800 [TRACE] provider.terraform-provider-vault_v5.10.1_x5: Found resource type: @caller=github.com/hashicorp/terraform-plugin-sdk/v2@v2.40.1/helper/schema/grpc_provider.go:247 tf_provider_addr=registry.terraform.io/hashicorp/vault tf_req_id=c7706ee4-ce49-f0d2-75b8-7b798a2427d6 @module=sdk.helper_schema tf_mux_provider="*schema.GRPCProviderServer" tf_resource_type=vault_managed_keys tf_rpc=GetProviderSchema timestamp="2026-07-07T23:34:22.232+0800"
2026-07-07T23:34:22.232+0800 [TRACE] provider.terraform-provider-vault_v5.10.1_x5: Found resource type: tf_provider_addr=registry.terraform.io/hashicorp/vault tf_req_id=c7706ee4-ce49-f0d2-75b8-7b798a2427d6 @caller=github.com/hashicorp/terraform-plugin-sdk/v2@v2.40.1/helper/schema/grpc_provider.go:247 @module=sdk.helper_schema tf_mux_provider="*schema.GRPCProviderServer" tf_resource_type=vault_kubernetes_auth_backend_role tf_rpc=GetProviderSchema timestamp="2026-07-07T23:34:22.232+0800"
2026-07-07T23:34:22.232+0800 [TRACE] provider.terraform-provider-vault_v5.10.1_x5: Found resource type: tf_resource_type=vault_mfa_okta tf_rpc=GetProviderSchema @module=sdk.helper_schema @caller=github.com/hashicorp/terraform-plugin-sdk/v2@v2.40.1/helper/schema/grpc_provider.go:247 tf_mux_provider="*schema.GRPCProviderServer" tf_provider_addr=registry.terraform.io/hashicorp/vault tf_req_id=c7706ee4-ce49-f0d2-75b8-7b798a2427d6 timestamp="2026-07-07T23:34:22.232+0800"
2026-07-07T23:34:22.232+0800 [TRACE] provider.terraform-provider-vault_v5.10.1_x5: Found resource type: @caller=github.com/hashicorp/terraform-plugin-sdk/v2@v2.40.1/helper/schema/grpc_provider.go:247 tf_resource_type=vault_pki_secret_backend_config_issuers tf_rpc=GetProviderSchema @module=sdk.helper_schema tf_mux_provider="*schema.GRPCProviderServer" tf_provider_addr=registry.terraform.io/hashicorp/vault tf_req_id=c7706ee4-ce49-f0d2-75b8-7b798a2427d6 timestamp="2026-07-07T23:34:22.232+0800"
2026-07-07T23:34:22.232+0800 [TRACE] provider.terraform-provider-vault_v5.10.1_x5: Found resource type: tf_mux_provider="*schema.GRPCProviderServer" tf_req_id=c7706ee4-ce49-f0d2-75b8-7b798a2427d6 tf_resource_type=vault_aws_auth_backend_role @module=sdk.helper_schema tf_provider_addr=registry.terraform.io/hashicorp/vault tf_rpc=GetProviderSchema @caller=github.com/hashicorp/terraform-plugin-sdk/v2@v2.40.1/helper/schema/grpc_provider.go:247 timestamp="2026-07-07T23:34:22.232+0800"
2026-07-07T23:34:22.232+0800 [TRACE] provider.terraform-provider-vault_v5.10.1_x5: Found resource type: tf_provider_addr=registry.terraform.io/hashicorp/vault tf_req_id=c7706ee4-ce49-f0d2-75b8-7b798a2427d6 tf_rpc=GetProviderSchema @caller=github.com/hashicorp/terraform-plugin-sdk/v2@v2.40.1/helper/schema/grpc_provider.go:247 @module=sdk.helper_schema tf_mux_provider="*schema.GRPCProviderServer" tf_resource_type=vault_gcp_secret_roleset timestamp="2026-07-07T23:34:22.232+0800"
2026-07-07T23:34:22.232+0800 [TRACE] provider.terraform-provider-vault_v5.10.1_x5: Found resource type: tf_req_id=c7706ee4-ce49-f0d2-75b8-7b798a2427d6 tf_resource_type=vault_kubernetes_auth_backend_config tf_rpc=GetProviderSchema @caller=github.com/hashicorp/terraform-plugin-sdk/v2@v2.40.1/helper/schema/grpc_provider.go:247 @module=sdk.helper_schema tf_mux_provider="*schema.GRPCProviderServer" tf_provider_addr=registry.terraform.io/hashicorp/vault timestamp="2026-07-07T23:34:22.232+0800"
2026-07-07T23:34:22.232+0800 [TRACE] provider.terraform-provider-vault_v5.10.1_x5: Found resource type: tf_resource_type=vault_gcp_auth_backend tf_rpc=GetProviderSchema tf_mux_provider="*schema.GRPCProviderServer" tf_provider_addr=registry.terraform.io/hashicorp/vault tf_req_id=c7706ee4-ce49-f0d2-75b8-7b798a2427d6 @caller=github.com/hashicorp/terraform-plugin-sdk/v2@v2.40.1/helper/schema/grpc_provider.go:247 @module=sdk.helper_schema timestamp="2026-07-07T23:34:22.232+0800"
2026-07-07T23:34:22.232+0800 [TRACE] provider.terraform-provider-vault_v5.10.1_x5: Found resource type: tf_rpc=GetProviderSchema @module=sdk.helper_schema tf_mux_provider="*schema.GRPCProviderServer" tf_provider_addr=registry.terraform.io/hashicorp/vault tf_req_id=c7706ee4-ce49-f0d2-75b8-7b798a2427d6 tf_resource_type=vault_kmip_secret_backend @caller=github.com/hashicorp/terraform-plugin-sdk/v2@v2.40.1/helper/schema/grpc_provider.go:247 timestamp="2026-07-07T23:34:22.232+0800"
2026-07-07T23:34:22.232+0800 [TRACE] provider.terraform-provider-vault_v5.10.1_x5: Found resource type: tf_rpc=GetProviderSchema tf_mux_provider="*schema.GRPCProviderServer" tf_resource_type=vault_namespace @caller=github.com/hashicorp/terraform-plugin-sdk/v2@v2.40.1/helper/schema/grpc_provider.go:247 @module=sdk.helper_schema tf_provider_addr=registry.terraform.io/hashicorp/vault tf_req_id=c7706ee4-ce49-f0d2-75b8-7b798a2427d6 timestamp="2026-07-07T23:34:22.232+0800"
2026-07-07T23:34:22.232+0800 [TRACE] provider.terraform-provider-vault_v5.10.1_x5: Found resource type: @module=sdk.helper_schema tf_req_id=c7706ee4-ce49-f0d2-75b8-7b798a2427d6 tf_rpc=GetProviderSchema tf_mux_provider="*schema.GRPCProviderServer" tf_provider_addr=registry.terraform.io/hashicorp/vault tf_resource_type=vault_github_auth_backend @caller=github.com/hashicorp/terraform-plugin-sdk/v2@v2.40.1/helper/schema/grpc_provider.go:247 timestamp="2026-07-07T23:34:22.232+0800"
2026-07-07T23:34:22.232+0800 [TRACE] provider.terraform-provider-vault_v5.10.1_x5: Found resource type: tf_resource_type=vault_token_auth_backend_role tf_rpc=GetProviderSchema @caller=github.com/hashicorp/terraform-plugin-sdk/v2@v2.40.1/helper/schema/grpc_provider.go:247 @module=sdk.helper_schema tf_provider_addr=registry.terraform.io/hashicorp/vault tf_req_id=c7706ee4-ce49-f0d2-75b8-7b798a2427d6 tf_mux_provider="*schema.GRPCProviderServer" timestamp="2026-07-07T23:34:22.232+0800"
2026-07-07T23:34:22.232+0800 [TRACE] provider.terraform-provider-vault_v5.10.1_x5: Found resource type: tf_req_id=c7706ee4-ce49-f0d2-75b8-7b798a2427d6 tf_resource_type=vault_database_secret_backend_static_role tf_rpc=GetProviderSchema @module=sdk.helper_schema tf_mux_provider="*schema.GRPCProviderServer" tf_provider_addr=registry.terraform.io/hashicorp/vault @caller=github.com/hashicorp/terraform-plugin-sdk/v2@v2.40.1/helper/schema/grpc_provider.go:247 timestamp="2026-07-07T23:34:22.232+0800"
2026-07-07T23:34:22.232+0800 [TRACE] provider.terraform-provider-vault_v5.10.1_x5: Found resource type: tf_resource_type=vault_identity_entity_policies tf_rpc=GetProviderSchema @caller=github.com/hashicorp/terraform-plugin-sdk/v2@v2.40.1/helper/schema/grpc_provider.go:247 tf_mux_provider="*schema.GRPCProviderServer" tf_req_id=c7706ee4-ce49-f0d2-75b8-7b798a2427d6 @module=sdk.helper_schema tf_provider_addr=registry.terraform.io/hashicorp/vault timestamp="2026-07-07T23:34:22.232+0800"
2026-07-07T23:34:22.232+0800 [TRACE] provider.terraform-provider-vault_v5.10.1_x5: Found resource type: @module=sdk.helper_schema tf_provider_addr=registry.terraform.io/hashicorp/vault tf_rpc=GetProviderSchema @caller=github.com/hashicorp/terraform-plugin-sdk/v2@v2.40.1/helper/schema/grpc_provider.go:247 tf_mux_provider="*schema.GRPCProviderServer" tf_req_id=c7706ee4-ce49-f0d2-75b8-7b798a2427d6 tf_resource_type=vault_pki_secret_backend_key timestamp="2026-07-07T23:34:22.232+0800"
2026-07-07T23:34:22.232+0800 [TRACE] provider.terraform-provider-vault_v5.10.1_x5: Found resource type: tf_mux_provider="*schema.GRPCProviderServer" tf_provider_addr=registry.terraform.io/hashicorp/vault tf_resource_type=vault_mfa_pingid @caller=github.com/hashicorp/terraform-plugin-sdk/v2@v2.40.1/helper/schema/grpc_provider.go:247 @module=sdk.helper_schema tf_req_id=c7706ee4-ce49-f0d2-75b8-7b798a2427d6 tf_rpc=GetProviderSchema timestamp="2026-07-07T23:34:22.232+0800"
2026-07-07T23:34:22.232+0800 [TRACE] provider.terraform-provider-vault_v5.10.1_x5: Found resource type: @caller=github.com/hashicorp/terraform-plugin-sdk/v2@v2.40.1/helper/schema/grpc_provider.go:247 tf_mux_provider="*schema.GRPCProviderServer" tf_provider_addr=registry.terraform.io/hashicorp/vault tf_req_id=c7706ee4-ce49-f0d2-75b8-7b798a2427d6 tf_resource_type=vault_consul_secret_backend tf_rpc=GetProviderSchema @module=sdk.helper_schema timestamp="2026-07-07T23:34:22.232+0800"
2026-07-07T23:34:22.232+0800 [TRACE] provider.terraform-provider-vault_v5.10.1_x5: Found resource type: @caller=github.com/hashicorp/terraform-plugin-sdk/v2@v2.40.1/helper/schema/grpc_provider.go:247 @module=sdk.helper_schema tf_req_id=c7706ee4-ce49-f0d2-75b8-7b798a2427d6 tf_resource_type=vault_generic_secret tf_mux_provider="*schema.GRPCProviderServer" tf_provider_addr=registry.terraform.io/hashicorp/vault tf_rpc=GetProviderSchema timestamp="2026-07-07T23:34:22.232+0800"
2026-07-07T23:34:22.232+0800 [TRACE] provider.terraform-provider-vault_v5.10.1_x5: Found resource type: tf_rpc=GetProviderSchema @module=sdk.helper_schema tf_mux_provider="*schema.GRPCProviderServer" tf_provider_addr=registry.terraform.io/hashicorp/vault tf_resource_type=vault_nomad_secret_backend @caller=github.com/hashicorp/terraform-plugin-sdk/v2@v2.40.1/helper/schema/grpc_provider.go:247 tf_req_id=c7706ee4-ce49-f0d2-75b8-7b798a2427d6 timestamp="2026-07-07T23:34:22.232+0800"
2026-07-07T23:34:22.232+0800 [TRACE] provider.terraform-provider-vault_v5.10.1_x5: Found resource type: @module=sdk.helper_schema tf_provider_addr=registry.terraform.io/hashicorp/vault tf_resource_type=vault_ldap_auth_backend_user @caller=github.com/hashicorp/terraform-plugin-sdk/v2@v2.40.1/helper/schema/grpc_provider.go:247 tf_mux_provider="*schema.GRPCProviderServer" tf_req_id=c7706ee4-ce49-f0d2-75b8-7b798a2427d6 tf_rpc=GetProviderSchema timestamp="2026-07-07T23:34:22.232+0800"
2026-07-07T23:34:22.232+0800 [TRACE] provider.terraform-provider-vault_v5.10.1_x5: Found resource type: tf_mux_provider="*schema.GRPCProviderServer" tf_provider_addr=registry.terraform.io/hashicorp/vault tf_rpc=GetProviderSchema tf_req_id=c7706ee4-ce49-f0d2-75b8-7b798a2427d6 tf_resource_type=vault_secrets_sync_github_apps @caller=github.com/hashicorp/terraform-plugin-sdk/v2@v2.40.1/helper/schema/grpc_provider.go:247 @module=sdk.helper_schema timestamp="2026-07-07T23:34:22.232+0800"
2026-07-07T23:34:22.232+0800 [TRACE] provider.terraform-provider-vault_v5.10.1_x5: Found resource type: @module=sdk.helper_schema tf_mux_provider="*schema.GRPCProviderServer" tf_req_id=c7706ee4-ce49-f0d2-75b8-7b798a2427d6 tf_resource_type=vault_pki_secret_backend_config_cluster tf_rpc=GetProviderSchema @caller=github.com/hashicorp/terraform-plugin-sdk/v2@v2.40.1/helper/schema/grpc_provider.go:247 tf_provider_addr=registry.terraform.io/hashicorp/vault timestamp="2026-07-07T23:34:22.232+0800"
2026-07-07T23:34:22.232+0800 [TRACE] provider.terraform-provider-vault_v5.10.1_x5: Found resource type: @module=sdk.helper_schema tf_provider_addr=registry.terraform.io/hashicorp/vault tf_req_id=c7706ee4-ce49-f0d2-75b8-7b798a2427d6 tf_resource_type=vault_identity_entity_alias tf_rpc=GetProviderSchema @caller=github.com/hashicorp/terraform-plugin-sdk/v2@v2.40.1/helper/schema/grpc_provider.go:247 tf_mux_provider="*schema.GRPCProviderServer" timestamp="2026-07-07T23:34:22.232+0800"
2026-07-07T23:34:22.233+0800 [TRACE] provider.terraform-provider-vault_v5.10.1_x5: Found resource type: tf_provider_addr=registry.terraform.io/hashicorp/vault tf_resource_type=vault_consul_secret_backend_role tf_mux_provider="*schema.GRPCProviderServer" tf_req_id=c7706ee4-ce49-f0d2-75b8-7b798a2427d6 tf_rpc=GetProviderSchema @caller=github.com/hashicorp/terraform-plugin-sdk/v2@v2.40.1/helper/schema/grpc_provider.go:247 @module=sdk.helper_schema timestamp="2026-07-07T23:34:22.232+0800"
2026-07-07T23:34:22.233+0800 [TRACE] provider.terraform-provider-vault_v5.10.1_x5: Found resource type: @caller=github.com/hashicorp/terraform-plugin-sdk/v2@v2.40.1/helper/schema/grpc_provider.go:247 tf_mux_provider="*schema.GRPCProviderServer" tf_provider_addr=registry.terraform.io/hashicorp/vault @module=sdk.helper_schema tf_req_id=c7706ee4-ce49-f0d2-75b8-7b798a2427d6 tf_resource_type=vault_mfa_totp tf_rpc=GetProviderSchema timestamp="2026-07-07T23:34:22.232+0800"
2026-07-07T23:34:22.233+0800 [TRACE] provider.terraform-provider-vault_v5.10.1_x5: Found resource type: @caller=github.com/hashicorp/terraform-plugin-sdk/v2@v2.40.1/helper/schema/grpc_provider.go:247 @module=sdk.helper_schema tf_mux_provider="*schema.GRPCProviderServer" tf_rpc=GetProviderSchema tf_provider_addr=registry.terraform.io/hashicorp/vault tf_req_id=c7706ee4-ce49-f0d2-75b8-7b798a2427d6 tf_resource_type=vault_identity_oidc_role timestamp="2026-07-07T23:34:22.232+0800"
2026-07-07T23:34:22.233+0800 [TRACE] provider.terraform-provider-vault_v5.10.1_x5: Found resource type: @module=sdk.helper_schema @caller=github.com/hashicorp/terraform-plugin-sdk/v2@v2.40.1/helper/schema/grpc_provider.go:247 tf_mux_provider="*schema.GRPCProviderServer" tf_provider_addr=registry.terraform.io/hashicorp/vault tf_req_id=c7706ee4-ce49-f0d2-75b8-7b798a2427d6 tf_resource_type=vault_pki_secret_backend_acme_eab tf_rpc=GetProviderSchema timestamp="2026-07-07T23:34:22.232+0800"
2026-07-07T23:34:22.233+0800 [TRACE] provider.terraform-provider-vault_v5.10.1_x5: Found resource type: tf_mux_provider="*schema.GRPCProviderServer" tf_provider_addr=registry.terraform.io/hashicorp/vault tf_rpc=GetProviderSchema @caller=github.com/hashicorp/terraform-plugin-sdk/v2@v2.40.1/helper/schema/grpc_provider.go:247 @module=sdk.helper_schema tf_req_id=c7706ee4-ce49-f0d2-75b8-7b798a2427d6 tf_resource_type=vault_gcp_secret_backend timestamp="2026-07-07T23:34:22.232+0800"
2026-07-07T23:34:22.233+0800 [TRACE] provider.terraform-provider-vault_v5.10.1_x5: Found resource type: @module=sdk.helper_schema tf_req_id=c7706ee4-ce49-f0d2-75b8-7b798a2427d6 tf_mux_provider="*schema.GRPCProviderServer" tf_provider_addr=registry.terraform.io/hashicorp/vault tf_resource_type=vault_terraform_cloud_secret_backend tf_rpc=GetProviderSchema @caller=github.com/hashicorp/terraform-plugin-sdk/v2@v2.40.1/helper/schema/grpc_provider.go:247 timestamp="2026-07-07T23:34:22.233+0800"
2026-07-07T23:34:22.233+0800 [TRACE] provider.terraform-provider-vault_v5.10.1_x5: Found resource type: @module=sdk.helper_schema tf_req_id=c7706ee4-ce49-f0d2-75b8-7b798a2427d6 tf_resource_type=vault_mfa_duo @caller=github.com/hashicorp/terraform-plugin-sdk/v2@v2.40.1/helper/schema/grpc_provider.go:247 tf_mux_provider="*schema.GRPCProviderServer" tf_provider_addr=registry.terraform.io/hashicorp/vault tf_rpc=GetProviderSchema timestamp="2026-07-07T23:34:22.233+0800"
2026-07-07T23:34:22.233+0800 [TRACE] provider.terraform-provider-vault_v5.10.1_x5: Found resource type: tf_provider_addr=registry.terraform.io/hashicorp/vault tf_req_id=c7706ee4-ce49-f0d2-75b8-7b798a2427d6 tf_resource_type=vault_kv_secret_backend_v2 tf_rpc=GetProviderSchema @caller=github.com/hashicorp/terraform-plugin-sdk/v2@v2.40.1/helper/schema/grpc_provider.go:247 @module=sdk.helper_schema tf_mux_provider="*schema.GRPCProviderServer" timestamp="2026-07-07T23:34:22.233+0800"
2026-07-07T23:34:22.233+0800 [TRACE] provider.terraform-provider-vault_v5.10.1_x5: Found resource type: tf_mux_provider="*schema.GRPCProviderServer" tf_provider_addr=registry.terraform.io/hashicorp/vault tf_rpc=GetProviderSchema tf_req_id=c7706ee4-ce49-f0d2-75b8-7b798a2427d6 tf_resource_type=vault_pki_secret_backend_config_ca @caller=github.com/hashicorp/terraform-plugin-sdk/v2@v2.40.1/helper/schema/grpc_provider.go:247 @module=sdk.helper_schema timestamp="2026-07-07T23:34:22.233+0800"
2026-07-07T23:34:22.233+0800 [TRACE] provider.terraform-provider-vault_v5.10.1_x5: Found resource type: @caller=github.com/hashicorp/terraform-plugin-sdk/v2@v2.40.1/helper/schema/grpc_provider.go:247 @module=sdk.helper_schema tf_resource_type=vault_secrets_sync_gh_destination tf_mux_provider="*schema.GRPCProviderServer" tf_provider_addr=registry.terraform.io/hashicorp/vault tf_req_id=c7706ee4-ce49-f0d2-75b8-7b798a2427d6 tf_rpc=GetProviderSchema timestamp="2026-07-07T23:34:22.233+0800"
2026-07-07T23:34:22.233+0800 [TRACE] provider.terraform-provider-vault_v5.10.1_x5: Found resource type: @module=sdk.helper_schema tf_mux_provider="*schema.GRPCProviderServer" tf_provider_addr=registry.terraform.io/hashicorp/vault tf_req_id=c7706ee4-ce49-f0d2-75b8-7b798a2427d6 tf_resource_type=vault_pki_secret_backend_crl_config tf_rpc=GetProviderSchema @caller=github.com/hashicorp/terraform-plugin-sdk/v2@v2.40.1/helper/schema/grpc_provider.go:247 timestamp="2026-07-07T23:34:22.233+0800"
2026-07-07T23:34:22.233+0800 [TRACE] provider.terraform-provider-vault_v5.10.1_x5: Found resource type: tf_mux_provider="*schema.GRPCProviderServer" tf_provider_addr=registry.terraform.io/hashicorp/vault tf_req_id=c7706ee4-ce49-f0d2-75b8-7b798a2427d6 tf_rpc=GetProviderSchema @caller=github.com/hashicorp/terraform-plugin-sdk/v2@v2.40.1/helper/schema/grpc_provider.go:247 tf_resource_type=vault_pki_secret_backend_config_scep @module=sdk.helper_schema timestamp="2026-07-07T23:34:22.233+0800"
2026-07-07T23:34:22.233+0800 [TRACE] provider.terraform-provider-vault_v5.10.1_x5: Found resource type: @module=sdk.helper_schema tf_provider_addr=registry.terraform.io/hashicorp/vault tf_req_id=c7706ee4-ce49-f0d2-75b8-7b798a2427d6 @caller=github.com/hashicorp/terraform-plugin-sdk/v2@v2.40.1/helper/schema/grpc_provider.go:247 tf_mux_provider="*schema.GRPCProviderServer" tf_resource_type=vault_azure_auth_backend_role tf_rpc=GetProviderSchema timestamp="2026-07-07T23:34:22.233+0800"
2026-07-07T23:34:22.233+0800 [TRACE] provider.terraform-provider-vault_v5.10.1_x5: Found resource type: tf_resource_type=vault_kubernetes_secret_backend_role tf_rpc=GetProviderSchema @caller=github.com/hashicorp/terraform-plugin-sdk/v2@v2.40.1/helper/schema/grpc_provider.go:247 @module=sdk.helper_schema tf_mux_provider="*schema.GRPCProviderServer" tf_req_id=c7706ee4-ce49-f0d2-75b8-7b798a2427d6 tf_provider_addr=registry.terraform.io/hashicorp/vault timestamp="2026-07-07T23:34:22.233+0800"
2026-07-07T23:34:22.233+0800 [TRACE] provider.terraform-provider-vault_v5.10.1_x5: Found resource type: @module=sdk.helper_schema tf_provider_addr=registry.terraform.io/hashicorp/vault tf_resource_type=vault_config_ui_custom_message tf_rpc=GetProviderSchema @caller=github.com/hashicorp/terraform-plugin-sdk/v2@v2.40.1/helper/schema/grpc_provider.go:247 tf_mux_provider="*schema.GRPCProviderServer" tf_req_id=c7706ee4-ce49-f0d2-75b8-7b798a2427d6 timestamp="2026-07-07T23:34:22.233+0800"
2026-07-07T23:34:22.233+0800 [TRACE] provider.terraform-provider-vault_v5.10.1_x5: Found resource type: tf_resource_type=vault_ad_secret_role tf_rpc=GetProviderSchema @caller=github.com/hashicorp/terraform-plugin-sdk/v2@v2.40.1/helper/schema/grpc_provider.go:247 tf_mux_provider="*schema.GRPCProviderServer" @module=sdk.helper_schema tf_provider_addr=registry.terraform.io/hashicorp/vault tf_req_id=c7706ee4-ce49-f0d2-75b8-7b798a2427d6 timestamp="2026-07-07T23:34:22.233+0800"
2026-07-07T23:34:22.233+0800 [TRACE] provider.terraform-provider-vault_v5.10.1_x5: Found resource type: tf_mux_provider="*schema.GRPCProviderServer" tf_provider_addr=registry.terraform.io/hashicorp/vault tf_req_id=c7706ee4-ce49-f0d2-75b8-7b798a2427d6 tf_resource_type=vault_secrets_sync_association @caller=github.com/hashicorp/terraform-plugin-sdk/v2@v2.40.1/helper/schema/grpc_provider.go:247 tf_rpc=GetProviderSchema @module=sdk.helper_schema timestamp="2026-07-07T23:34:22.233+0800"
2026-07-07T23:34:22.233+0800 [TRACE] provider.terraform-provider-vault_v5.10.1_x5: Found resource type: @module=sdk.helper_schema tf_provider_addr=registry.terraform.io/hashicorp/vault tf_req_id=c7706ee4-ce49-f0d2-75b8-7b798a2427d6 tf_resource_type=vault_aws_auth_backend_role_tag @caller=github.com/hashicorp/terraform-plugin-sdk/v2@v2.40.1/helper/schema/grpc_provider.go:247 tf_mux_provider="*schema.GRPCProviderServer" tf_rpc=GetProviderSchema timestamp="2026-07-07T23:34:22.233+0800"
2026-07-07T23:34:22.233+0800 [TRACE] provider.terraform-provider-vault_v5.10.1_x5: Found resource type: tf_req_id=c7706ee4-ce49-f0d2-75b8-7b798a2427d6 tf_rpc=GetProviderSchema tf_mux_provider="*schema.GRPCProviderServer" tf_provider_addr=registry.terraform.io/hashicorp/vault tf_resource_type=vault_kmip_secret_scope @caller=github.com/hashicorp/terraform-plugin-sdk/v2@v2.40.1/helper/schema/grpc_provider.go:247 @module=sdk.helper_schema timestamp="2026-07-07T23:34:22.233+0800"
2026-07-07T23:34:22.233+0800 [TRACE] provider.terraform-provider-vault_v5.10.1_x5: Found resource type: tf_mux_provider="*schema.GRPCProviderServer" tf_provider_addr=registry.terraform.io/hashicorp/vault tf_resource_type=vault_okta_auth_backend_group tf_rpc=GetProviderSchema @caller=github.com/hashicorp/terraform-plugin-sdk/v2@v2.40.1/helper/schema/grpc_provider.go:247 @module=sdk.helper_schema tf_req_id=c7706ee4-ce49-f0d2-75b8-7b798a2427d6 timestamp="2026-07-07T23:34:22.233+0800"
2026-07-07T23:34:22.233+0800 [TRACE] provider.terraform-provider-vault_v5.10.1_x5: Found resource type: @module=sdk.helper_schema tf_mux_provider="*schema.GRPCProviderServer" tf_provider_addr=registry.terraform.io/hashicorp/vault tf_resource_type=vault_mongodbatlas_secret_role tf_rpc=GetProviderSchema @caller=github.com/hashicorp/terraform-plugin-sdk/v2@v2.40.1/helper/schema/grpc_provider.go:247 tf_req_id=c7706ee4-ce49-f0d2-75b8-7b798a2427d6 timestamp="2026-07-07T23:34:22.233+0800"
2026-07-07T23:34:22.233+0800 [TRACE] provider.terraform-provider-vault_v5.10.1_x5: Found resource type: tf_mux_provider="*schema.GRPCProviderServer" tf_req_id=c7706ee4-ce49-f0d2-75b8-7b798a2427d6 @module=sdk.helper_schema tf_provider_addr=registry.terraform.io/hashicorp/vault tf_resource_type=vault_pki_secret_backend_config_cmpv2 tf_rpc=GetProviderSchema @caller=github.com/hashicorp/terraform-plugin-sdk/v2@v2.40.1/helper/schema/grpc_provider.go:247 timestamp="2026-07-07T23:34:22.233+0800"
2026-07-07T23:34:22.233+0800 [TRACE] provider.terraform-provider-vault_v5.10.1_x5: Found resource type: @caller=github.com/hashicorp/terraform-plugin-sdk/v2@v2.40.1/helper/schema/grpc_provider.go:247 @module=sdk.helper_schema tf_mux_provider="*schema.GRPCProviderServer" tf_provider_addr=registry.terraform.io/hashicorp/vault tf_rpc=GetProviderSchema tf_req_id=c7706ee4-ce49-f0d2-75b8-7b798a2427d6 tf_resource_type=vault_jwt_auth_backend_role timestamp="2026-07-07T23:34:22.233+0800"
2026-07-07T23:34:22.233+0800 [TRACE] provider.terraform-provider-vault_v5.10.1_x5: Found resource type: @caller=github.com/hashicorp/terraform-plugin-sdk/v2@v2.40.1/helper/schema/grpc_provider.go:247 tf_req_id=c7706ee4-ce49-f0d2-75b8-7b798a2427d6 tf_rpc=GetProviderSchema @module=sdk.helper_schema tf_mux_provider="*schema.GRPCProviderServer" tf_provider_addr=registry.terraform.io/hashicorp/vault tf_resource_type=vault_github_team timestamp="2026-07-07T23:34:22.233+0800"
2026-07-07T23:34:22.233+0800 [TRACE] provider.terraform-provider-vault_v5.10.1_x5: Found resource type: tf_rpc=GetProviderSchema @caller=github.com/hashicorp/terraform-plugin-sdk/v2@v2.40.1/helper/schema/grpc_provider.go:247 @module=sdk.helper_schema tf_provider_addr=registry.terraform.io/hashicorp/vault tf_req_id=c7706ee4-ce49-f0d2-75b8-7b798a2427d6 tf_resource_type=vault_ldap_auth_backend tf_mux_provider="*schema.GRPCProviderServer" timestamp="2026-07-07T23:34:22.233+0800"
2026-07-07T23:34:22.233+0800 [TRACE] provider.terraform-provider-vault_v5.10.1_x5: Found resource type: tf_mux_provider="*schema.GRPCProviderServer" tf_req_id=c7706ee4-ce49-f0d2-75b8-7b798a2427d6 tf_resource_type=vault_audit tf_rpc=GetProviderSchema tf_provider_addr=registry.terraform.io/hashicorp/vault @caller=github.com/hashicorp/terraform-plugin-sdk/v2@v2.40.1/helper/schema/grpc_provider.go:247 @module=sdk.helper_schema timestamp="2026-07-07T23:34:22.233+0800"
2026-07-07T23:34:22.233+0800 [TRACE] provider.terraform-provider-vault_v5.10.1_x5: Found resource type: tf_req_id=c7706ee4-ce49-f0d2-75b8-7b798a2427d6 tf_resource_type=vault_database_secret_backend_connection tf_rpc=GetProviderSchema @caller=github.com/hashicorp/terraform-plugin-sdk/v2@v2.40.1/helper/schema/grpc_provider.go:247 @module=sdk.helper_schema tf_mux_provider="*schema.GRPCProviderServer" tf_provider_addr=registry.terraform.io/hashicorp/vault timestamp="2026-07-07T23:34:22.233+0800"
2026-07-07T23:34:22.233+0800 [TRACE] provider.terraform-provider-vault_v5.10.1_x5: Found resource type: tf_provider_addr=registry.terraform.io/hashicorp/vault tf_req_id=c7706ee4-ce49-f0d2-75b8-7b798a2427d6 tf_resource_type=vault_azure_secret_backend tf_rpc=GetProviderSchema @caller=github.com/hashicorp/terraform-plugin-sdk/v2@v2.40.1/helper/schema/grpc_provider.go:247 @module=sdk.helper_schema tf_mux_provider="*schema.GRPCProviderServer" timestamp="2026-07-07T23:34:22.233+0800"
2026-07-07T23:34:22.233+0800 [TRACE] provider.terraform-provider-vault_v5.10.1_x5: Found resource type: tf_provider_addr=registry.terraform.io/hashicorp/vault tf_resource_type=vault_aws_auth_backend_login tf_rpc=GetProviderSchema @caller=github.com/hashicorp/terraform-plugin-sdk/v2@v2.40.1/helper/schema/grpc_provider.go:247 @module=sdk.helper_schema tf_mux_provider="*schema.GRPCProviderServer" tf_req_id=c7706ee4-ce49-f0d2-75b8-7b798a2427d6 timestamp="2026-07-07T23:34:22.233+0800"
2026-07-07T23:34:22.233+0800 [TRACE] provider.terraform-provider-vault_v5.10.1_x5: Found resource type: @module=sdk.helper_schema tf_mux_provider="*schema.GRPCProviderServer" tf_req_id=c7706ee4-ce49-f0d2-75b8-7b798a2427d6 @caller=github.com/hashicorp/terraform-plugin-sdk/v2@v2.40.1/helper/schema/grpc_provider.go:247 tf_provider_addr=registry.terraform.io/hashicorp/vault tf_resource_type=vault_aws_auth_backend_config_identity tf_rpc=GetProviderSchema timestamp="2026-07-07T23:34:22.233+0800"
2026-07-07T23:34:22.233+0800 [TRACE] provider.terraform-provider-vault_v5.10.1_x5: Found resource type: @module=sdk.helper_schema tf_mux_provider="*schema.GRPCProviderServer" tf_req_id=c7706ee4-ce49-f0d2-75b8-7b798a2427d6 tf_rpc=GetProviderSchema @caller=github.com/hashicorp/terraform-plugin-sdk/v2@v2.40.1/helper/schema/grpc_provider.go:247 tf_provider_addr=registry.terraform.io/hashicorp/vault tf_resource_type=vault_identity_group_alias timestamp="2026-07-07T23:34:22.233+0800"
2026-07-07T23:34:22.233+0800 [TRACE] provider.terraform-provider-vault_v5.10.1_x5: Found resource type: tf_rpc=GetProviderSchema tf_provider_addr=registry.terraform.io/hashicorp/vault tf_resource_type=vault_jwt_auth_backend @caller=github.com/hashicorp/terraform-plugin-sdk/v2@v2.40.1/helper/schema/grpc_provider.go:247 @module=sdk.helper_schema tf_mux_provider="*schema.GRPCProviderServer" tf_req_id=c7706ee4-ce49-f0d2-75b8-7b798a2427d6 timestamp="2026-07-07T23:34:22.233+0800"
2026-07-07T23:34:22.233+0800 [TRACE] provider.terraform-provider-vault_v5.10.1_x5: Found resource type: @caller=github.com/hashicorp/terraform-plugin-sdk/v2@v2.40.1/helper/schema/grpc_provider.go:247 @module=sdk.helper_schema tf_mux_provider="*schema.GRPCProviderServer" tf_req_id=c7706ee4-ce49-f0d2-75b8-7b798a2427d6 tf_resource_type=vault_plugin_pinned_version tf_provider_addr=registry.terraform.io/hashicorp/vault tf_rpc=GetProviderSchema timestamp="2026-07-07T23:34:22.233+0800"
2026-07-07T23:34:22.233+0800 [TRACE] provider.terraform-provider-vault_v5.10.1_x5: Found resource type: tf_mux_provider="*schema.GRPCProviderServer" tf_provider_addr=registry.terraform.io/hashicorp/vault tf_req_id=c7706ee4-ce49-f0d2-75b8-7b798a2427d6 @caller=github.com/hashicorp/terraform-plugin-sdk/v2@v2.40.1/helper/schema/grpc_provider.go:247 @module=sdk.helper_schema tf_resource_type=vault_cert_auth_backend_role tf_rpc=GetProviderSchema timestamp="2026-07-07T23:34:22.233+0800"
2026-07-07T23:34:22.233+0800 [TRACE] provider.terraform-provider-vault_v5.10.1_x5: Found resource type: tf_rpc=GetProviderSchema @module=sdk.helper_schema tf_mux_provider="*schema.GRPCProviderServer" tf_provider_addr=registry.terraform.io/hashicorp/vault @caller=github.com/hashicorp/terraform-plugin-sdk/v2@v2.40.1/helper/schema/grpc_provider.go:247 tf_req_id=c7706ee4-ce49-f0d2-75b8-7b798a2427d6 tf_resource_type=vault_aws_auth_backend_client timestamp="2026-07-07T23:34:22.233+0800"
2026-07-07T23:34:22.233+0800 [TRACE] provider.terraform-provider-vault_v5.10.1_x5: Found resource type: tf_mux_provider="*schema.GRPCProviderServer" tf_resource_type=vault_scep_auth_backend_role tf_rpc=GetProviderSchema @caller=github.com/hashicorp/terraform-plugin-sdk/v2@v2.40.1/helper/schema/grpc_provider.go:247 @module=sdk.helper_schema tf_provider_addr=registry.terraform.io/hashicorp/vault tf_req_id=c7706ee4-ce49-f0d2-75b8-7b798a2427d6 timestamp="2026-07-07T23:34:22.233+0800"
2026-07-07T23:34:22.233+0800 [TRACE] provider.terraform-provider-vault_v5.10.1_x5: Found resource type: @module=sdk.helper_schema tf_mux_provider="*schema.GRPCProviderServer" tf_provider_addr=registry.terraform.io/hashicorp/vault tf_req_id=c7706ee4-ce49-f0d2-75b8-7b798a2427d6 @caller=github.com/hashicorp/terraform-plugin-sdk/v2@v2.40.1/helper/schema/grpc_provider.go:247 tf_resource_type=vault_approle_auth_backend_role_secret_id tf_rpc=GetProviderSchema timestamp="2026-07-07T23:34:22.233+0800"
2026-07-07T23:34:22.233+0800 [TRACE] provider.terraform-provider-vault_v5.10.1_x5: Found resource type: tf_rpc=GetProviderSchema @caller=github.com/hashicorp/terraform-plugin-sdk/v2@v2.40.1/helper/schema/grpc_provider.go:247 @module=sdk.helper_schema tf_provider_addr=registry.terraform.io/hashicorp/vault tf_resource_type=vault_saml_auth_backend_role tf_mux_provider="*schema.GRPCProviderServer" tf_req_id=c7706ee4-ce49-f0d2-75b8-7b798a2427d6 timestamp="2026-07-07T23:34:22.233+0800"
2026-07-07T23:34:22.233+0800 [TRACE] provider.terraform-provider-vault_v5.10.1_x5: Found resource type: @module=sdk.helper_schema tf_req_id=c7706ee4-ce49-f0d2-75b8-7b798a2427d6 tf_rpc=GetProviderSchema tf_mux_provider="*schema.GRPCProviderServer" tf_provider_addr=registry.terraform.io/hashicorp/vault tf_resource_type=vault_pki_secret_backend_intermediate_cert_request @caller=github.com/hashicorp/terraform-plugin-sdk/v2@v2.40.1/helper/schema/grpc_provider.go:247 timestamp="2026-07-07T23:34:22.233+0800"
2026-07-07T23:34:22.233+0800 [TRACE] provider.terraform-provider-vault_v5.10.1_x5: Found resource type: @caller=github.com/hashicorp/terraform-plugin-sdk/v2@v2.40.1/helper/schema/grpc_provider.go:247 @module=sdk.helper_schema tf_mux_provider="*schema.GRPCProviderServer" tf_req_id=c7706ee4-ce49-f0d2-75b8-7b798a2427d6 tf_rpc=GetProviderSchema tf_provider_addr=registry.terraform.io/hashicorp/vault tf_resource_type=vault_transform_transformation timestamp="2026-07-07T23:34:22.233+0800"
2026-07-07T23:34:22.233+0800 [TRACE] provider.terraform-provider-vault_v5.10.1_x5: Found resource type: tf_mux_provider="*schema.GRPCProviderServer" tf_req_id=c7706ee4-ce49-f0d2-75b8-7b798a2427d6 tf_resource_type=vault_database_secrets_mount tf_rpc=GetProviderSchema @caller=github.com/hashicorp/terraform-plugin-sdk/v2@v2.40.1/helper/schema/grpc_provider.go:247 @module=sdk.helper_schema tf_provider_addr=registry.terraform.io/hashicorp/vault timestamp="2026-07-07T23:34:22.233+0800"
2026-07-07T23:34:22.233+0800 [TRACE] provider.terraform-provider-vault_v5.10.1_x5: Found resource type: tf_provider_addr=registry.terraform.io/hashicorp/vault tf_req_id=c7706ee4-ce49-f0d2-75b8-7b798a2427d6 @caller=github.com/hashicorp/terraform-plugin-sdk/v2@v2.40.1/helper/schema/grpc_provider.go:247 @module=sdk.helper_schema tf_resource_type=vault_ssh_secret_backend_ca tf_rpc=GetProviderSchema tf_mux_provider="*schema.GRPCProviderServer" timestamp="2026-07-07T23:34:22.233+0800"
2026-07-07T23:34:22.234+0800 [TRACE] provider.terraform-provider-vault_v5.10.1_x5: Found resource type: tf_mux_provider="*schema.GRPCProviderServer" tf_resource_type=vault_transit_secret_backend_key @caller=github.com/hashicorp/terraform-plugin-sdk/v2@v2.40.1/helper/schema/grpc_provider.go:247 @module=sdk.helper_schema tf_provider_addr=registry.terraform.io/hashicorp/vault tf_req_id=c7706ee4-ce49-f0d2-75b8-7b798a2427d6 tf_rpc=GetProviderSchema timestamp="2026-07-07T23:34:22.233+0800"
2026-07-07T23:34:22.234+0800 [TRACE] provider.terraform-provider-vault_v5.10.1_x5: Found resource type: @module=sdk.helper_schema tf_req_id=c7706ee4-ce49-f0d2-75b8-7b798a2427d6 tf_resource_type=vault_rabbitmq_secret_backend tf_rpc=GetProviderSchema @caller=github.com/hashicorp/terraform-plugin-sdk/v2@v2.40.1/helper/schema/grpc_provider.go:247 tf_mux_provider="*schema.GRPCProviderServer" tf_provider_addr=registry.terraform.io/hashicorp/vault timestamp="2026-07-07T23:34:22.234+0800"
2026-07-07T23:34:22.234+0800 [TRACE] provider.terraform-provider-vault_v5.10.1_x5: Found resource type: @module=sdk.helper_schema tf_rpc=GetProviderSchema @caller=github.com/hashicorp/terraform-plugin-sdk/v2@v2.40.1/helper/schema/grpc_provider.go:247 tf_mux_provider="*schema.GRPCProviderServer" tf_provider_addr=registry.terraform.io/hashicorp/vault tf_req_id=c7706ee4-ce49-f0d2-75b8-7b798a2427d6 tf_resource_type=vault_kv_secret timestamp="2026-07-07T23:34:22.234+0800"
2026-07-07T23:34:22.234+0800 [TRACE] provider.terraform-provider-vault_v5.10.1_x5: Found resource type: @module=sdk.helper_schema tf_mux_provider="*schema.GRPCProviderServer" tf_provider_addr=registry.terraform.io/hashicorp/vault @caller=github.com/hashicorp/terraform-plugin-sdk/v2@v2.40.1/helper/schema/grpc_provider.go:247 tf_req_id=c7706ee4-ce49-f0d2-75b8-7b798a2427d6 tf_resource_type=vault_identity_group_member_entity_ids tf_rpc=GetProviderSchema timestamp="2026-07-07T23:34:22.234+0800"
2026-07-07T23:34:22.234+0800 [TRACE] provider.terraform-provider-vault_v5.10.1_x5: Found resource type: tf_provider_addr=registry.terraform.io/hashicorp/vault tf_req_id=c7706ee4-ce49-f0d2-75b8-7b798a2427d6 tf_resource_type=vault_terraform_cloud_secret_role tf_mux_provider="*schema.GRPCProviderServer" tf_rpc=GetProviderSchema @caller=github.com/hashicorp/terraform-plugin-sdk/v2@v2.40.1/helper/schema/grpc_provider.go:247 @module=sdk.helper_schema timestamp="2026-07-07T23:34:22.234+0800"
2026-07-07T23:34:22.234+0800 [TRACE] provider.terraform-provider-vault_v5.10.1_x5: Found resource type: tf_resource_type=vault_kv_secret_v2 tf_rpc=GetProviderSchema @module=sdk.helper_schema tf_provider_addr=registry.terraform.io/hashicorp/vault tf_req_id=c7706ee4-ce49-f0d2-75b8-7b798a2427d6 @caller=github.com/hashicorp/terraform-plugin-sdk/v2@v2.40.1/helper/schema/grpc_provider.go:247 tf_mux_provider="*schema.GRPCProviderServer" timestamp="2026-07-07T23:34:22.234+0800"
2026-07-07T23:34:22.234+0800 [TRACE] provider.terraform-provider-vault_v5.10.1_x5: Found resource type: tf_mux_provider="*schema.GRPCProviderServer" tf_provider_addr=registry.terraform.io/hashicorp/vault tf_resource_type=vault_aws_secret_backend_static_role tf_rpc=GetProviderSchema @module=sdk.helper_schema tf_req_id=c7706ee4-ce49-f0d2-75b8-7b798a2427d6 @caller=github.com/hashicorp/terraform-plugin-sdk/v2@v2.40.1/helper/schema/grpc_provider.go:247 timestamp="2026-07-07T23:34:22.234+0800"
2026-07-07T23:34:22.234+0800 [TRACE] provider.terraform-provider-vault_v5.10.1_x5: Found resource type: tf_provider_addr=registry.terraform.io/hashicorp/vault tf_req_id=c7706ee4-ce49-f0d2-75b8-7b798a2427d6 tf_rpc=GetProviderSchema @caller=github.com/hashicorp/terraform-plugin-sdk/v2@v2.40.1/helper/schema/grpc_provider.go:247 @module=sdk.helper_schema tf_mux_provider="*schema.GRPCProviderServer" tf_resource_type=vault_transform_role timestamp="2026-07-07T23:34:22.234+0800"
2026-07-07T23:34:22.234+0800 [TRACE] provider.terraform-provider-vault_v5.10.1_x5: Found resource type: tf_resource_type=vault_kmip_secret_role tf_rpc=GetProviderSchema @module=sdk.helper_schema tf_mux_provider="*schema.GRPCProviderServer" tf_req_id=c7706ee4-ce49-f0d2-75b8-7b798a2427d6 @caller=github.com/hashicorp/terraform-plugin-sdk/v2@v2.40.1/helper/schema/grpc_provider.go:247 tf_provider_addr=registry.terraform.io/hashicorp/vault timestamp="2026-07-07T23:34:22.234+0800"
2026-07-07T23:34:22.234+0800 [TRACE] provider.terraform-provider-vault_v5.10.1_x5: Found resource type: @module=sdk.helper_schema tf_provider_addr=registry.terraform.io/hashicorp/vault tf_req_id=c7706ee4-ce49-f0d2-75b8-7b798a2427d6 tf_resource_type=vault_aws_auth_backend_cert tf_rpc=GetProviderSchema @caller=github.com/hashicorp/terraform-plugin-sdk/v2@v2.40.1/helper/schema/grpc_provider.go:247 tf_mux_provider="*schema.GRPCProviderServer" timestamp="2026-07-07T23:34:22.234+0800"
2026-07-07T23:34:22.234+0800 [TRACE] provider.terraform-provider-vault_v5.10.1_x5: Found resource type: tf_provider_addr=registry.terraform.io/hashicorp/vault tf_resource_type=vault_raft_autopilot tf_rpc=GetProviderSchema @caller=github.com/hashicorp/terraform-plugin-sdk/v2@v2.40.1/helper/schema/grpc_provider.go:247 @module=sdk.helper_schema tf_req_id=c7706ee4-ce49-f0d2-75b8-7b798a2427d6 tf_mux_provider="*schema.GRPCProviderServer" timestamp="2026-07-07T23:34:22.234+0800"
2026-07-07T23:34:22.234+0800 [TRACE] provider.terraform-provider-vault_v5.10.1_x5: Found resource type: @module=sdk.helper_schema tf_mux_provider="*schema.GRPCProviderServer" tf_provider_addr=registry.terraform.io/hashicorp/vault tf_req_id=c7706ee4-ce49-f0d2-75b8-7b798a2427d6 tf_resource_type=vault_pki_secret_backend_config_auto_tidy @caller=github.com/hashicorp/terraform-plugin-sdk/v2@v2.40.1/helper/schema/grpc_provider.go:247 tf_rpc=GetProviderSchema timestamp="2026-07-07T23:34:22.234+0800"
2026-07-07T23:34:22.234+0800 [TRACE] provider.terraform-provider-vault_v5.10.1_x5: Found resource type: tf_provider_addr=registry.terraform.io/hashicorp/vault tf_resource_type=vault_approle_auth_backend_login tf_mux_provider="*schema.GRPCProviderServer" tf_req_id=c7706ee4-ce49-f0d2-75b8-7b798a2427d6 tf_rpc=GetProviderSchema @caller=github.com/hashicorp/terraform-plugin-sdk/v2@v2.40.1/helper/schema/grpc_provider.go:247 @module=sdk.helper_schema timestamp="2026-07-07T23:34:22.234+0800"
2026-07-07T23:34:22.234+0800 [TRACE] provider.terraform-provider-vault_v5.10.1_x5: Found resource type: tf_req_id=c7706ee4-ce49-f0d2-75b8-7b798a2427d6 tf_rpc=GetProviderSchema @module=sdk.helper_schema tf_mux_provider="*schema.GRPCProviderServer" tf_resource_type=vault_ad_secret_library @caller=github.com/hashicorp/terraform-plugin-sdk/v2@v2.40.1/helper/schema/grpc_provider.go:247 tf_provider_addr=registry.terraform.io/hashicorp/vault timestamp="2026-07-07T23:34:22.234+0800"
2026-07-07T23:34:22.234+0800 [TRACE] provider.terraform-provider-vault_v5.10.1_x5: Found resource type: tf_mux_provider="*schema.GRPCProviderServer" tf_provider_addr=registry.terraform.io/hashicorp/vault tf_req_id=c7706ee4-ce49-f0d2-75b8-7b798a2427d6 tf_resource_type=vault_pki_secret_backend_config_est tf_rpc=GetProviderSchema @caller=github.com/hashicorp/terraform-plugin-sdk/v2@v2.40.1/helper/schema/grpc_provider.go:247 @module=sdk.helper_schema timestamp="2026-07-07T23:34:22.234+0800"
2026-07-07T23:34:22.235+0800 [TRACE] provider.terraform-provider-vault_v5.10.1_x5: Found resource type: @caller=github.com/hashicorp/terraform-plugin-sdk/v2@v2.40.1/helper/schema/grpc_provider.go:247 @module=sdk.helper_schema tf_mux_provider="*schema.GRPCProviderServer" tf_provider_addr=registry.terraform.io/hashicorp/vault tf_req_id=c7706ee4-ce49-f0d2-75b8-7b798a2427d6 tf_resource_type=vault_identity_group_member_group_ids tf_rpc=GetProviderSchema timestamp="2026-07-07T23:34:22.234+0800"
2026-07-07T23:34:22.235+0800 [TRACE] provider.terraform-provider-vault_v5.10.1_x5: Found resource type: @module=sdk.helper_schema tf_provider_addr=registry.terraform.io/hashicorp/vault tf_resource_type=vault_approle_auth_backend_role tf_mux_provider="*schema.GRPCProviderServer" tf_req_id=c7706ee4-ce49-f0d2-75b8-7b798a2427d6 tf_rpc=GetProviderSchema @caller=github.com/hashicorp/terraform-plugin-sdk/v2@v2.40.1/helper/schema/grpc_provider.go:247 timestamp="2026-07-07T23:34:22.234+0800"
2026-07-07T23:34:22.235+0800 [TRACE] provider.terraform-provider-vault_v5.10.1_x5: Found resource type: tf_provider_addr=registry.terraform.io/hashicorp/vault tf_req_id=c7706ee4-ce49-f0d2-75b8-7b798a2427d6 tf_resource_type=vault_ldap_secret_backend_dynamic_role tf_rpc=GetProviderSchema @module=sdk.helper_schema tf_mux_provider="*schema.GRPCProviderServer" @caller=github.com/hashicorp/terraform-plugin-sdk/v2@v2.40.1/helper/schema/grpc_provider.go:247 timestamp="2026-07-07T23:34:22.234+0800"
2026-07-07T23:34:22.235+0800 [TRACE] provider.terraform-provider-vault_v5.10.1_x5: Found resource type: tf_mux_provider="*schema.GRPCProviderServer" tf_provider_addr=registry.terraform.io/hashicorp/vault tf_resource_type=vault_generic_endpoint @caller=github.com/hashicorp/terraform-plugin-sdk/v2@v2.40.1/helper/schema/grpc_provider.go:247 @module=sdk.helper_schema tf_req_id=c7706ee4-ce49-f0d2-75b8-7b798a2427d6 tf_rpc=GetProviderSchema timestamp="2026-07-07T23:34:22.234+0800"
2026-07-07T23:34:22.235+0800 [TRACE] provider.terraform-provider-vault_v5.10.1_x5: Found resource type: @module=sdk.helper_schema tf_provider_addr=registry.terraform.io/hashicorp/vault tf_req_id=c7706ee4-ce49-f0d2-75b8-7b798a2427d6 tf_resource_type=vault_nomad_secret_role tf_mux_provider="*schema.GRPCProviderServer" tf_rpc=GetProviderSchema @caller=github.com/hashicorp/terraform-plugin-sdk/v2@v2.40.1/helper/schema/grpc_provider.go:247 timestamp="2026-07-07T23:34:22.234+0800"
2026-07-07T23:34:22.235+0800 [TRACE] provider.terraform-provider-vault_v5.10.1_x5: Found resource type: tf_req_id=c7706ee4-ce49-f0d2-75b8-7b798a2427d6 tf_rpc=GetProviderSchema @caller=github.com/hashicorp/terraform-plugin-sdk/v2@v2.40.1/helper/schema/grpc_provider.go:247 @module=sdk.helper_schema tf_mux_provider="*schema.GRPCProviderServer" tf_provider_addr=registry.terraform.io/hashicorp/vault tf_resource_type=vault_identity_mfa_duo timestamp="2026-07-07T23:34:22.234+0800"
2026-07-07T23:34:22.235+0800 [TRACE] provider.terraform-provider-vault_v5.10.1_x5: Found resource type: @module=sdk.helper_schema tf_mux_provider="*schema.GRPCProviderServer" tf_provider_addr=registry.terraform.io/hashicorp/vault tf_req_id=c7706ee4-ce49-f0d2-75b8-7b798a2427d6 @caller=github.com/hashicorp/terraform-plugin-sdk/v2@v2.40.1/helper/schema/grpc_provider.go:247 tf_resource_type=vault_mongodbatlas_secret_backend tf_rpc=GetProviderSchema timestamp="2026-07-07T23:34:22.234+0800"
2026-07-07T23:34:22.235+0800 [TRACE] provider.terraform-provider-vault_v5.10.1_x5: Found resource type: tf_mux_provider="*schema.GRPCProviderServer" tf_req_id=c7706ee4-ce49-f0d2-75b8-7b798a2427d6 tf_resource_type=vault_pki_secret_backend_intermediate_set_signed tf_rpc=GetProviderSchema @module=sdk.helper_schema tf_provider_addr=registry.terraform.io/hashicorp/vault @caller=github.com/hashicorp/terraform-plugin-sdk/v2@v2.40.1/helper/schema/grpc_provider.go:247 timestamp="2026-07-07T23:34:22.234+0800"
2026-07-07T23:34:22.235+0800 [TRACE] provider.terraform-provider-vault_v5.10.1_x5: Found resource type: @module=sdk.helper_schema tf_mux_provider="*schema.GRPCProviderServer" tf_req_id=c7706ee4-ce49-f0d2-75b8-7b798a2427d6 tf_rpc=GetProviderSchema @caller=github.com/hashicorp/terraform-plugin-sdk/v2@v2.40.1/helper/schema/grpc_provider.go:247 tf_provider_addr=registry.terraform.io/hashicorp/vault tf_resource_type=vault_secrets_sync_aws_destination timestamp="2026-07-07T23:34:22.234+0800"
2026-07-07T23:34:22.235+0800 [TRACE] provider.terraform-provider-vault_v5.10.1_x5: Found resource type: @caller=github.com/hashicorp/terraform-plugin-sdk/v2@v2.40.1/helper/schema/grpc_provider.go:247 tf_mux_provider="*schema.GRPCProviderServer" tf_provider_addr=registry.terraform.io/hashicorp/vault @module=sdk.helper_schema tf_req_id=c7706ee4-ce49-f0d2-75b8-7b798a2427d6 tf_resource_type=vault_gcp_secret_static_account tf_rpc=GetProviderSchema timestamp="2026-07-07T23:34:22.234+0800"
2026-07-07T23:34:22.235+0800 [TRACE] provider.terraform-provider-vault_v5.10.1_x5: Found resource type: tf_mux_provider="*schema.GRPCProviderServer" tf_rpc=GetProviderSchema @caller=github.com/hashicorp/terraform-plugin-sdk/v2@v2.40.1/helper/schema/grpc_provider.go:247 @module=sdk.helper_schema tf_provider_addr=registry.terraform.io/hashicorp/vault tf_req_id=c7706ee4-ce49-f0d2-75b8-7b798a2427d6 tf_resource_type=vault_ad_secret_backend timestamp="2026-07-07T23:34:22.234+0800"
2026-07-07T23:34:22.235+0800 [TRACE] provider.terraform-provider-vault_v5.10.1_x5: Found resource type: tf_mux_provider="*schema.GRPCProviderServer" tf_provider_addr=registry.terraform.io/hashicorp/vault tf_rpc=GetProviderSchema @caller=github.com/hashicorp/terraform-plugin-sdk/v2@v2.40.1/helper/schema/grpc_provider.go:247 tf_req_id=c7706ee4-ce49-f0d2-75b8-7b798a2427d6 tf_resource_type=vault_ldap_auth_backend_group @module=sdk.helper_schema timestamp="2026-07-07T23:34:22.234+0800"
2026-07-07T23:34:22.235+0800 [TRACE] provider.terraform-provider-vault_v5.10.1_x5: Found resource type: @module=sdk.helper_schema tf_req_id=c7706ee4-ce49-f0d2-75b8-7b798a2427d6 tf_resource_type=vault_pki_secret_backend_issuer @caller=github.com/hashicorp/terraform-plugin-sdk/v2@v2.40.1/helper/schema/grpc_provider.go:247 tf_mux_provider="*schema.GRPCProviderServer" tf_provider_addr=registry.terraform.io/hashicorp/vault tf_rpc=GetProviderSchema timestamp="2026-07-07T23:34:22.234+0800"
2026-07-07T23:34:22.235+0800 [TRACE] provider.terraform-provider-vault_v5.10.1_x5: Found resource type: tf_provider_addr=registry.terraform.io/hashicorp/vault tf_resource_type=vault_transit_secret_cache_config tf_rpc=GetProviderSchema @caller=github.com/hashicorp/terraform-plugin-sdk/v2@v2.40.1/helper/schema/grpc_provider.go:247 @module=sdk.helper_schema tf_mux_provider="*schema.GRPCProviderServer" tf_req_id=c7706ee4-ce49-f0d2-75b8-7b798a2427d6 timestamp="2026-07-07T23:34:22.234+0800"
2026-07-07T23:34:22.235+0800 [TRACE] provider.terraform-provider-vault_v5.10.1_x5: Found resource type: @caller=github.com/hashicorp/terraform-plugin-sdk/v2@v2.40.1/helper/schema/grpc_provider.go:247 @module=sdk.helper_schema tf_provider_addr=registry.terraform.io/hashicorp/vault tf_req_id=c7706ee4-ce49-f0d2-75b8-7b798a2427d6 tf_resource_type=vault_secrets_sync_gcp_destination tf_mux_provider="*schema.GRPCProviderServer" tf_rpc=GetProviderSchema timestamp="2026-07-07T23:34:22.234+0800"
2026-07-07T23:34:22.235+0800 [TRACE] provider.terraform-provider-vault_v5.10.1_x5: Found resource type: @caller=github.com/hashicorp/terraform-plugin-sdk/v2@v2.40.1/helper/schema/grpc_provider.go:247 tf_mux_provider="*schema.GRPCProviderServer" tf_req_id=c7706ee4-ce49-f0d2-75b8-7b798a2427d6 tf_resource_type=vault_gcp_secret_impersonated_account @module=sdk.helper_schema tf_provider_addr=registry.terraform.io/hashicorp/vault tf_rpc=GetProviderSchema timestamp="2026-07-07T23:34:22.234+0800"
2026-07-07T23:34:22.235+0800 [TRACE] provider.terraform-provider-vault_v5.10.1_x5: Found resource type: tf_rpc=GetProviderSchema @caller=github.com/hashicorp/terraform-plugin-sdk/v2@v2.40.1/helper/schema/grpc_provider.go:247 tf_provider_addr=registry.terraform.io/hashicorp/vault tf_req_id=c7706ee4-ce49-f0d2-75b8-7b798a2427d6 tf_resource_type=vault_identity_mfa_login_enforcement @module=sdk.helper_schema tf_mux_provider="*schema.GRPCProviderServer" timestamp="2026-07-07T23:34:22.234+0800"
2026-07-07T23:34:22.235+0800 [TRACE] provider.terraform-provider-vault_v5.10.1_x5: Found resource type: tf_req_id=c7706ee4-ce49-f0d2-75b8-7b798a2427d6 tf_resource_type=vault_aws_secret_backend @caller=github.com/hashicorp/terraform-plugin-sdk/v2@v2.40.1/helper/schema/grpc_provider.go:247 @module=sdk.helper_schema tf_rpc=GetProviderSchema tf_mux_provider="*schema.GRPCProviderServer" tf_provider_addr=registry.terraform.io/hashicorp/vault timestamp="2026-07-07T23:34:22.234+0800"
2026-07-07T23:34:22.235+0800 [TRACE] provider.terraform-provider-vault_v5.10.1_x5: Found resource type: @module=sdk.helper_schema tf_mux_provider="*schema.GRPCProviderServer" @caller=github.com/hashicorp/terraform-plugin-sdk/v2@v2.40.1/helper/schema/grpc_provider.go:247 tf_provider_addr=registry.terraform.io/hashicorp/vault tf_req_id=c7706ee4-ce49-f0d2-75b8-7b798a2427d6 tf_resource_type=vault_policy tf_rpc=GetProviderSchema timestamp="2026-07-07T23:34:22.234+0800"
2026-07-07T23:34:22.235+0800 [TRACE] provider.terraform-provider-vault_v5.10.1_x5: Found resource type: tf_resource_type=vault_plugin @caller=github.com/hashicorp/terraform-plugin-sdk/v2@v2.40.1/helper/schema/grpc_provider.go:247 @module=sdk.helper_schema tf_mux_provider="*schema.GRPCProviderServer" tf_rpc=GetProviderSchema tf_provider_addr=registry.terraform.io/hashicorp/vault tf_req_id=c7706ee4-ce49-f0d2-75b8-7b798a2427d6 timestamp="2026-07-07T23:34:22.234+0800"
2026-07-07T23:34:22.235+0800 [TRACE] provider.terraform-provider-vault_v5.10.1_x5: Found resource type: tf_req_id=c7706ee4-ce49-f0d2-75b8-7b798a2427d6 @module=sdk.helper_schema tf_mux_provider="*schema.GRPCProviderServer" tf_provider_addr=registry.terraform.io/hashicorp/vault tf_resource_type=vault_secrets_sync_config tf_rpc=GetProviderSchema @caller=github.com/hashicorp/terraform-plugin-sdk/v2@v2.40.1/helper/schema/grpc_provider.go:247 timestamp="2026-07-07T23:34:22.234+0800"
2026-07-07T23:34:22.235+0800 [TRACE] provider.terraform-provider-vault_v5.10.1_x5: Found resource type: tf_provider_addr=registry.terraform.io/hashicorp/vault tf_req_id=c7706ee4-ce49-f0d2-75b8-7b798a2427d6 @module=sdk.helper_schema tf_mux_provider="*schema.GRPCProviderServer" tf_resource_type=vault_terraform_cloud_secret_creds tf_rpc=GetProviderSchema @caller=github.com/hashicorp/terraform-plugin-sdk/v2@v2.40.1/helper/schema/grpc_provider.go:247 timestamp="2026-07-07T23:34:22.234+0800"
2026-07-07T23:34:22.235+0800 [TRACE] provider.terraform-provider-vault_v5.10.1_x5: Found resource type: tf_mux_provider="*schema.GRPCProviderServer" tf_provider_addr=registry.terraform.io/hashicorp/vault tf_resource_type=vault_kubernetes_secret_backend @caller=github.com/hashicorp/terraform-plugin-sdk/v2@v2.40.1/helper/schema/grpc_provider.go:247 @module=sdk.helper_schema tf_req_id=c7706ee4-ce49-f0d2-75b8-7b798a2427d6 tf_rpc=GetProviderSchema timestamp="2026-07-07T23:34:22.234+0800"
2026-07-07T23:34:22.235+0800 [TRACE] provider.terraform-provider-vault_v5.10.1_x5: Found resource type: tf_resource_type=vault_egp_policy tf_provider_addr=registry.terraform.io/hashicorp/vault tf_rpc=GetProviderSchema @caller=github.com/hashicorp/terraform-plugin-sdk/v2@v2.40.1/helper/schema/grpc_provider.go:247 @module=sdk.helper_schema tf_mux_provider="*schema.GRPCProviderServer" tf_req_id=c7706ee4-ce49-f0d2-75b8-7b798a2427d6 timestamp="2026-07-07T23:34:22.234+0800"
2026-07-07T23:34:22.235+0800 [TRACE] provider.terraform-provider-vault_v5.10.1_x5: Found resource type: tf_mux_provider="*schema.GRPCProviderServer" tf_provider_addr=registry.terraform.io/hashicorp/vault tf_req_id=c7706ee4-ce49-f0d2-75b8-7b798a2427d6 tf_rpc=GetProviderSchema @module=sdk.helper_schema tf_resource_type=vault_ldap_secret_backend_static_role @caller=github.com/hashicorp/terraform-plugin-sdk/v2@v2.40.1/helper/schema/grpc_provider.go:247 timestamp="2026-07-07T23:34:22.234+0800"
2026-07-07T23:34:22.235+0800 [TRACE] provider.terraform-provider-vault_v5.10.1_x5: Found resource type: tf_resource_type=vault_aws_auth_backend_roletag_blacklist @caller=github.com/hashicorp/terraform-plugin-sdk/v2@v2.40.1/helper/schema/grpc_provider.go:247 @module=sdk.helper_schema tf_req_id=c7706ee4-ce49-f0d2-75b8-7b798a2427d6 tf_rpc=GetProviderSchema tf_mux_provider="*schema.GRPCProviderServer" tf_provider_addr=registry.terraform.io/hashicorp/vault timestamp="2026-07-07T23:34:22.234+0800"
2026-07-07T23:34:22.235+0800 [TRACE] provider.terraform-provider-vault_v5.10.1_x5: Found resource type: tf_rpc=GetProviderSchema tf_req_id=c7706ee4-ce49-f0d2-75b8-7b798a2427d6 tf_resource_type=vault_identity_entity @caller=github.com/hashicorp/terraform-plugin-sdk/v2@v2.40.1/helper/schema/grpc_provider.go:247 @module=sdk.helper_schema tf_mux_provider="*schema.GRPCProviderServer" tf_provider_addr=registry.terraform.io/hashicorp/vault timestamp="2026-07-07T23:34:22.234+0800"
2026-07-07T23:34:22.235+0800 [TRACE] provider.terraform-provider-vault_v5.10.1_x5: Found resource type: tf_resource_type=vault_identity_mfa_totp @caller=github.com/hashicorp/terraform-plugin-sdk/v2@v2.40.1/helper/schema/grpc_provider.go:247 tf_provider_addr=registry.terraform.io/hashicorp/vault tf_req_id=c7706ee4-ce49-f0d2-75b8-7b798a2427d6 tf_rpc=GetProviderSchema @module=sdk.helper_schema tf_mux_provider="*schema.GRPCProviderServer" timestamp="2026-07-07T23:34:22.234+0800"
2026-07-07T23:34:22.235+0800 [TRACE] provider.terraform-provider-vault_v5.10.1_x5: Found resource type: @module=sdk.helper_schema tf_mux_provider="*schema.GRPCProviderServer" tf_resource_type=vault_quota_rate_limit tf_rpc=GetProviderSchema tf_provider_addr=registry.terraform.io/hashicorp/vault tf_req_id=c7706ee4-ce49-f0d2-75b8-7b798a2427d6 @caller=github.com/hashicorp/terraform-plugin-sdk/v2@v2.40.1/helper/schema/grpc_provider.go:247 timestamp="2026-07-07T23:34:22.234+0800"
2026-07-07T23:34:22.235+0800 [TRACE] provider.terraform-provider-vault_v5.10.1_x5: Found resource type: tf_provider_addr=registry.terraform.io/hashicorp/vault tf_req_id=c7706ee4-ce49-f0d2-75b8-7b798a2427d6 tf_resource_type=vault_okta_auth_backend_user @caller=github.com/hashicorp/terraform-plugin-sdk/v2@v2.40.1/helper/schema/grpc_provider.go:247 tf_mux_provider="*schema.GRPCProviderServer" tf_rpc=GetProviderSchema @module=sdk.helper_schema timestamp="2026-07-07T23:34:22.234+0800"
2026-07-07T23:34:22.235+0800 [TRACE] provider.terraform-provider-vault_v5.10.1_x5: Found resource type: @caller=github.com/hashicorp/terraform-plugin-sdk/v2@v2.40.1/helper/schema/grpc_provider.go:247 tf_resource_type=vault_identity_oidc_provider tf_rpc=GetProviderSchema @module=sdk.helper_schema tf_mux_provider="*schema.GRPCProviderServer" tf_provider_addr=registry.terraform.io/hashicorp/vault tf_req_id=c7706ee4-ce49-f0d2-75b8-7b798a2427d6 timestamp="2026-07-07T23:34:22.234+0800"
2026-07-07T23:34:22.235+0800 [TRACE] provider.terraform-provider-vault_v5.10.1_x5: Found resource type: tf_mux_provider="*schema.GRPCProviderServer" tf_provider_addr=registry.terraform.io/hashicorp/vault tf_req_id=c7706ee4-ce49-f0d2-75b8-7b798a2427d6 tf_resource_type=vault_transform_alphabet tf_rpc=GetProviderSchema @caller=github.com/hashicorp/terraform-plugin-sdk/v2@v2.40.1/helper/schema/grpc_provider.go:247 @module=sdk.helper_schema timestamp="2026-07-07T23:34:22.234+0800"
2026-07-07T23:34:22.235+0800 [TRACE] provider.terraform-provider-vault_v5.10.1_x5: Found resource type: @module=sdk.helper_schema tf_req_id=c7706ee4-ce49-f0d2-75b8-7b798a2427d6 tf_resource_type=vault_pki_secret_backend_cert @caller=github.com/hashicorp/terraform-plugin-sdk/v2@v2.40.1/helper/schema/grpc_provider.go:247 tf_mux_provider="*schema.GRPCProviderServer" tf_provider_addr=registry.terraform.io/hashicorp/vault tf_rpc=GetProviderSchema timestamp="2026-07-07T23:34:22.234+0800"
2026-07-07T23:34:22.235+0800 [TRACE] provider.terraform-provider-vault_v5.10.1_x5: Found resource type: tf_req_id=c7706ee4-ce49-f0d2-75b8-7b798a2427d6 tf_rpc=GetProviderSchema @caller=github.com/hashicorp/terraform-plugin-sdk/v2@v2.40.1/helper/schema/grpc_provider.go:247 @module=sdk.helper_schema tf_mux_provider="*schema.GRPCProviderServer" tf_provider_addr=registry.terraform.io/hashicorp/vault tf_resource_type=vault_pki_secret_backend_config_urls timestamp="2026-07-07T23:34:22.234+0800"
2026-07-07T23:34:22.235+0800 [TRACE] provider.terraform-provider-vault_v5.10.1_x5: Found resource type: tf_rpc=GetProviderSchema @caller=github.com/hashicorp/terraform-plugin-sdk/v2@v2.40.1/helper/schema/grpc_provider.go:247 @module=sdk.helper_schema tf_mux_provider="*schema.GRPCProviderServer" tf_provider_addr=registry.terraform.io/hashicorp/vault tf_req_id=c7706ee4-ce49-f0d2-75b8-7b798a2427d6 tf_resource_type=vault_identity_oidc_scope timestamp="2026-07-07T23:34:22.234+0800"
2026-07-07T23:34:22.235+0800 [TRACE] provider.terraform-provider-vault_v5.10.1_x5: Found resource type: tf_mux_provider="*schema.GRPCProviderServer" tf_rpc=GetProviderSchema @caller=github.com/hashicorp/terraform-plugin-sdk/v2@v2.40.1/helper/schema/grpc_provider.go:247 tf_provider_addr=registry.terraform.io/hashicorp/vault tf_req_id=c7706ee4-ce49-f0d2-75b8-7b798a2427d6 tf_resource_type=vault_aws_secret_backend_role @module=sdk.helper_schema timestamp="2026-07-07T23:34:22.234+0800"
2026-07-07T23:34:22.235+0800 [TRACE] provider.terraform-provider-vault_v5.10.1_x5: Found resource type: tf_req_id=c7706ee4-ce49-f0d2-75b8-7b798a2427d6 tf_resource_type=vault_rabbitmq_secret_backend_role @module=sdk.helper_schema tf_mux_provider="*schema.GRPCProviderServer" tf_provider_addr=registry.terraform.io/hashicorp/vault tf_rpc=GetProviderSchema @caller=github.com/hashicorp/terraform-plugin-sdk/v2@v2.40.1/helper/schema/grpc_provider.go:247 timestamp="2026-07-07T23:34:22.234+0800"
2026-07-07T23:34:22.235+0800 [TRACE] provider.terraform-provider-vault_v5.10.1_x5: Found resource type: @caller=github.com/hashicorp/terraform-plugin-sdk/v2@v2.40.1/helper/schema/grpc_provider.go:247 tf_provider_addr=registry.terraform.io/hashicorp/vault @module=sdk.helper_schema tf_mux_provider="*schema.GRPCProviderServer" tf_req_id=c7706ee4-ce49-f0d2-75b8-7b798a2427d6 tf_resource_type=vault_oci_auth_backend tf_rpc=GetProviderSchema timestamp="2026-07-07T23:34:22.234+0800"
2026-07-07T23:34:22.235+0800 [TRACE] provider.terraform-provider-vault_v5.10.1_x5: Found resource type: @caller=github.com/hashicorp/terraform-plugin-sdk/v2@v2.40.1/helper/schema/grpc_provider.go:247 @module=sdk.helper_schema tf_req_id=c7706ee4-ce49-f0d2-75b8-7b798a2427d6 tf_resource_type=vault_pki_secret_backend_root_cert tf_rpc=GetProviderSchema tf_mux_provider="*schema.GRPCProviderServer" tf_provider_addr=registry.terraform.io/hashicorp/vault timestamp="2026-07-07T23:34:22.234+0800"
2026-07-07T23:34:22.235+0800 [TRACE] provider.terraform-provider-vault_v5.10.1_x5: Found resource type: tf_mux_provider="*schema.GRPCProviderServer" tf_provider_addr=registry.terraform.io/hashicorp/vault tf_req_id=c7706ee4-ce49-f0d2-75b8-7b798a2427d6 tf_resource_type=vault_secrets_sync_vercel_destination tf_rpc=GetProviderSchema @caller=github.com/hashicorp/terraform-plugin-sdk/v2@v2.40.1/helper/schema/grpc_provider.go:247 @module=sdk.helper_schema timestamp="2026-07-07T23:34:22.234+0800"
2026-07-07T23:34:22.235+0800 [TRACE] provider.terraform-provider-vault_v5.10.1_x5: Found resource type: @caller=github.com/hashicorp/terraform-plugin-sdk/v2@v2.40.1/helper/schema/grpc_provider.go:247 @module=sdk.helper_schema tf_mux_provider="*schema.GRPCProviderServer" tf_req_id=c7706ee4-ce49-f0d2-75b8-7b798a2427d6 tf_resource_type=vault_identity_mfa_pingid tf_rpc=GetProviderSchema tf_provider_addr=registry.terraform.io/hashicorp/vault timestamp="2026-07-07T23:34:22.234+0800"
2026-07-07T23:34:22.235+0800 [TRACE] provider.terraform-provider-vault_v5.10.1_x5: Found resource type: @module=sdk.helper_schema tf_mux_provider="*schema.GRPCProviderServer" tf_provider_addr=registry.terraform.io/hashicorp/vault tf_req_id=c7706ee4-ce49-f0d2-75b8-7b798a2427d6 tf_resource_type=vault_ldap_secret_backend tf_rpc=GetProviderSchema @caller=github.com/hashicorp/terraform-plugin-sdk/v2@v2.40.1/helper/schema/grpc_provider.go:247 timestamp="2026-07-07T23:34:22.234+0800"
2026-07-07T23:34:22.235+0800 [TRACE] provider.terraform-provider-vault_v5.10.1_x5: Found resource type: @caller=github.com/hashicorp/terraform-plugin-sdk/v2@v2.40.1/helper/schema/grpc_provider.go:247 @module=sdk.helper_schema tf_mux_provider="*schema.GRPCProviderServer" tf_provider_addr=registry.terraform.io/hashicorp/vault tf_req_id=c7706ee4-ce49-f0d2-75b8-7b798a2427d6 tf_resource_type=vault_identity_group_policies tf_rpc=GetProviderSchema timestamp="2026-07-07T23:34:22.234+0800"
2026-07-07T23:34:22.235+0800 [TRACE] provider.terraform-provider-vault_v5.10.1_x5: Found resource type: @caller=github.com/hashicorp/terraform-plugin-sdk/v2@v2.40.1/helper/schema/grpc_provider.go:247 tf_mux_provider="*schema.GRPCProviderServer" tf_provider_addr=registry.terraform.io/hashicorp/vault tf_resource_type=vault_transform_template @module=sdk.helper_schema tf_req_id=c7706ee4-ce49-f0d2-75b8-7b798a2427d6 tf_rpc=GetProviderSchema timestamp="2026-07-07T23:34:22.234+0800"
2026-07-07T23:34:22.235+0800 [TRACE] provider.terraform-provider-vault_v5.10.1_x5: Found resource type: @module=sdk.helper_schema tf_mux_provider="*schema.GRPCProviderServer" tf_provider_addr=registry.terraform.io/hashicorp/vault tf_req_id=c7706ee4-ce49-f0d2-75b8-7b798a2427d6 @caller=github.com/hashicorp/terraform-plugin-sdk/v2@v2.40.1/helper/schema/grpc_provider.go:247 tf_resource_type=vault_github_user tf_rpc=GetProviderSchema timestamp="2026-07-07T23:34:22.234+0800"
2026-07-07T23:34:22.235+0800 [TRACE] provider.terraform-provider-vault_v5.10.1_x5: Found resource type: tf_mux_provider="*schema.GRPCProviderServer" tf_req_id=c7706ee4-ce49-f0d2-75b8-7b798a2427d6 tf_resource_type=vault_pki_secret_backend_sign @caller=github.com/hashicorp/terraform-plugin-sdk/v2@v2.40.1/helper/schema/grpc_provider.go:247 @module=sdk.helper_schema tf_provider_addr=registry.terraform.io/hashicorp/vault tf_rpc=GetProviderSchema timestamp="2026-07-07T23:34:22.234+0800"
2026-07-07T23:34:22.235+0800 [TRACE] provider.terraform-provider-vault_v5.10.1_x5: Found resource type: tf_provider_addr=registry.terraform.io/hashicorp/vault @caller=github.com/hashicorp/terraform-plugin-sdk/v2@v2.40.1/helper/schema/grpc_provider.go:247 @module=sdk.helper_schema tf_mux_provider="*schema.GRPCProviderServer" tf_req_id=c7706ee4-ce49-f0d2-75b8-7b798a2427d6 tf_resource_type=vault_token tf_rpc=GetProviderSchema timestamp="2026-07-07T23:34:22.234+0800"
2026-07-07T23:34:22.235+0800 [TRACE] provider.terraform-provider-vault_v5.10.1_x5: Found resource type: @module=sdk.helper_schema tf_mux_provider="*schema.GRPCProviderServer" tf_provider_addr=registry.terraform.io/hashicorp/vault tf_req_id=c7706ee4-ce49-f0d2-75b8-7b798a2427d6 tf_resource_type=vault_mount tf_rpc=GetProviderSchema @caller=github.com/hashicorp/terraform-plugin-sdk/v2@v2.40.1/helper/schema/grpc_provider.go:247 timestamp="2026-07-07T23:34:22.235+0800"
2026-07-07T23:34:22.235+0800 [TRACE] provider.terraform-provider-vault_v5.10.1_x5: Found resource type: @module=sdk.helper_schema tf_mux_provider="*schema.GRPCProviderServer" tf_provider_addr=registry.terraform.io/hashicorp/vault tf_req_id=c7706ee4-ce49-f0d2-75b8-7b798a2427d6 @caller=github.com/hashicorp/terraform-plugin-sdk/v2@v2.40.1/helper/schema/grpc_provider.go:247 tf_resource_type=vault_ldap_secret_backend_library_set tf_rpc=GetProviderSchema timestamp="2026-07-07T23:34:22.235+0800"
2026-07-07T23:34:22.235+0800 [TRACE] provider.terraform-provider-vault_v5.10.1_x5: Found resource type: @module=sdk.helper_schema tf_mux_provider="*schema.GRPCProviderServer" tf_provider_addr=registry.terraform.io/hashicorp/vault tf_resource_type=vault_identity_oidc_assignment @caller=github.com/hashicorp/terraform-plugin-sdk/v2@v2.40.1/helper/schema/grpc_provider.go:247 tf_req_id=c7706ee4-ce49-f0d2-75b8-7b798a2427d6 tf_rpc=GetProviderSchema timestamp="2026-07-07T23:34:22.235+0800"
2026-07-07T23:34:22.235+0800 [TRACE] provider.terraform-provider-vault_v5.10.1_x5: Found resource type: tf_resource_type=vault_identity_mfa_okta tf_rpc=GetProviderSchema @caller=github.com/hashicorp/terraform-plugin-sdk/v2@v2.40.1/helper/schema/grpc_provider.go:247 @module=sdk.helper_schema tf_mux_provider="*schema.GRPCProviderServer" tf_provider_addr=registry.terraform.io/hashicorp/vault tf_req_id=c7706ee4-ce49-f0d2-75b8-7b798a2427d6 timestamp="2026-07-07T23:34:22.235+0800"
2026-07-07T23:34:22.235+0800 [TRACE] provider.terraform-provider-vault_v5.10.1_x5: Found data source type: @caller=github.com/hashicorp/terraform-plugin-sdk/v2@v2.40.1/helper/schema/grpc_provider.go:256 tf_mux_provider="*schema.GRPCProviderServer" tf_rpc=GetProviderSchema @module=sdk.helper_schema tf_data_source_type=vault_kv_secrets_list tf_provider_addr=registry.terraform.io/hashicorp/vault tf_req_id=c7706ee4-ce49-f0d2-75b8-7b798a2427d6 timestamp="2026-07-07T23:34:22.235+0800"
2026-07-07T23:34:22.235+0800 [TRACE] provider.terraform-provider-vault_v5.10.1_x5: Found data source type: @module=sdk.helper_schema tf_rpc=GetProviderSchema tf_data_source_type=vault_auth_backend tf_mux_provider="*schema.GRPCProviderServer" tf_provider_addr=registry.terraform.io/hashicorp/vault tf_req_id=c7706ee4-ce49-f0d2-75b8-7b798a2427d6 @caller=github.com/hashicorp/terraform-plugin-sdk/v2@v2.40.1/helper/schema/grpc_provider.go:256 timestamp="2026-07-07T23:34:22.235+0800"
2026-07-07T23:34:22.235+0800 [TRACE] provider.terraform-provider-vault_v5.10.1_x5: Found data source type: tf_rpc=GetProviderSchema @caller=github.com/hashicorp/terraform-plugin-sdk/v2@v2.40.1/helper/schema/grpc_provider.go:256 @module=sdk.helper_schema tf_provider_addr=registry.terraform.io/hashicorp/vault tf_req_id=c7706ee4-ce49-f0d2-75b8-7b798a2427d6 tf_data_source_type=vault_raft_autopilot_state tf_mux_provider="*schema.GRPCProviderServer" timestamp="2026-07-07T23:34:22.235+0800"
2026-07-07T23:34:22.235+0800 [TRACE] provider.terraform-provider-vault_v5.10.1_x5: Found data source type: tf_data_source_type=vault_namespace tf_provider_addr=registry.terraform.io/hashicorp/vault tf_mux_provider="*schema.GRPCProviderServer" tf_req_id=c7706ee4-ce49-f0d2-75b8-7b798a2427d6 tf_rpc=GetProviderSchema @caller=github.com/hashicorp/terraform-plugin-sdk/v2@v2.40.1/helper/schema/grpc_provider.go:256 @module=sdk.helper_schema timestamp="2026-07-07T23:34:22.235+0800"
2026-07-07T23:34:22.235+0800 [TRACE] provider.terraform-provider-vault_v5.10.1_x5: Found data source type: @caller=github.com/hashicorp/terraform-plugin-sdk/v2@v2.40.1/helper/schema/grpc_provider.go:256 @module=sdk.helper_schema tf_req_id=c7706ee4-ce49-f0d2-75b8-7b798a2427d6 tf_rpc=GetProviderSchema tf_data_source_type=vault_kv_secrets_list_v2 tf_mux_provider="*schema.GRPCProviderServer" tf_provider_addr=registry.terraform.io/hashicorp/vault timestamp="2026-07-07T23:34:22.235+0800"
2026-07-07T23:34:22.235+0800 [TRACE] provider.terraform-provider-vault_v5.10.1_x5: Found data source type: @caller=github.com/hashicorp/terraform-plugin-sdk/v2@v2.40.1/helper/schema/grpc_provider.go:256 @module=sdk.helper_schema tf_data_source_type=vault_pki_secret_backend_config_est tf_mux_provider="*schema.GRPCProviderServer" tf_provider_addr=registry.terraform.io/hashicorp/vault tf_req_id=c7706ee4-ce49-f0d2-75b8-7b798a2427d6 tf_rpc=GetProviderSchema timestamp="2026-07-07T23:34:22.235+0800"
2026-07-07T23:34:22.235+0800 [TRACE] provider.terraform-provider-vault_v5.10.1_x5: Found data source type: @caller=github.com/hashicorp/terraform-plugin-sdk/v2@v2.40.1/helper/schema/grpc_provider.go:256 @module=sdk.helper_schema tf_mux_provider="*schema.GRPCProviderServer" tf_rpc=GetProviderSchema tf_data_source_type=vault_namespaces tf_provider_addr=registry.terraform.io/hashicorp/vault tf_req_id=c7706ee4-ce49-f0d2-75b8-7b798a2427d6 timestamp="2026-07-07T23:34:22.235+0800"
2026-07-07T23:34:22.235+0800 [TRACE] provider.terraform-provider-vault_v5.10.1_x5: Found data source type: @caller=github.com/hashicorp/terraform-plugin-sdk/v2@v2.40.1/helper/schema/grpc_provider.go:256 tf_data_source_type=vault_ldap_static_credentials tf_req_id=c7706ee4-ce49-f0d2-75b8-7b798a2427d6 tf_rpc=GetProviderSchema @module=sdk.helper_schema tf_mux_provider="*schema.GRPCProviderServer" tf_provider_addr=registry.terraform.io/hashicorp/vault timestamp="2026-07-07T23:34:22.235+0800"
2026-07-07T23:34:22.235+0800 [TRACE] provider.terraform-provider-vault_v5.10.1_x5: Found data source type: tf_data_source_type=vault_pki_secret_backend_keys tf_provider_addr=registry.terraform.io/hashicorp/vault tf_rpc=GetProviderSchema @caller=github.com/hashicorp/terraform-plugin-sdk/v2@v2.40.1/helper/schema/grpc_provider.go:256 @module=sdk.helper_schema tf_mux_provider="*schema.GRPCProviderServer" tf_req_id=c7706ee4-ce49-f0d2-75b8-7b798a2427d6 timestamp="2026-07-07T23:34:22.235+0800"
2026-07-07T23:34:22.235+0800 [TRACE] provider.terraform-provider-vault_v5.10.1_x5: Found data source type: @module=sdk.helper_schema tf_provider_addr=registry.terraform.io/hashicorp/vault tf_req_id=c7706ee4-ce49-f0d2-75b8-7b798a2427d6 tf_rpc=GetProviderSchema @caller=github.com/hashicorp/terraform-plugin-sdk/v2@v2.40.1/helper/schema/grpc_provider.go:256 tf_data_source_type=vault_kubernetes_service_account_token tf_mux_provider="*schema.GRPCProviderServer" timestamp="2026-07-07T23:34:22.235+0800"
2026-07-07T23:34:22.235+0800 [TRACE] provider.terraform-provider-vault_v5.10.1_x5: Found data source type: tf_data_source_type=vault_ssh_secret_backend_sign tf_mux_provider="*schema.GRPCProviderServer" tf_provider_addr=registry.terraform.io/hashicorp/vault tf_req_id=c7706ee4-ce49-f0d2-75b8-7b798a2427d6 @caller=github.com/hashicorp/terraform-plugin-sdk/v2@v2.40.1/helper/schema/grpc_provider.go:256 @module=sdk.helper_schema tf_rpc=GetProviderSchema timestamp="2026-07-07T23:34:22.235+0800"
2026-07-07T23:34:22.235+0800 [TRACE] provider.terraform-provider-vault_v5.10.1_x5: Found data source type: @caller=github.com/hashicorp/terraform-plugin-sdk/v2@v2.40.1/helper/schema/grpc_provider.go:256 @module=sdk.helper_schema tf_data_source_type=vault_transit_sign tf_provider_addr=registry.terraform.io/hashicorp/vault tf_rpc=GetProviderSchema tf_mux_provider="*schema.GRPCProviderServer" tf_req_id=c7706ee4-ce49-f0d2-75b8-7b798a2427d6 timestamp="2026-07-07T23:34:22.235+0800"
2026-07-07T23:34:22.235+0800 [TRACE] provider.terraform-provider-vault_v5.10.1_x5: Found data source type: tf_mux_provider="*schema.GRPCProviderServer" tf_provider_addr=registry.terraform.io/hashicorp/vault tf_rpc=GetProviderSchema @caller=github.com/hashicorp/terraform-plugin-sdk/v2@v2.40.1/helper/schema/grpc_provider.go:256 @module=sdk.helper_schema tf_data_source_type=vault_transit_decrypt tf_req_id=c7706ee4-ce49-f0d2-75b8-7b798a2427d6 timestamp="2026-07-07T23:34:22.235+0800"
2026-07-07T23:34:22.235+0800 [TRACE] provider.terraform-provider-vault_v5.10.1_x5: Found data source type: @module=sdk.helper_schema tf_provider_addr=registry.terraform.io/hashicorp/vault tf_req_id=c7706ee4-ce49-f0d2-75b8-7b798a2427d6 tf_rpc=GetProviderSchema @caller=github.com/hashicorp/terraform-plugin-sdk/v2@v2.40.1/helper/schema/grpc_provider.go:256 tf_data_source_type=vault_pki_secret_backend_config_cmpv2 tf_mux_provider="*schema.GRPCProviderServer" timestamp="2026-07-07T23:34:22.235+0800"
2026-07-07T23:34:22.235+0800 [TRACE] provider.terraform-provider-vault_v5.10.1_x5: Found data source type: tf_mux_provider="*schema.GRPCProviderServer" tf_rpc=GetProviderSchema @caller=github.com/hashicorp/terraform-plugin-sdk/v2@v2.40.1/helper/schema/grpc_provider.go:256 tf_provider_addr=registry.terraform.io/hashicorp/vault tf_req_id=c7706ee4-ce49-f0d2-75b8-7b798a2427d6 @module=sdk.helper_schema tf_data_source_type=vault_pki_secret_backend_issuer timestamp="2026-07-07T23:34:22.235+0800"
2026-07-07T23:34:22.236+0800 [TRACE] provider.terraform-provider-vault_v5.10.1_x5: Found data source type: @module=sdk.helper_schema tf_provider_addr=registry.terraform.io/hashicorp/vault tf_req_id=c7706ee4-ce49-f0d2-75b8-7b798a2427d6 @caller=github.com/hashicorp/terraform-plugin-sdk/v2@v2.40.1/helper/schema/grpc_provider.go:256 tf_data_source_type=vault_transit_cmac tf_mux_provider="*schema.GRPCProviderServer" tf_rpc=GetProviderSchema timestamp="2026-07-07T23:34:22.235+0800"
2026-07-07T23:34:22.236+0800 [TRACE] provider.terraform-provider-vault_v5.10.1_x5: Found data source type: @caller=github.com/hashicorp/terraform-plugin-sdk/v2@v2.40.1/helper/schema/grpc_provider.go:256 tf_data_source_type=vault_kv_secret_v2 tf_mux_provider="*schema.GRPCProviderServer" tf_provider_addr=registry.terraform.io/hashicorp/vault tf_req_id=c7706ee4-ce49-f0d2-75b8-7b798a2427d6 @module=sdk.helper_schema tf_rpc=GetProviderSchema timestamp="2026-07-07T23:34:22.235+0800"
2026-07-07T23:34:22.236+0800 [TRACE] provider.terraform-provider-vault_v5.10.1_x5: Found data source type: tf_req_id=c7706ee4-ce49-f0d2-75b8-7b798a2427d6 tf_rpc=GetProviderSchema @caller=github.com/hashicorp/terraform-plugin-sdk/v2@v2.40.1/helper/schema/grpc_provider.go:256 @module=sdk.helper_schema tf_data_source_type=vault_transform_decode tf_mux_provider="*schema.GRPCProviderServer" tf_provider_addr=registry.terraform.io/hashicorp/vault timestamp="2026-07-07T23:34:22.235+0800"
2026-07-07T23:34:22.236+0800 [TRACE] provider.terraform-provider-vault_v5.10.1_x5: Found data source type: tf_provider_addr=registry.terraform.io/hashicorp/vault tf_req_id=c7706ee4-ce49-f0d2-75b8-7b798a2427d6 @module=sdk.helper_schema tf_data_source_type=vault_ldap_dynamic_credentials tf_rpc=GetProviderSchema @caller=github.com/hashicorp/terraform-plugin-sdk/v2@v2.40.1/helper/schema/grpc_provider.go:256 tf_mux_provider="*schema.GRPCProviderServer" timestamp="2026-07-07T23:34:22.235+0800"
2026-07-07T23:34:22.236+0800 [TRACE] provider.terraform-provider-vault_v5.10.1_x5: Found data source type: @module=sdk.helper_schema tf_data_source_type=vault_ad_access_credentials tf_req_id=c7706ee4-ce49-f0d2-75b8-7b798a2427d6 tf_rpc=GetProviderSchema tf_mux_provider="*schema.GRPCProviderServer" tf_provider_addr=registry.terraform.io/hashicorp/vault @caller=github.com/hashicorp/terraform-plugin-sdk/v2@v2.40.1/helper/schema/grpc_provider.go:256 timestamp="2026-07-07T23:34:22.235+0800"
2026-07-07T23:34:22.236+0800 [TRACE] provider.terraform-provider-vault_v5.10.1_x5: Found data source type: @module=sdk.helper_schema tf_data_source_type=vault_pki_secret_backend_issuers tf_req_id=c7706ee4-ce49-f0d2-75b8-7b798a2427d6 tf_rpc=GetProviderSchema @caller=github.com/hashicorp/terraform-plugin-sdk/v2@v2.40.1/helper/schema/grpc_provider.go:256 tf_mux_provider="*schema.GRPCProviderServer" tf_provider_addr=registry.terraform.io/hashicorp/vault timestamp="2026-07-07T23:34:22.235+0800"
2026-07-07T23:34:22.236+0800 [TRACE] provider.terraform-provider-vault_v5.10.1_x5: Found data source type: tf_mux_provider="*schema.GRPCProviderServer" tf_provider_addr=registry.terraform.io/hashicorp/vault tf_req_id=c7706ee4-ce49-f0d2-75b8-7b798a2427d6 @module=sdk.helper_schema tf_data_source_type=vault_identity_entity tf_rpc=GetProviderSchema @caller=github.com/hashicorp/terraform-plugin-sdk/v2@v2.40.1/helper/schema/grpc_provider.go:256 timestamp="2026-07-07T23:34:22.235+0800"
2026-07-07T23:34:22.236+0800 [TRACE] provider.terraform-provider-vault_v5.10.1_x5: Found data source type: tf_mux_provider="*schema.GRPCProviderServer" tf_req_id=c7706ee4-ce49-f0d2-75b8-7b798a2427d6 tf_rpc=GetProviderSchema @caller=github.com/hashicorp/terraform-plugin-sdk/v2@v2.40.1/helper/schema/grpc_provider.go:256 @module=sdk.helper_schema tf_data_source_type=vault_aws_access_credentials tf_provider_addr=registry.terraform.io/hashicorp/vault timestamp="2026-07-07T23:34:22.235+0800"
2026-07-07T23:34:22.236+0800 [TRACE] provider.terraform-provider-vault_v5.10.1_x5: Found data source type: tf_provider_addr=registry.terraform.io/hashicorp/vault tf_req_id=c7706ee4-ce49-f0d2-75b8-7b798a2427d6 tf_rpc=GetProviderSchema @caller=github.com/hashicorp/terraform-plugin-sdk/v2@v2.40.1/helper/schema/grpc_provider.go:256 tf_data_source_type=vault_transit_encrypt tf_mux_provider="*schema.GRPCProviderServer" @module=sdk.helper_schema timestamp="2026-07-07T23:34:22.235+0800"
2026-07-07T23:34:22.236+0800 [TRACE] provider.terraform-provider-vault_v5.10.1_x5: Found data source type: tf_mux_provider="*schema.GRPCProviderServer" tf_rpc=GetProviderSchema @caller=github.com/hashicorp/terraform-plugin-sdk/v2@v2.40.1/helper/schema/grpc_provider.go:256 tf_provider_addr=registry.terraform.io/hashicorp/vault tf_req_id=c7706ee4-ce49-f0d2-75b8-7b798a2427d6 @module=sdk.helper_schema tf_data_source_type=vault_gcp_auth_backend_role timestamp="2026-07-07T23:34:22.235+0800"
2026-07-07T23:34:22.236+0800 [TRACE] provider.terraform-provider-vault_v5.10.1_x5: Found data source type: tf_mux_provider="*schema.GRPCProviderServer" tf_req_id=c7706ee4-ce49-f0d2-75b8-7b798a2427d6 @caller=github.com/hashicorp/terraform-plugin-sdk/v2@v2.40.1/helper/schema/grpc_provider.go:256 @module=sdk.helper_schema tf_data_source_type=vault_aws_static_access_credentials tf_provider_addr=registry.terraform.io/hashicorp/vault tf_rpc=GetProviderSchema timestamp="2026-07-07T23:34:22.235+0800"
2026-07-07T23:34:22.236+0800 [TRACE] provider.terraform-provider-vault_v5.10.1_x5: Found data source type: @caller=github.com/hashicorp/terraform-plugin-sdk/v2@v2.40.1/helper/schema/grpc_provider.go:256 @module=sdk.helper_schema tf_data_source_type=vault_approle_auth_backend_role_id tf_mux_provider="*schema.GRPCProviderServer" tf_provider_addr=registry.terraform.io/hashicorp/vault tf_req_id=c7706ee4-ce49-f0d2-75b8-7b798a2427d6 tf_rpc=GetProviderSchema timestamp="2026-07-07T23:34:22.235+0800"
2026-07-07T23:34:22.236+0800 [TRACE] provider.terraform-provider-vault_v5.10.1_x5: Found data source type: tf_mux_provider="*schema.GRPCProviderServer" @module=sdk.helper_schema tf_provider_addr=registry.terraform.io/hashicorp/vault tf_req_id=c7706ee4-ce49-f0d2-75b8-7b798a2427d6 tf_rpc=GetProviderSchema @caller=github.com/hashicorp/terraform-plugin-sdk/v2@v2.40.1/helper/schema/grpc_provider.go:256 tf_data_source_type=vault_pki_secret_backend_cert_metadata timestamp="2026-07-07T23:34:22.235+0800"
2026-07-07T23:34:22.236+0800 [TRACE] provider.terraform-provider-vault_v5.10.1_x5: Found data source type: @caller=github.com/hashicorp/terraform-plugin-sdk/v2@v2.40.1/helper/schema/grpc_provider.go:256 tf_data_source_type=vault_policy_document tf_mux_provider="*schema.GRPCProviderServer" tf_provider_addr=registry.terraform.io/hashicorp/vault tf_req_id=c7706ee4-ce49-f0d2-75b8-7b798a2427d6 tf_rpc=GetProviderSchema @module=sdk.helper_schema timestamp="2026-07-07T23:34:22.235+0800"
2026-07-07T23:34:22.236+0800 [TRACE] provider.terraform-provider-vault_v5.10.1_x5: Found data source type: @module=sdk.helper_schema tf_provider_addr=registry.terraform.io/hashicorp/vault @caller=github.com/hashicorp/terraform-plugin-sdk/v2@v2.40.1/helper/schema/grpc_provider.go:256 tf_data_source_type=vault_kv_secret tf_mux_provider="*schema.GRPCProviderServer" tf_req_id=c7706ee4-ce49-f0d2-75b8-7b798a2427d6 tf_rpc=GetProviderSchema timestamp="2026-07-07T23:34:22.235+0800"
2026-07-07T23:34:22.236+0800 [TRACE] provider.terraform-provider-vault_v5.10.1_x5: Found data source type: @module=sdk.helper_schema tf_mux_provider="*schema.GRPCProviderServer" tf_req_id=c7706ee4-ce49-f0d2-75b8-7b798a2427d6 tf_rpc=GetProviderSchema @caller=github.com/hashicorp/terraform-plugin-sdk/v2@v2.40.1/helper/schema/grpc_provider.go:256 tf_data_source_type=vault_identity_group tf_provider_addr=registry.terraform.io/hashicorp/vault timestamp="2026-07-07T23:34:22.235+0800"
2026-07-07T23:34:22.236+0800 [TRACE] provider.terraform-provider-vault_v5.10.1_x5: Found data source type: tf_mux_provider="*schema.GRPCProviderServer" tf_req_id=c7706ee4-ce49-f0d2-75b8-7b798a2427d6 tf_rpc=GetProviderSchema @caller=github.com/hashicorp/terraform-plugin-sdk/v2@v2.40.1/helper/schema/grpc_provider.go:256 @module=sdk.helper_schema tf_data_source_type=vault_generic_secret tf_provider_addr=registry.terraform.io/hashicorp/vault timestamp="2026-07-07T23:34:22.235+0800"
2026-07-07T23:34:22.236+0800 [TRACE] provider.terraform-provider-vault_v5.10.1_x5: Found data source type: tf_provider_addr=registry.terraform.io/hashicorp/vault tf_req_id=c7706ee4-ce49-f0d2-75b8-7b798a2427d6 @caller=github.com/hashicorp/terraform-plugin-sdk/v2@v2.40.1/helper/schema/grpc_provider.go:256 @module=sdk.helper_schema tf_data_source_type=vault_kv_secret_subkeys_v2 tf_mux_provider="*schema.GRPCProviderServer" tf_rpc=GetProviderSchema timestamp="2026-07-07T23:34:22.235+0800"
2026-07-07T23:34:22.236+0800 [TRACE] provider.terraform-provider-vault_v5.10.1_x5: Found data source type: @caller=github.com/hashicorp/terraform-plugin-sdk/v2@v2.40.1/helper/schema/grpc_provider.go:256 @module=sdk.helper_schema tf_data_source_type=vault_transform_encode tf_provider_addr=registry.terraform.io/hashicorp/vault tf_mux_provider="*schema.GRPCProviderServer" tf_req_id=c7706ee4-ce49-f0d2-75b8-7b798a2427d6 tf_rpc=GetProviderSchema timestamp="2026-07-07T23:34:22.235+0800"
2026-07-07T23:34:22.236+0800 [TRACE] provider.terraform-provider-vault_v5.10.1_x5: Found data source type: @caller=github.com/hashicorp/terraform-plugin-sdk/v2@v2.40.1/helper/schema/grpc_provider.go:256 @module=sdk.helper_schema tf_data_source_type=vault_transit_verify tf_mux_provider="*schema.GRPCProviderServer" tf_provider_addr=registry.terraform.io/hashicorp/vault tf_req_id=c7706ee4-ce49-f0d2-75b8-7b798a2427d6 tf_rpc=GetProviderSchema timestamp="2026-07-07T23:34:22.235+0800"
2026-07-07T23:34:22.236+0800 [TRACE] provider.terraform-provider-vault_v5.10.1_x5: Found data source type: @module=sdk.helper_schema tf_data_source_type=vault_nomad_access_token tf_provider_addr=registry.terraform.io/hashicorp/vault tf_req_id=c7706ee4-ce49-f0d2-75b8-7b798a2427d6 tf_mux_provider="*schema.GRPCProviderServer" tf_rpc=GetProviderSchema @caller=github.com/hashicorp/terraform-plugin-sdk/v2@v2.40.1/helper/schema/grpc_provider.go:256 timestamp="2026-07-07T23:34:22.235+0800"
2026-07-07T23:34:22.236+0800 [TRACE] provider.terraform-provider-vault_v5.10.1_x5: Found data source type: tf_rpc=GetProviderSchema @caller=github.com/hashicorp/terraform-plugin-sdk/v2@v2.40.1/helper/schema/grpc_provider.go:256 tf_data_source_type=vault_pki_secret_backend_key tf_mux_provider="*schema.GRPCProviderServer" tf_provider_addr=registry.terraform.io/hashicorp/vault tf_req_id=c7706ee4-ce49-f0d2-75b8-7b798a2427d6 @module=sdk.helper_schema timestamp="2026-07-07T23:34:22.235+0800"
2026-07-07T23:34:22.236+0800 [TRACE] provider.terraform-provider-vault_v5.10.1_x5: Found data source type: tf_data_source_type=vault_azure_access_credentials tf_mux_provider="*schema.GRPCProviderServer" tf_provider_addr=registry.terraform.io/hashicorp/vault tf_req_id=c7706ee4-ce49-f0d2-75b8-7b798a2427d6 tf_rpc=GetProviderSchema @caller=github.com/hashicorp/terraform-plugin-sdk/v2@v2.40.1/helper/schema/grpc_provider.go:256 @module=sdk.helper_schema timestamp="2026-07-07T23:34:22.235+0800"
2026-07-07T23:34:22.236+0800 [TRACE] provider.terraform-provider-vault_v5.10.1_x5: Found data source type: @module=sdk.helper_schema tf_mux_provider="*schema.GRPCProviderServer" tf_provider_addr=registry.terraform.io/hashicorp/vault tf_rpc=GetProviderSchema @caller=github.com/hashicorp/terraform-plugin-sdk/v2@v2.40.1/helper/schema/grpc_provider.go:256 tf_data_source_type=vault_auth_backends tf_req_id=c7706ee4-ce49-f0d2-75b8-7b798a2427d6 timestamp="2026-07-07T23:34:22.235+0800"
2026-07-07T23:34:22.236+0800 [TRACE] provider.terraform-provider-vault_v5.10.1_x5: Found data source type: tf_rpc=GetProviderSchema @module=sdk.helper_schema @caller=github.com/hashicorp/terraform-plugin-sdk/v2@v2.40.1/helper/schema/grpc_provider.go:256 tf_data_source_type=vault_pki_secret_backend_config_scep tf_mux_provider="*schema.GRPCProviderServer" tf_provider_addr=registry.terraform.io/hashicorp/vault tf_req_id=c7706ee4-ce49-f0d2-75b8-7b798a2427d6 timestamp="2026-07-07T23:34:22.235+0800"
2026-07-07T23:34:22.236+0800 [TRACE] provider.terraform-provider-vault_v5.10.1_x5: Found data source type: tf_mux_provider="*schema.GRPCProviderServer" tf_rpc=GetProviderSchema tf_data_source_type=vault_kubernetes_auth_backend_config tf_provider_addr=registry.terraform.io/hashicorp/vault tf_req_id=c7706ee4-ce49-f0d2-75b8-7b798a2427d6 @caller=github.com/hashicorp/terraform-plugin-sdk/v2@v2.40.1/helper/schema/grpc_provider.go:256 @module=sdk.helper_schema timestamp="2026-07-07T23:34:22.235+0800"
2026-07-07T23:34:22.236+0800 [TRACE] provider.terraform-provider-vault_v5.10.1_x5: Found data source type: @module=sdk.helper_schema tf_data_source_type=vault_identity_oidc_client_creds tf_provider_addr=registry.terraform.io/hashicorp/vault tf_mux_provider="*schema.GRPCProviderServer" tf_req_id=c7706ee4-ce49-f0d2-75b8-7b798a2427d6 tf_rpc=GetProviderSchema @caller=github.com/hashicorp/terraform-plugin-sdk/v2@v2.40.1/helper/schema/grpc_provider.go:256 timestamp="2026-07-07T23:34:22.235+0800"
2026-07-07T23:34:22.236+0800 [TRACE] provider.terraform-provider-vault_v5.10.1_x5: Found data source type: tf_req_id=c7706ee4-ce49-f0d2-75b8-7b798a2427d6 tf_rpc=GetProviderSchema @caller=github.com/hashicorp/terraform-plugin-sdk/v2@v2.40.1/helper/schema/grpc_provider.go:256 @module=sdk.helper_schema tf_mux_provider="*schema.GRPCProviderServer" tf_provider_addr=registry.terraform.io/hashicorp/vault tf_data_source_type=vault_kubernetes_auth_backend_role timestamp="2026-07-07T23:34:22.235+0800"
2026-07-07T23:34:22.236+0800 [TRACE] provider.terraform-provider-vault_v5.10.1_x5: Found data source type: @module=sdk.helper_schema tf_data_source_type=vault_identity_oidc_openid_config tf_req_id=c7706ee4-ce49-f0d2-75b8-7b798a2427d6 tf_mux_provider="*schema.GRPCProviderServer" tf_provider_addr=registry.terraform.io/hashicorp/vault tf_rpc=GetProviderSchema @caller=github.com/hashicorp/terraform-plugin-sdk/v2@v2.40.1/helper/schema/grpc_provider.go:256 timestamp="2026-07-07T23:34:22.235+0800"
2026-07-07T23:34:22.236+0800 [TRACE] provider.terraform-provider-vault_v5.10.1_x5: Found data source type: tf_rpc=GetProviderSchema @caller=github.com/hashicorp/terraform-plugin-sdk/v2@v2.40.1/helper/schema/grpc_provider.go:256 @module=sdk.helper_schema tf_data_source_type=vault_identity_oidc_public_keys tf_mux_provider="*schema.GRPCProviderServer" tf_provider_addr=registry.terraform.io/hashicorp/vault tf_req_id=c7706ee4-ce49-f0d2-75b8-7b798a2427d6 timestamp="2026-07-07T23:34:22.236+0800"
2026-07-07T23:34:22.236+0800 [TRACE] provider.terraform-provider-vault_v5.10.1_x5: calling downstream server: @caller=github.com/hashicorp/terraform-plugin-mux@v0.23.1/internal/logging/mux.go:19 @module=sdk.mux tf_mux_provider="*proto5server.Server" tf_rpc=GetProviderSchema timestamp="2026-07-07T23:34:22.236+0800"
2026-07-07T23:34:22.236+0800 [TRACE] provider.terraform-provider-vault_v5.10.1_x5: Checking ProviderSchema lock: tf_provider_addr=registry.terraform.io/hashicorp/vault tf_req_id=c7706ee4-ce49-f0d2-75b8-7b798a2427d6 tf_rpc=GetProviderSchema @caller=github.com/hashicorp/terraform-plugin-framework@v1.19.0/internal/fwserver/server.go:499 @module=sdk.framework tf_mux_provider="*proto5server.Server" timestamp="2026-07-07T23:34:22.236+0800"
2026-07-07T23:34:22.236+0800 [TRACE] provider.terraform-provider-vault_v5.10.1_x5: Calling provider defined Provider Schema: @module=sdk.framework tf_provider_addr=registry.terraform.io/hashicorp/vault tf_rpc=GetProviderSchema @caller=github.com/hashicorp/terraform-plugin-framework@v1.19.0/internal/fwserver/server.go:510 tf_mux_provider="*proto5server.Server" tf_req_id=c7706ee4-ce49-f0d2-75b8-7b798a2427d6 timestamp="2026-07-07T23:34:22.236+0800"
2026-07-07T23:34:22.236+0800 [TRACE] provider.terraform-provider-vault_v5.10.1_x5: Called provider defined Provider Schema: tf_mux_provider="*proto5server.Server" tf_provider_addr=registry.terraform.io/hashicorp/vault tf_rpc=GetProviderSchema @caller=github.com/hashicorp/terraform-plugin-framework@v1.19.0/internal/fwserver/server.go:512 @module=sdk.framework tf_req_id=c7706ee4-ce49-f0d2-75b8-7b798a2427d6 timestamp="2026-07-07T23:34:22.236+0800"
2026-07-07T23:34:22.236+0800 [TRACE] provider.terraform-provider-vault_v5.10.1_x5: Checking ResourceTypes lock: tf_req_id=c7706ee4-ce49-f0d2-75b8-7b798a2427d6 tf_rpc=GetProviderSchema @caller=github.com/hashicorp/terraform-plugin-framework@v1.19.0/internal/fwserver/server.go:649 tf_mux_provider="*proto5server.Server" tf_provider_addr=registry.terraform.io/hashicorp/vault @module=sdk.framework timestamp="2026-07-07T23:34:22.236+0800"
2026-07-07T23:34:22.236+0800 [TRACE] provider.terraform-provider-vault_v5.10.1_x5: Checking ProviderTypeName lock: tf_rpc=GetProviderSchema @caller=github.com/hashicorp/terraform-plugin-framework@v1.19.0/internal/fwserver/server.go:476 tf_provider_addr=registry.terraform.io/hashicorp/vault tf_req_id=c7706ee4-ce49-f0d2-75b8-7b798a2427d6 @module=sdk.framework tf_mux_provider="*proto5server.Server" timestamp="2026-07-07T23:34:22.236+0800"
2026-07-07T23:34:22.236+0800 [TRACE] provider.terraform-provider-vault_v5.10.1_x5: Calling provider defined Provider Metadata: @caller=github.com/hashicorp/terraform-plugin-framework@v1.19.0/internal/fwserver/server.go:487 @module=sdk.framework tf_req_id=c7706ee4-ce49-f0d2-75b8-7b798a2427d6 tf_rpc=GetProviderSchema tf_mux_provider="*proto5server.Server" tf_provider_addr=registry.terraform.io/hashicorp/vault timestamp="2026-07-07T23:34:22.236+0800"
2026-07-07T23:34:22.236+0800 [TRACE] provider.terraform-provider-vault_v5.10.1_x5: Called provider defined Provider Metadata: tf_mux_provider="*proto5server.Server" tf_provider_addr=registry.terraform.io/hashicorp/vault tf_req_id=c7706ee4-ce49-f0d2-75b8-7b798a2427d6 @module=sdk.framework tf_rpc=GetProviderSchema @caller=github.com/hashicorp/terraform-plugin-framework@v1.19.0/internal/fwserver/server.go:489 timestamp="2026-07-07T23:34:22.236+0800"
2026-07-07T23:34:22.236+0800 [TRACE] provider.terraform-provider-vault_v5.10.1_x5: Calling provider defined Provider Resources: tf_provider_addr=registry.terraform.io/hashicorp/vault tf_rpc=GetProviderSchema @caller=github.com/hashicorp/terraform-plugin-framework@v1.19.0/internal/fwserver/server.go:660 @module=sdk.framework tf_mux_provider="*proto5server.Server" tf_req_id=c7706ee4-ce49-f0d2-75b8-7b798a2427d6 timestamp="2026-07-07T23:34:22.236+0800"
2026-07-07T23:34:22.236+0800 [TRACE] provider.terraform-provider-vault_v5.10.1_x5: Called provider defined Provider Resources: @caller=github.com/hashicorp/terraform-plugin-framework@v1.19.0/internal/fwserver/server.go:662 @module=sdk.framework tf_mux_provider="*proto5server.Server" tf_provider_addr=registry.terraform.io/hashicorp/vault tf_rpc=GetProviderSchema tf_req_id=c7706ee4-ce49-f0d2-75b8-7b798a2427d6 timestamp="2026-07-07T23:34:22.236+0800"
2026-07-07T23:34:22.236+0800 [TRACE] provider.terraform-provider-vault_v5.10.1_x5: Found resource type: tf_rpc=GetProviderSchema @caller=github.com/hashicorp/terraform-plugin-framework@v1.19.0/internal/fwserver/server.go:683 tf_req_id=c7706ee4-ce49-f0d2-75b8-7b798a2427d6 @module=sdk.framework tf_mux_provider="*proto5server.Server" tf_provider_addr=registry.terraform.io/hashicorp/vault tf_resource_type=vault_spiffe_auth_backend_config timestamp="2026-07-07T23:34:22.236+0800"
2026-07-07T23:34:22.236+0800 [TRACE] provider.terraform-provider-vault_v5.10.1_x5: Found resource type: tf_rpc=GetProviderSchema @module=sdk.framework tf_mux_provider="*proto5server.Server" tf_provider_addr=registry.terraform.io/hashicorp/vault tf_req_id=c7706ee4-ce49-f0d2-75b8-7b798a2427d6 @caller=github.com/hashicorp/terraform-plugin-framework@v1.19.0/internal/fwserver/server.go:683 tf_resource_type=vault_spiffe_auth_backend_role timestamp="2026-07-07T23:34:22.236+0800"
2026-07-07T23:34:22.236+0800 [TRACE] provider.terraform-provider-vault_v5.10.1_x5: Found resource type: @caller=github.com/hashicorp/terraform-plugin-framework@v1.19.0/internal/fwserver/server.go:683 tf_provider_addr=registry.terraform.io/hashicorp/vault tf_req_id=c7706ee4-ce49-f0d2-75b8-7b798a2427d6 @module=sdk.framework tf_mux_provider="*proto5server.Server" tf_resource_type=vault_cf_auth_backend_config tf_rpc=GetProviderSchema timestamp="2026-07-07T23:34:22.236+0800"
2026-07-07T23:34:22.236+0800 [TRACE] provider.terraform-provider-vault_v5.10.1_x5: Found resource type: tf_rpc=GetProviderSchema @caller=github.com/hashicorp/terraform-plugin-framework@v1.19.0/internal/fwserver/server.go:683 @module=sdk.framework tf_mux_provider="*proto5server.Server" tf_req_id=c7706ee4-ce49-f0d2-75b8-7b798a2427d6 tf_provider_addr=registry.terraform.io/hashicorp/vault tf_resource_type=vault_cf_auth_backend_role timestamp="2026-07-07T23:34:22.236+0800"
2026-07-07T23:34:22.236+0800 [TRACE] provider.terraform-provider-vault_v5.10.1_x5: Found resource type: @caller=github.com/hashicorp/terraform-plugin-framework@v1.19.0/internal/fwserver/server.go:683 tf_mux_provider="*proto5server.Server" tf_provider_addr=registry.terraform.io/hashicorp/vault tf_req_id=c7706ee4-ce49-f0d2-75b8-7b798a2427d6 tf_resource_type=vault_userpass_auth_backend_user @module=sdk.framework tf_rpc=GetProviderSchema timestamp="2026-07-07T23:34:22.236+0800"
2026-07-07T23:34:22.236+0800 [TRACE] provider.terraform-provider-vault_v5.10.1_x5: Found resource type: @module=sdk.framework tf_req_id=c7706ee4-ce49-f0d2-75b8-7b798a2427d6 tf_resource_type=vault_spiffe_secret_backend_config tf_rpc=GetProviderSchema tf_mux_provider="*proto5server.Server" tf_provider_addr=registry.terraform.io/hashicorp/vault @caller=github.com/hashicorp/terraform-plugin-framework@v1.19.0/internal/fwserver/server.go:683 timestamp="2026-07-07T23:34:22.236+0800"
2026-07-07T23:34:22.236+0800 [TRACE] provider.terraform-provider-vault_v5.10.1_x5: Found resource type: @caller=github.com/hashicorp/terraform-plugin-framework@v1.19.0/internal/fwserver/server.go:683 @module=sdk.framework tf_mux_provider="*proto5server.Server" tf_provider_addr=registry.terraform.io/hashicorp/vault tf_req_id=c7706ee4-ce49-f0d2-75b8-7b798a2427d6 tf_resource_type=vault_spiffe_secret_backend_role tf_rpc=GetProviderSchema timestamp="2026-07-07T23:34:22.236+0800"
2026-07-07T23:34:22.236+0800 [TRACE] provider.terraform-provider-vault_v5.10.1_x5: Found resource type: @module=sdk.framework tf_mux_provider="*proto5server.Server" tf_provider_addr=registry.terraform.io/hashicorp/vault tf_req_id=c7706ee4-ce49-f0d2-75b8-7b798a2427d6 tf_resource_type=vault_radius_auth_backend tf_rpc=GetProviderSchema @caller=github.com/hashicorp/terraform-plugin-framework@v1.19.0/internal/fwserver/server.go:683 timestamp="2026-07-07T23:34:22.236+0800"
2026-07-07T23:34:22.236+0800 [TRACE] provider.terraform-provider-vault_v5.10.1_x5: Found resource type: @caller=github.com/hashicorp/terraform-plugin-framework@v1.19.0/internal/fwserver/server.go:683 @module=sdk.framework tf_mux_provider="*proto5server.Server" tf_provider_addr=registry.terraform.io/hashicorp/vault tf_resource_type=vault_radius_auth_backend_user tf_req_id=c7706ee4-ce49-f0d2-75b8-7b798a2427d6 tf_rpc=GetProviderSchema timestamp="2026-07-07T23:34:22.236+0800"
2026-07-07T23:34:22.236+0800 [TRACE] provider.terraform-provider-vault_v5.10.1_x5: Found resource type: @module=sdk.framework tf_mux_provider="*proto5server.Server" tf_provider_addr=registry.terraform.io/hashicorp/vault tf_resource_type=vault_password_policy @caller=github.com/hashicorp/terraform-plugin-framework@v1.19.0/internal/fwserver/server.go:683 tf_req_id=c7706ee4-ce49-f0d2-75b8-7b798a2427d6 tf_rpc=GetProviderSchema timestamp="2026-07-07T23:34:22.236+0800"
2026-07-07T23:34:22.236+0800 [TRACE] provider.terraform-provider-vault_v5.10.1_x5: Found resource type: tf_mux_provider="*proto5server.Server" tf_provider_addr=registry.terraform.io/hashicorp/vault tf_req_id=c7706ee4-ce49-f0d2-75b8-7b798a2427d6 tf_resource_type=vault_config_ui_default_auth @module=sdk.framework tf_rpc=GetProviderSchema @caller=github.com/hashicorp/terraform-plugin-framework@v1.19.0/internal/fwserver/server.go:683 timestamp="2026-07-07T23:34:22.236+0800"
2026-07-07T23:34:22.236+0800 [TRACE] provider.terraform-provider-vault_v5.10.1_x5: Found resource type: tf_mux_provider="*proto5server.Server" tf_provider_addr=registry.terraform.io/hashicorp/vault tf_req_id=c7706ee4-ce49-f0d2-75b8-7b798a2427d6 tf_rpc=GetProviderSchema tf_resource_type=vault_config_group_policy_application @caller=github.com/hashicorp/terraform-plugin-framework@v1.19.0/internal/fwserver/server.go:683 @module=sdk.framework timestamp="2026-07-07T23:34:22.236+0800"
2026-07-07T23:34:22.236+0800 [TRACE] provider.terraform-provider-vault_v5.10.1_x5: Found resource type: tf_mux_provider="*proto5server.Server" tf_provider_addr=registry.terraform.io/hashicorp/vault tf_req_id=c7706ee4-ce49-f0d2-75b8-7b798a2427d6 tf_rpc=GetProviderSchema @caller=github.com/hashicorp/terraform-plugin-framework@v1.19.0/internal/fwserver/server.go:683 @module=sdk.framework tf_resource_type=vault_config_ui_header timestamp="2026-07-07T23:34:22.236+0800"
2026-07-07T23:34:22.236+0800 [TRACE] provider.terraform-provider-vault_v5.10.1_x5: Found resource type: @caller=github.com/hashicorp/terraform-plugin-framework@v1.19.0/internal/fwserver/server.go:683 tf_provider_addr=registry.terraform.io/hashicorp/vault tf_req_id=c7706ee4-ce49-f0d2-75b8-7b798a2427d6 @module=sdk.framework tf_mux_provider="*proto5server.Server" tf_resource_type=vault_rotation_policy tf_rpc=GetProviderSchema timestamp="2026-07-07T23:34:22.236+0800"
2026-07-07T23:34:22.236+0800 [TRACE] provider.terraform-provider-vault_v5.10.1_x5: Found resource type: @caller=github.com/hashicorp/terraform-plugin-framework@v1.19.0/internal/fwserver/server.go:683 tf_mux_provider="*proto5server.Server" tf_req_id=c7706ee4-ce49-f0d2-75b8-7b798a2427d6 tf_rpc=GetProviderSchema @module=sdk.framework tf_provider_addr=registry.terraform.io/hashicorp/vault tf_resource_type=vault_quota_config timestamp="2026-07-07T23:34:22.236+0800"
2026-07-07T23:34:22.236+0800 [TRACE] provider.terraform-provider-vault_v5.10.1_x5: Found resource type: @caller=github.com/hashicorp/terraform-plugin-framework@v1.19.0/internal/fwserver/server.go:683 @module=sdk.framework tf_mux_provider="*proto5server.Server" tf_provider_addr=registry.terraform.io/hashicorp/vault tf_req_id=c7706ee4-ce49-f0d2-75b8-7b798a2427d6 tf_resource_type=vault_plugin_runtime tf_rpc=GetProviderSchema timestamp="2026-07-07T23:34:22.236+0800"
2026-07-07T23:34:22.236+0800 [TRACE] provider.terraform-provider-vault_v5.10.1_x5: Found resource type: @caller=github.com/hashicorp/terraform-plugin-framework@v1.19.0/internal/fwserver/server.go:683 tf_req_id=c7706ee4-ce49-f0d2-75b8-7b798a2427d6 tf_resource_type=vault_oauth_resource_server_config_profile tf_rpc=GetProviderSchema @module=sdk.framework tf_mux_provider="*proto5server.Server" tf_provider_addr=registry.terraform.io/hashicorp/vault timestamp="2026-07-07T23:34:22.236+0800"
2026-07-07T23:34:22.236+0800 [TRACE] provider.terraform-provider-vault_v5.10.1_x5: Found resource type: tf_provider_addr=registry.terraform.io/hashicorp/vault tf_resource_type=vault_agent_registration tf_rpc=GetProviderSchema @module=sdk.framework tf_mux_provider="*proto5server.Server" tf_req_id=c7706ee4-ce49-f0d2-75b8-7b798a2427d6 @caller=github.com/hashicorp/terraform-plugin-framework@v1.19.0/internal/fwserver/server.go:683 timestamp="2026-07-07T23:34:22.236+0800"
2026-07-07T23:34:22.236+0800 [TRACE] provider.terraform-provider-vault_v5.10.1_x5: Found resource type: tf_provider_addr=registry.terraform.io/hashicorp/vault tf_resource_type=vault_sys_config_cors tf_rpc=GetProviderSchema @caller=github.com/hashicorp/terraform-plugin-framework@v1.19.0/internal/fwserver/server.go:683 @module=sdk.framework tf_mux_provider="*proto5server.Server" tf_req_id=c7706ee4-ce49-f0d2-75b8-7b798a2427d6 timestamp="2026-07-07T23:34:22.236+0800"
2026-07-07T23:34:22.236+0800 [TRACE] provider.terraform-provider-vault_v5.10.1_x5: Found resource type: @caller=github.com/hashicorp/terraform-plugin-framework@v1.19.0/internal/fwserver/server.go:683 tf_req_id=c7706ee4-ce49-f0d2-75b8-7b798a2427d6 tf_rpc=GetProviderSchema @module=sdk.framework tf_mux_provider="*proto5server.Server" tf_provider_addr=registry.terraform.io/hashicorp/vault tf_resource_type=vault_config_control_group timestamp="2026-07-07T23:34:22.236+0800"
2026-07-07T23:34:22.236+0800 [TRACE] provider.terraform-provider-vault_v5.10.1_x5: Found resource type: tf_req_id=c7706ee4-ce49-f0d2-75b8-7b798a2427d6 tf_resource_type=vault_raft_snapshot_agent_config tf_rpc=GetProviderSchema @caller=github.com/hashicorp/terraform-plugin-framework@v1.19.0/internal/fwserver/server.go:683 @module=sdk.framework tf_mux_provider="*proto5server.Server" tf_provider_addr=registry.terraform.io/hashicorp/vault timestamp="2026-07-07T23:34:22.236+0800"
2026-07-07T23:34:22.236+0800 [TRACE] provider.terraform-provider-vault_v5.10.1_x5: Found resource type: @module=sdk.framework tf_provider_addr=registry.terraform.io/hashicorp/vault tf_mux_provider="*proto5server.Server" tf_req_id=c7706ee4-ce49-f0d2-75b8-7b798a2427d6 tf_resource_type=vault_azure_secret_backend_static_role tf_rpc=GetProviderSchema @caller=github.com/hashicorp/terraform-plugin-framework@v1.19.0/internal/fwserver/server.go:683 timestamp="2026-07-07T23:34:22.236+0800"
2026-07-07T23:34:22.236+0800 [TRACE] provider.terraform-provider-vault_v5.10.1_x5: Found resource type: tf_resource_type=vault_kmip_secret_listener tf_rpc=GetProviderSchema tf_mux_provider="*proto5server.Server" @caller=github.com/hashicorp/terraform-plugin-framework@v1.19.0/internal/fwserver/server.go:683 @module=sdk.framework tf_provider_addr=registry.terraform.io/hashicorp/vault tf_req_id=c7706ee4-ce49-f0d2-75b8-7b798a2427d6 timestamp="2026-07-07T23:34:22.236+0800"
2026-07-07T23:34:22.236+0800 [TRACE] provider.terraform-provider-vault_v5.10.1_x5: Found resource type: @caller=github.com/hashicorp/terraform-plugin-framework@v1.19.0/internal/fwserver/server.go:683 @module=sdk.framework tf_mux_provider="*proto5server.Server" tf_rpc=GetProviderSchema tf_provider_addr=registry.terraform.io/hashicorp/vault tf_req_id=c7706ee4-ce49-f0d2-75b8-7b798a2427d6 tf_resource_type=vault_kmip_secret_ca_generated timestamp="2026-07-07T23:34:22.236+0800"
2026-07-07T23:34:22.236+0800 [TRACE] provider.terraform-provider-vault_v5.10.1_x5: Found resource type: @caller=github.com/hashicorp/terraform-plugin-framework@v1.19.0/internal/fwserver/server.go:683 @module=sdk.framework tf_provider_addr=registry.terraform.io/hashicorp/vault tf_resource_type=vault_kmip_secret_ca_imported tf_rpc=GetProviderSchema tf_mux_provider="*proto5server.Server" tf_req_id=c7706ee4-ce49-f0d2-75b8-7b798a2427d6 timestamp="2026-07-07T23:34:22.236+0800"
2026-07-07T23:34:22.236+0800 [TRACE] provider.terraform-provider-vault_v5.10.1_x5: Found resource type: tf_req_id=c7706ee4-ce49-f0d2-75b8-7b798a2427d6 tf_resource_type=vault_os_secret_backend tf_rpc=GetProviderSchema @caller=github.com/hashicorp/terraform-plugin-framework@v1.19.0/internal/fwserver/server.go:683 @module=sdk.framework tf_mux_provider="*proto5server.Server" tf_provider_addr=registry.terraform.io/hashicorp/vault timestamp="2026-07-07T23:34:22.236+0800"
2026-07-07T23:34:22.236+0800 [TRACE] provider.terraform-provider-vault_v5.10.1_x5: Found resource type: @caller=github.com/hashicorp/terraform-plugin-framework@v1.19.0/internal/fwserver/server.go:683 tf_mux_provider="*proto5server.Server" tf_resource_type=vault_os_secret_backend_host tf_rpc=GetProviderSchema @module=sdk.framework tf_provider_addr=registry.terraform.io/hashicorp/vault tf_req_id=c7706ee4-ce49-f0d2-75b8-7b798a2427d6 timestamp="2026-07-07T23:34:22.236+0800"
2026-07-07T23:34:22.236+0800 [TRACE] provider.terraform-provider-vault_v5.10.1_x5: Found resource type: @module=sdk.framework tf_req_id=c7706ee4-ce49-f0d2-75b8-7b798a2427d6 tf_mux_provider="*proto5server.Server" tf_provider_addr=registry.terraform.io/hashicorp/vault tf_resource_type=vault_os_secret_backend_account tf_rpc=GetProviderSchema @caller=github.com/hashicorp/terraform-plugin-framework@v1.19.0/internal/fwserver/server.go:683 timestamp="2026-07-07T23:34:22.236+0800"
2026-07-07T23:34:22.236+0800 [TRACE] provider.terraform-provider-vault_v5.10.1_x5: Found resource type: @caller=github.com/hashicorp/terraform-plugin-framework@v1.19.0/internal/fwserver/server.go:683 @module=sdk.framework tf_mux_provider="*proto5server.Server" tf_provider_addr=registry.terraform.io/hashicorp/vault tf_resource_type=vault_pki_external_ca_secret_backend_acme_account tf_req_id=c7706ee4-ce49-f0d2-75b8-7b798a2427d6 tf_rpc=GetProviderSchema timestamp="2026-07-07T23:34:22.236+0800"
2026-07-07T23:34:22.236+0800 [TRACE] provider.terraform-provider-vault_v5.10.1_x5: Found resource type: @caller=github.com/hashicorp/terraform-plugin-framework@v1.19.0/internal/fwserver/server.go:683 tf_resource_type=vault_pki_external_ca_secret_backend_role @module=sdk.framework tf_mux_provider="*proto5server.Server" tf_provider_addr=registry.terraform.io/hashicorp/vault tf_req_id=c7706ee4-ce49-f0d2-75b8-7b798a2427d6 tf_rpc=GetProviderSchema timestamp="2026-07-07T23:34:22.236+0800"
2026-07-07T23:34:22.236+0800 [TRACE] provider.terraform-provider-vault_v5.10.1_x5: Found resource type: @caller=github.com/hashicorp/terraform-plugin-framework@v1.19.0/internal/fwserver/server.go:683 tf_mux_provider="*proto5server.Server" @module=sdk.framework tf_provider_addr=registry.terraform.io/hashicorp/vault tf_req_id=c7706ee4-ce49-f0d2-75b8-7b798a2427d6 tf_resource_type=vault_pki_external_ca_secret_backend_order tf_rpc=GetProviderSchema timestamp="2026-07-07T23:34:22.236+0800"
2026-07-07T23:34:22.236+0800 [TRACE] provider.terraform-provider-vault_v5.10.1_x5: Found resource type: tf_mux_provider="*proto5server.Server" tf_req_id=c7706ee4-ce49-f0d2-75b8-7b798a2427d6 tf_resource_type=vault_pki_external_ca_secret_backend_order_challenge_fulfilled tf_rpc=GetProviderSchema @module=sdk.framework tf_provider_addr=registry.terraform.io/hashicorp/vault @caller=github.com/hashicorp/terraform-plugin-framework@v1.19.0/internal/fwserver/server.go:683 timestamp="2026-07-07T23:34:22.236+0800"
2026-07-07T23:34:22.236+0800 [TRACE] provider.terraform-provider-vault_v5.10.1_x5: Found resource type: @module=sdk.framework tf_resource_type=vault_pki_external_ca_secret_backend_order_certificate tf_rpc=GetProviderSchema tf_mux_provider="*proto5server.Server" tf_provider_addr=registry.terraform.io/hashicorp/vault tf_req_id=c7706ee4-ce49-f0d2-75b8-7b798a2427d6 @caller=github.com/hashicorp/terraform-plugin-framework@v1.19.0/internal/fwserver/server.go:683 timestamp="2026-07-07T23:34:22.236+0800"
2026-07-07T23:34:22.236+0800 [TRACE] provider.terraform-provider-vault_v5.10.1_x5: Found resource type: @caller=github.com/hashicorp/terraform-plugin-framework@v1.19.0/internal/fwserver/server.go:683 @module=sdk.framework tf_provider_addr=registry.terraform.io/hashicorp/vault tf_req_id=c7706ee4-ce49-f0d2-75b8-7b798a2427d6 tf_resource_type=vault_activation_flags tf_rpc=GetProviderSchema tf_mux_provider="*proto5server.Server" timestamp="2026-07-07T23:34:22.236+0800"
2026-07-07T23:34:22.236+0800 [TRACE] provider.terraform-provider-vault_v5.10.1_x5: Found resource type: @caller=github.com/hashicorp/terraform-plugin-framework@v1.19.0/internal/fwserver/server.go:683 @module=sdk.framework tf_mux_provider="*proto5server.Server" tf_req_id=c7706ee4-ce49-f0d2-75b8-7b798a2427d6 tf_resource_type=vault_keymgmt_key tf_provider_addr=registry.terraform.io/hashicorp/vault tf_rpc=GetProviderSchema timestamp="2026-07-07T23:34:22.236+0800"
2026-07-07T23:34:22.236+0800 [TRACE] provider.terraform-provider-vault_v5.10.1_x5: Found resource type: tf_mux_provider="*proto5server.Server" tf_provider_addr=registry.terraform.io/hashicorp/vault tf_rpc=GetProviderSchema @caller=github.com/hashicorp/terraform-plugin-framework@v1.19.0/internal/fwserver/server.go:683 @module=sdk.framework tf_req_id=c7706ee4-ce49-f0d2-75b8-7b798a2427d6 tf_resource_type=vault_keymgmt_aws_kms timestamp="2026-07-07T23:34:22.236+0800"
2026-07-07T23:34:22.236+0800 [TRACE] provider.terraform-provider-vault_v5.10.1_x5: Found resource type: tf_req_id=c7706ee4-ce49-f0d2-75b8-7b798a2427d6 tf_resource_type=vault_keymgmt_azure_kms tf_rpc=GetProviderSchema @caller=github.com/hashicorp/terraform-plugin-framework@v1.19.0/internal/fwserver/server.go:683 tf_provider_addr=registry.terraform.io/hashicorp/vault @module=sdk.framework tf_mux_provider="*proto5server.Server" timestamp="2026-07-07T23:34:22.236+0800"
2026-07-07T23:34:22.236+0800 [TRACE] provider.terraform-provider-vault_v5.10.1_x5: Found resource type: tf_req_id=c7706ee4-ce49-f0d2-75b8-7b798a2427d6 tf_resource_type=vault_keymgmt_gcp_kms @caller=github.com/hashicorp/terraform-plugin-framework@v1.19.0/internal/fwserver/server.go:683 @module=sdk.framework tf_provider_addr=registry.terraform.io/hashicorp/vault tf_rpc=GetProviderSchema tf_mux_provider="*proto5server.Server" timestamp="2026-07-07T23:34:22.236+0800"
2026-07-07T23:34:22.236+0800 [TRACE] provider.terraform-provider-vault_v5.10.1_x5: Found resource type: @module=sdk.framework tf_mux_provider="*proto5server.Server" tf_resource_type=vault_keymgmt_key_rotate tf_provider_addr=registry.terraform.io/hashicorp/vault tf_req_id=c7706ee4-ce49-f0d2-75b8-7b798a2427d6 tf_rpc=GetProviderSchema @caller=github.com/hashicorp/terraform-plugin-framework@v1.19.0/internal/fwserver/server.go:683 timestamp="2026-07-07T23:34:22.236+0800"
2026-07-07T23:34:22.236+0800 [TRACE] provider.terraform-provider-vault_v5.10.1_x5: Found resource type: @caller=github.com/hashicorp/terraform-plugin-framework@v1.19.0/internal/fwserver/server.go:683 tf_req_id=c7706ee4-ce49-f0d2-75b8-7b798a2427d6 tf_resource_type=vault_keymgmt_distribute_key @module=sdk.framework tf_mux_provider="*proto5server.Server" tf_provider_addr=registry.terraform.io/hashicorp/vault tf_rpc=GetProviderSchema timestamp="2026-07-07T23:34:22.236+0800"
2026-07-07T23:34:22.236+0800 [TRACE] provider.terraform-provider-vault_v5.10.1_x5: Found resource type: @module=sdk.framework tf_mux_provider="*proto5server.Server" tf_req_id=c7706ee4-ce49-f0d2-75b8-7b798a2427d6 tf_resource_type=vault_keymgmt_replicate_key @caller=github.com/hashicorp/terraform-plugin-framework@v1.19.0/internal/fwserver/server.go:683 tf_provider_addr=registry.terraform.io/hashicorp/vault tf_rpc=GetProviderSchema timestamp="2026-07-07T23:34:22.236+0800"
2026-07-07T23:34:22.237+0800 [TRACE] provider.terraform-provider-vault_v5.10.1_x5: Found resource type: tf_provider_addr=registry.terraform.io/hashicorp/vault tf_resource_type=vault_alicloud_secret_backend @caller=github.com/hashicorp/terraform-plugin-framework@v1.19.0/internal/fwserver/server.go:683 @module=sdk.framework tf_mux_provider="*proto5server.Server" tf_req_id=c7706ee4-ce49-f0d2-75b8-7b798a2427d6 tf_rpc=GetProviderSchema timestamp="2026-07-07T23:34:22.236+0800"
2026-07-07T23:34:22.237+0800 [TRACE] provider.terraform-provider-vault_v5.10.1_x5: Found resource type: @module=sdk.framework tf_provider_addr=registry.terraform.io/hashicorp/vault tf_req_id=c7706ee4-ce49-f0d2-75b8-7b798a2427d6 tf_resource_type=vault_alicloud_secret_backend_role @caller=github.com/hashicorp/terraform-plugin-framework@v1.19.0/internal/fwserver/server.go:683 tf_mux_provider="*proto5server.Server" tf_rpc=GetProviderSchema timestamp="2026-07-07T23:34:22.236+0800"
2026-07-07T23:34:22.237+0800 [TRACE] provider.terraform-provider-vault_v5.10.1_x5: Calling provider defined Resource Schema method: tf_rpc=GetProviderSchema @module=sdk.framework tf_mux_provider="*proto5server.Server" tf_req_id=c7706ee4-ce49-f0d2-75b8-7b798a2427d6 tf_resource_type=vault_keymgmt_replicate_key @caller=github.com/hashicorp/terraform-plugin-framework@v1.19.0/internal/fwserver/server.go:779 tf_provider_addr=registry.terraform.io/hashicorp/vault timestamp="2026-07-07T23:34:22.236+0800"
2026-07-07T23:34:22.237+0800 [TRACE] provider.terraform-provider-vault_v5.10.1_x5: Called provider defined Resource Schema method: @caller=github.com/hashicorp/terraform-plugin-framework@v1.19.0/internal/fwserver/server.go:781 tf_provider_addr=registry.terraform.io/hashicorp/vault tf_req_id=c7706ee4-ce49-f0d2-75b8-7b798a2427d6 tf_resource_type=vault_keymgmt_replicate_key @module=sdk.framework tf_mux_provider="*proto5server.Server" tf_rpc=GetProviderSchema timestamp="2026-07-07T23:34:22.236+0800"
2026-07-07T23:34:22.237+0800 [TRACE] provider.terraform-provider-vault_v5.10.1_x5: Calling provider defined Resource Schema method: tf_resource_type=vault_rotation_policy @caller=github.com/hashicorp/terraform-plugin-framework@v1.19.0/internal/fwserver/server.go:779 @module=sdk.framework tf_req_id=c7706ee4-ce49-f0d2-75b8-7b798a2427d6 tf_rpc=GetProviderSchema tf_mux_provider="*proto5server.Server" tf_provider_addr=registry.terraform.io/hashicorp/vault timestamp="2026-07-07T23:34:22.236+0800"
2026-07-07T23:34:22.237+0800 [TRACE] provider.terraform-provider-vault_v5.10.1_x5: Called provider defined Resource Schema method: tf_mux_provider="*proto5server.Server" tf_provider_addr=registry.terraform.io/hashicorp/vault @caller=github.com/hashicorp/terraform-plugin-framework@v1.19.0/internal/fwserver/server.go:781 @module=sdk.framework tf_req_id=c7706ee4-ce49-f0d2-75b8-7b798a2427d6 tf_resource_type=vault_rotation_policy tf_rpc=GetProviderSchema timestamp="2026-07-07T23:34:22.236+0800"
2026-07-07T23:34:22.237+0800 [TRACE] provider.terraform-provider-vault_v5.10.1_x5: Calling provider defined Resource Schema method: @module=sdk.framework tf_mux_provider="*proto5server.Server" tf_provider_addr=registry.terraform.io/hashicorp/vault tf_req_id=c7706ee4-ce49-f0d2-75b8-7b798a2427d6 tf_resource_type=vault_kmip_secret_listener tf_rpc=GetProviderSchema @caller=github.com/hashicorp/terraform-plugin-framework@v1.19.0/internal/fwserver/server.go:779 timestamp="2026-07-07T23:34:22.236+0800"
2026-07-07T23:34:22.237+0800 [TRACE] provider.terraform-provider-vault_v5.10.1_x5: Called provider defined Resource Schema method: tf_provider_addr=registry.terraform.io/hashicorp/vault tf_req_id=c7706ee4-ce49-f0d2-75b8-7b798a2427d6 tf_resource_type=vault_kmip_secret_listener @caller=github.com/hashicorp/terraform-plugin-framework@v1.19.0/internal/fwserver/server.go:781 tf_mux_provider="*proto5server.Server" tf_rpc=GetProviderSchema @module=sdk.framework timestamp="2026-07-07T23:34:22.236+0800"
2026-07-07T23:34:22.237+0800 [TRACE] provider.terraform-provider-vault_v5.10.1_x5: Calling provider defined Resource Schema method: @module=sdk.framework tf_provider_addr=registry.terraform.io/hashicorp/vault tf_mux_provider="*proto5server.Server" tf_req_id=c7706ee4-ce49-f0d2-75b8-7b798a2427d6 tf_resource_type=vault_kmip_secret_ca_generated tf_rpc=GetProviderSchema @caller=github.com/hashicorp/terraform-plugin-framework@v1.19.0/internal/fwserver/server.go:779 timestamp="2026-07-07T23:34:22.236+0800"
2026-07-07T23:34:22.237+0800 [TRACE] provider.terraform-provider-vault_v5.10.1_x5: Called provider defined Resource Schema method: @caller=github.com/hashicorp/terraform-plugin-framework@v1.19.0/internal/fwserver/server.go:781 @module=sdk.framework tf_provider_addr=registry.terraform.io/hashicorp/vault tf_resource_type=vault_kmip_secret_ca_generated tf_rpc=GetProviderSchema tf_mux_provider="*proto5server.Server" tf_req_id=c7706ee4-ce49-f0d2-75b8-7b798a2427d6 timestamp="2026-07-07T23:34:22.236+0800"
2026-07-07T23:34:22.237+0800 [TRACE] provider.terraform-provider-vault_v5.10.1_x5: Calling provider defined Resource Schema method: tf_resource_type=vault_os_secret_backend_account @module=sdk.framework tf_req_id=c7706ee4-ce49-f0d2-75b8-7b798a2427d6 tf_rpc=GetProviderSchema @caller=github.com/hashicorp/terraform-plugin-framework@v1.19.0/internal/fwserver/server.go:779 tf_mux_provider="*proto5server.Server" tf_provider_addr=registry.terraform.io/hashicorp/vault timestamp="2026-07-07T23:34:22.236+0800"
2026-07-07T23:34:22.237+0800 [TRACE] provider.terraform-provider-vault_v5.10.1_x5: Called provider defined Resource Schema method: @module=sdk.framework tf_mux_provider="*proto5server.Server" tf_resource_type=vault_os_secret_backend_account tf_rpc=GetProviderSchema tf_provider_addr=registry.terraform.io/hashicorp/vault tf_req_id=c7706ee4-ce49-f0d2-75b8-7b798a2427d6 @caller=github.com/hashicorp/terraform-plugin-framework@v1.19.0/internal/fwserver/server.go:781 timestamp="2026-07-07T23:34:22.237+0800"
2026-07-07T23:34:22.237+0800 [TRACE] provider.terraform-provider-vault_v5.10.1_x5: Calling provider defined Resource Schema method: tf_provider_addr=registry.terraform.io/hashicorp/vault tf_req_id=c7706ee4-ce49-f0d2-75b8-7b798a2427d6 tf_resource_type=vault_keymgmt_azure_kms tf_rpc=GetProviderSchema @module=sdk.framework @caller=github.com/hashicorp/terraform-plugin-framework@v1.19.0/internal/fwserver/server.go:779 tf_mux_provider="*proto5server.Server" timestamp="2026-07-07T23:34:22.237+0800"
2026-07-07T23:34:22.237+0800 [TRACE] provider.terraform-provider-vault_v5.10.1_x5: Called provider defined Resource Schema method: @module=sdk.framework tf_mux_provider="*proto5server.Server" tf_provider_addr=registry.terraform.io/hashicorp/vault tf_req_id=c7706ee4-ce49-f0d2-75b8-7b798a2427d6 tf_resource_type=vault_keymgmt_azure_kms tf_rpc=GetProviderSchema @caller=github.com/hashicorp/terraform-plugin-framework@v1.19.0/internal/fwserver/server.go:781 timestamp="2026-07-07T23:34:22.237+0800"
2026-07-07T23:34:22.237+0800 [TRACE] provider.terraform-provider-vault_v5.10.1_x5: Calling provider defined Resource Schema method: tf_rpc=GetProviderSchema @caller=github.com/hashicorp/terraform-plugin-framework@v1.19.0/internal/fwserver/server.go:779 @module=sdk.framework tf_mux_provider="*proto5server.Server" tf_provider_addr=registry.terraform.io/hashicorp/vault tf_resource_type=vault_cf_auth_backend_config tf_req_id=c7706ee4-ce49-f0d2-75b8-7b798a2427d6 timestamp="2026-07-07T23:34:22.237+0800"
2026-07-07T23:34:22.237+0800 [TRACE] provider.terraform-provider-vault_v5.10.1_x5: Called provider defined Resource Schema method: @caller=github.com/hashicorp/terraform-plugin-framework@v1.19.0/internal/fwserver/server.go:781 tf_mux_provider="*proto5server.Server" tf_provider_addr=registry.terraform.io/hashicorp/vault tf_req_id=c7706ee4-ce49-f0d2-75b8-7b798a2427d6 tf_resource_type=vault_cf_auth_backend_config @module=sdk.framework tf_rpc=GetProviderSchema timestamp="2026-07-07T23:34:22.237+0800"
2026-07-07T23:34:22.237+0800 [TRACE] provider.terraform-provider-vault_v5.10.1_x5: Calling provider defined Resource Schema method: @caller=github.com/hashicorp/terraform-plugin-framework@v1.19.0/internal/fwserver/server.go:779 @module=sdk.framework tf_mux_provider="*proto5server.Server" tf_req_id=c7706ee4-ce49-f0d2-75b8-7b798a2427d6 tf_provider_addr=registry.terraform.io/hashicorp/vault tf_resource_type=vault_raft_snapshot_agent_config tf_rpc=GetProviderSchema timestamp="2026-07-07T23:34:22.237+0800"
2026-07-07T23:34:22.237+0800 [TRACE] provider.terraform-provider-vault_v5.10.1_x5: Called provider defined Resource Schema method: @caller=github.com/hashicorp/terraform-plugin-framework@v1.19.0/internal/fwserver/server.go:781 @module=sdk.framework tf_mux_provider="*proto5server.Server" tf_provider_addr=registry.terraform.io/hashicorp/vault tf_resource_type=vault_raft_snapshot_agent_config tf_rpc=GetProviderSchema tf_req_id=c7706ee4-ce49-f0d2-75b8-7b798a2427d6 timestamp="2026-07-07T23:34:22.237+0800"
2026-07-07T23:34:22.237+0800 [TRACE] provider.terraform-provider-vault_v5.10.1_x5: Calling provider defined Resource Schema method: @caller=github.com/hashicorp/terraform-plugin-framework@v1.19.0/internal/fwserver/server.go:779 tf_mux_provider="*proto5server.Server" tf_req_id=c7706ee4-ce49-f0d2-75b8-7b798a2427d6 tf_resource_type=vault_pki_external_ca_secret_backend_acme_account @module=sdk.framework tf_provider_addr=registry.terraform.io/hashicorp/vault tf_rpc=GetProviderSchema timestamp="2026-07-07T23:34:22.237+0800"
2026-07-07T23:34:22.237+0800 [TRACE] provider.terraform-provider-vault_v5.10.1_x5: Called provider defined Resource Schema method: @caller=github.com/hashicorp/terraform-plugin-framework@v1.19.0/internal/fwserver/server.go:781 @module=sdk.framework tf_mux_provider="*proto5server.Server" tf_req_id=c7706ee4-ce49-f0d2-75b8-7b798a2427d6 tf_provider_addr=registry.terraform.io/hashicorp/vault tf_resource_type=vault_pki_external_ca_secret_backend_acme_account tf_rpc=GetProviderSchema timestamp="2026-07-07T23:34:22.237+0800"
2026-07-07T23:34:22.237+0800 [TRACE] provider.terraform-provider-vault_v5.10.1_x5: Calling provider defined Resource Schema method: @caller=github.com/hashicorp/terraform-plugin-framework@v1.19.0/internal/fwserver/server.go:779 tf_provider_addr=registry.terraform.io/hashicorp/vault tf_resource_type=vault_pki_external_ca_secret_backend_order_challenge_fulfilled @module=sdk.framework tf_mux_provider="*proto5server.Server" tf_req_id=c7706ee4-ce49-f0d2-75b8-7b798a2427d6 tf_rpc=GetProviderSchema timestamp="2026-07-07T23:34:22.237+0800"
2026-07-07T23:34:22.237+0800 [TRACE] provider.terraform-provider-vault_v5.10.1_x5: Called provider defined Resource Schema method: @module=sdk.framework tf_provider_addr=registry.terraform.io/hashicorp/vault tf_req_id=c7706ee4-ce49-f0d2-75b8-7b798a2427d6 tf_resource_type=vault_pki_external_ca_secret_backend_order_challenge_fulfilled @caller=github.com/hashicorp/terraform-plugin-framework@v1.19.0/internal/fwserver/server.go:781 tf_mux_provider="*proto5server.Server" tf_rpc=GetProviderSchema timestamp="2026-07-07T23:34:22.237+0800"
2026-07-07T23:34:22.237+0800 [TRACE] provider.terraform-provider-vault_v5.10.1_x5: Calling provider defined Resource Schema method: @module=sdk.framework tf_provider_addr=registry.terraform.io/hashicorp/vault tf_rpc=GetProviderSchema @caller=github.com/hashicorp/terraform-plugin-framework@v1.19.0/internal/fwserver/server.go:779 tf_mux_provider="*proto5server.Server" tf_req_id=c7706ee4-ce49-f0d2-75b8-7b798a2427d6 tf_resource_type=vault_keymgmt_gcp_kms timestamp="2026-07-07T23:34:22.237+0800"
2026-07-07T23:34:22.237+0800 [TRACE] provider.terraform-provider-vault_v5.10.1_x5: Called provider defined Resource Schema method: tf_rpc=GetProviderSchema @caller=github.com/hashicorp/terraform-plugin-framework@v1.19.0/internal/fwserver/server.go:781 tf_mux_provider="*proto5server.Server" tf_resource_type=vault_keymgmt_gcp_kms @module=sdk.framework tf_provider_addr=registry.terraform.io/hashicorp/vault tf_req_id=c7706ee4-ce49-f0d2-75b8-7b798a2427d6 timestamp="2026-07-07T23:34:22.237+0800"
2026-07-07T23:34:22.237+0800 [TRACE] provider.terraform-provider-vault_v5.10.1_x5: Calling provider defined Resource Schema method: tf_rpc=GetProviderSchema @module=sdk.framework tf_provider_addr=registry.terraform.io/hashicorp/vault tf_req_id=c7706ee4-ce49-f0d2-75b8-7b798a2427d6 tf_resource_type=vault_cf_auth_backend_role @caller=github.com/hashicorp/terraform-plugin-framework@v1.19.0/internal/fwserver/server.go:779 tf_mux_provider="*proto5server.Server" timestamp="2026-07-07T23:34:22.237+0800"
2026-07-07T23:34:22.237+0800 [TRACE] provider.terraform-provider-vault_v5.10.1_x5: Called provider defined Resource Schema method: @module=sdk.framework tf_mux_provider="*proto5server.Server" tf_provider_addr=registry.terraform.io/hashicorp/vault tf_req_id=c7706ee4-ce49-f0d2-75b8-7b798a2427d6 tf_rpc=GetProviderSchema @caller=github.com/hashicorp/terraform-plugin-framework@v1.19.0/internal/fwserver/server.go:781 tf_resource_type=vault_cf_auth_backend_role timestamp="2026-07-07T23:34:22.237+0800"
2026-07-07T23:34:22.237+0800 [TRACE] provider.terraform-provider-vault_v5.10.1_x5: Calling provider defined Resource Schema method: tf_provider_addr=registry.terraform.io/hashicorp/vault tf_req_id=c7706ee4-ce49-f0d2-75b8-7b798a2427d6 tf_resource_type=vault_radius_auth_backend tf_rpc=GetProviderSchema @caller=github.com/hashicorp/terraform-plugin-framework@v1.19.0/internal/fwserver/server.go:779 @module=sdk.framework tf_mux_provider="*proto5server.Server" timestamp="2026-07-07T23:34:22.237+0800"
2026-07-07T23:34:22.237+0800 [TRACE] provider.terraform-provider-vault_v5.10.1_x5: Called provider defined Resource Schema method: @caller=github.com/hashicorp/terraform-plugin-framework@v1.19.0/internal/fwserver/server.go:781 tf_mux_provider="*proto5server.Server" tf_rpc=GetProviderSchema @module=sdk.framework tf_provider_addr=registry.terraform.io/hashicorp/vault tf_req_id=c7706ee4-ce49-f0d2-75b8-7b798a2427d6 tf_resource_type=vault_radius_auth_backend timestamp="2026-07-07T23:34:22.237+0800"
2026-07-07T23:34:22.237+0800 [TRACE] provider.terraform-provider-vault_v5.10.1_x5: Calling provider defined Resource Schema method: tf_mux_provider="*proto5server.Server" tf_resource_type=vault_quota_config tf_rpc=GetProviderSchema @module=sdk.framework tf_provider_addr=registry.terraform.io/hashicorp/vault tf_req_id=c7706ee4-ce49-f0d2-75b8-7b798a2427d6 @caller=github.com/hashicorp/terraform-plugin-framework@v1.19.0/internal/fwserver/server.go:779 timestamp="2026-07-07T23:34:22.237+0800"
2026-07-07T23:34:22.237+0800 [TRACE] provider.terraform-provider-vault_v5.10.1_x5: Called provider defined Resource Schema method: @caller=github.com/hashicorp/terraform-plugin-framework@v1.19.0/internal/fwserver/server.go:781 tf_mux_provider="*proto5server.Server" tf_provider_addr=registry.terraform.io/hashicorp/vault tf_req_id=c7706ee4-ce49-f0d2-75b8-7b798a2427d6 tf_rpc=GetProviderSchema @module=sdk.framework tf_resource_type=vault_quota_config timestamp="2026-07-07T23:34:22.237+0800"
2026-07-07T23:34:22.237+0800 [TRACE] provider.terraform-provider-vault_v5.10.1_x5: Calling provider defined Resource Schema method: @module=sdk.framework tf_provider_addr=registry.terraform.io/hashicorp/vault tf_resource_type=vault_sys_config_cors @caller=github.com/hashicorp/terraform-plugin-framework@v1.19.0/internal/fwserver/server.go:779 tf_mux_provider="*proto5server.Server" tf_req_id=c7706ee4-ce49-f0d2-75b8-7b798a2427d6 tf_rpc=GetProviderSchema timestamp="2026-07-07T23:34:22.237+0800"
2026-07-07T23:34:22.237+0800 [TRACE] provider.terraform-provider-vault_v5.10.1_x5: Called provider defined Resource Schema method: @module=sdk.framework tf_mux_provider="*proto5server.Server" tf_provider_addr=registry.terraform.io/hashicorp/vault tf_req_id=c7706ee4-ce49-f0d2-75b8-7b798a2427d6 tf_resource_type=vault_sys_config_cors tf_rpc=GetProviderSchema @caller=github.com/hashicorp/terraform-plugin-framework@v1.19.0/internal/fwserver/server.go:781 timestamp="2026-07-07T23:34:22.237+0800"
2026-07-07T23:34:22.237+0800 [TRACE] provider.terraform-provider-vault_v5.10.1_x5: Calling provider defined Resource Schema method: @caller=github.com/hashicorp/terraform-plugin-framework@v1.19.0/internal/fwserver/server.go:779 @module=sdk.framework tf_mux_provider="*proto5server.Server" tf_resource_type=vault_config_control_group tf_rpc=GetProviderSchema tf_provider_addr=registry.terraform.io/hashicorp/vault tf_req_id=c7706ee4-ce49-f0d2-75b8-7b798a2427d6 timestamp="2026-07-07T23:34:22.237+0800"
2026-07-07T23:34:22.237+0800 [TRACE] provider.terraform-provider-vault_v5.10.1_x5: Called provider defined Resource Schema method: @caller=github.com/hashicorp/terraform-plugin-framework@v1.19.0/internal/fwserver/server.go:781 tf_provider_addr=registry.terraform.io/hashicorp/vault tf_resource_type=vault_config_control_group tf_rpc=GetProviderSchema @module=sdk.framework tf_mux_provider="*proto5server.Server" tf_req_id=c7706ee4-ce49-f0d2-75b8-7b798a2427d6 timestamp="2026-07-07T23:34:22.237+0800"
2026-07-07T23:34:22.237+0800 [TRACE] provider.terraform-provider-vault_v5.10.1_x5: Calling provider defined Resource Schema method: @caller=github.com/hashicorp/terraform-plugin-framework@v1.19.0/internal/fwserver/server.go:779 tf_mux_provider="*proto5server.Server" tf_req_id=c7706ee4-ce49-f0d2-75b8-7b798a2427d6 @module=sdk.framework tf_provider_addr=registry.terraform.io/hashicorp/vault tf_resource_type=vault_azure_secret_backend_static_role tf_rpc=GetProviderSchema timestamp="2026-07-07T23:34:22.237+0800"
2026-07-07T23:34:22.237+0800 [TRACE] provider.terraform-provider-vault_v5.10.1_x5: Called provider defined Resource Schema method: @caller=github.com/hashicorp/terraform-plugin-framework@v1.19.0/internal/fwserver/server.go:781 @module=sdk.framework tf_mux_provider="*proto5server.Server" tf_resource_type=vault_azure_secret_backend_static_role tf_provider_addr=registry.terraform.io/hashicorp/vault tf_req_id=c7706ee4-ce49-f0d2-75b8-7b798a2427d6 tf_rpc=GetProviderSchema timestamp="2026-07-07T23:34:22.237+0800"
2026-07-07T23:34:22.237+0800 [TRACE] provider.terraform-provider-vault_v5.10.1_x5: Calling provider defined Resource Schema method: @module=sdk.framework tf_mux_provider="*proto5server.Server" tf_provider_addr=registry.terraform.io/hashicorp/vault tf_req_id=c7706ee4-ce49-f0d2-75b8-7b798a2427d6 tf_resource_type=vault_keymgmt_key @caller=github.com/hashicorp/terraform-plugin-framework@v1.19.0/internal/fwserver/server.go:779 tf_rpc=GetProviderSchema timestamp="2026-07-07T23:34:22.237+0800"
2026-07-07T23:34:22.237+0800 [TRACE] provider.terraform-provider-vault_v5.10.1_x5: Called provider defined Resource Schema method: @module=sdk.framework tf_resource_type=vault_keymgmt_key @caller=github.com/hashicorp/terraform-plugin-framework@v1.19.0/internal/fwserver/server.go:781 tf_mux_provider="*proto5server.Server" tf_provider_addr=registry.terraform.io/hashicorp/vault tf_req_id=c7706ee4-ce49-f0d2-75b8-7b798a2427d6 tf_rpc=GetProviderSchema timestamp="2026-07-07T23:34:22.237+0800"
2026-07-07T23:34:22.237+0800 [TRACE] provider.terraform-provider-vault_v5.10.1_x5: Calling provider defined Resource Schema method: @module=sdk.framework tf_mux_provider="*proto5server.Server" tf_provider_addr=registry.terraform.io/hashicorp/vault tf_resource_type=vault_keymgmt_distribute_key tf_req_id=c7706ee4-ce49-f0d2-75b8-7b798a2427d6 tf_rpc=GetProviderSchema @caller=github.com/hashicorp/terraform-plugin-framework@v1.19.0/internal/fwserver/server.go:779 timestamp="2026-07-07T23:34:22.237+0800"
2026-07-07T23:34:22.237+0800 [TRACE] provider.terraform-provider-vault_v5.10.1_x5: Called provider defined Resource Schema method: @module=sdk.framework tf_mux_provider="*proto5server.Server" tf_provider_addr=registry.terraform.io/hashicorp/vault tf_req_id=c7706ee4-ce49-f0d2-75b8-7b798a2427d6 tf_resource_type=vault_keymgmt_distribute_key tf_rpc=GetProviderSchema @caller=github.com/hashicorp/terraform-plugin-framework@v1.19.0/internal/fwserver/server.go:781 timestamp="2026-07-07T23:34:22.237+0800"
2026-07-07T23:34:22.237+0800 [TRACE] provider.terraform-provider-vault_v5.10.1_x5: Calling provider defined Resource Schema method: tf_provider_addr=registry.terraform.io/hashicorp/vault tf_req_id=c7706ee4-ce49-f0d2-75b8-7b798a2427d6 tf_resource_type=vault_spiffe_secret_backend_role tf_rpc=GetProviderSchema @caller=github.com/hashicorp/terraform-plugin-framework@v1.19.0/internal/fwserver/server.go:779 @module=sdk.framework tf_mux_provider="*proto5server.Server" timestamp="2026-07-07T23:34:22.237+0800"
2026-07-07T23:34:22.237+0800 [TRACE] provider.terraform-provider-vault_v5.10.1_x5: Called provider defined Resource Schema method: @module=sdk.framework tf_req_id=c7706ee4-ce49-f0d2-75b8-7b798a2427d6 tf_resource_type=vault_spiffe_secret_backend_role tf_rpc=GetProviderSchema tf_mux_provider="*proto5server.Server" tf_provider_addr=registry.terraform.io/hashicorp/vault @caller=github.com/hashicorp/terraform-plugin-framework@v1.19.0/internal/fwserver/server.go:781 timestamp="2026-07-07T23:34:22.237+0800"
2026-07-07T23:34:22.237+0800 [TRACE] provider.terraform-provider-vault_v5.10.1_x5: Calling provider defined Resource Schema method: tf_req_id=c7706ee4-ce49-f0d2-75b8-7b798a2427d6 tf_resource_type=vault_config_ui_default_auth @caller=github.com/hashicorp/terraform-plugin-framework@v1.19.0/internal/fwserver/server.go:779 tf_mux_provider="*proto5server.Server" tf_provider_addr=registry.terraform.io/hashicorp/vault tf_rpc=GetProviderSchema @module=sdk.framework timestamp="2026-07-07T23:34:22.237+0800"
2026-07-07T23:34:22.237+0800 [TRACE] provider.terraform-provider-vault_v5.10.1_x5: Called provider defined Resource Schema method: @module=sdk.framework tf_mux_provider="*proto5server.Server" tf_provider_addr=registry.terraform.io/hashicorp/vault tf_req_id=c7706ee4-ce49-f0d2-75b8-7b798a2427d6 tf_resource_type=vault_config_ui_default_auth tf_rpc=GetProviderSchema @caller=github.com/hashicorp/terraform-plugin-framework@v1.19.0/internal/fwserver/server.go:781 timestamp="2026-07-07T23:34:22.237+0800"
2026-07-07T23:34:22.237+0800 [TRACE] provider.terraform-provider-vault_v5.10.1_x5: Calling provider defined Resource Schema method: @caller=github.com/hashicorp/terraform-plugin-framework@v1.19.0/internal/fwserver/server.go:779 tf_req_id=c7706ee4-ce49-f0d2-75b8-7b798a2427d6 tf_resource_type=vault_plugin_runtime @module=sdk.framework tf_mux_provider="*proto5server.Server" tf_provider_addr=registry.terraform.io/hashicorp/vault tf_rpc=GetProviderSchema timestamp="2026-07-07T23:34:22.237+0800"
2026-07-07T23:34:22.237+0800 [TRACE] provider.terraform-provider-vault_v5.10.1_x5: Called provider defined Resource Schema method: tf_provider_addr=registry.terraform.io/hashicorp/vault tf_resource_type=vault_plugin_runtime @caller=github.com/hashicorp/terraform-plugin-framework@v1.19.0/internal/fwserver/server.go:781 @module=sdk.framework tf_mux_provider="*proto5server.Server" tf_req_id=c7706ee4-ce49-f0d2-75b8-7b798a2427d6 tf_rpc=GetProviderSchema timestamp="2026-07-07T23:34:22.237+0800"
2026-07-07T23:34:22.237+0800 [TRACE] provider.terraform-provider-vault_v5.10.1_x5: Calling provider defined Resource Schema method: @caller=github.com/hashicorp/terraform-plugin-framework@v1.19.0/internal/fwserver/server.go:779 @module=sdk.framework tf_mux_provider="*proto5server.Server" tf_resource_type=vault_pki_external_ca_secret_backend_role tf_provider_addr=registry.terraform.io/hashicorp/vault tf_req_id=c7706ee4-ce49-f0d2-75b8-7b798a2427d6 tf_rpc=GetProviderSchema timestamp="2026-07-07T23:34:22.237+0800"
2026-07-07T23:34:22.237+0800 [TRACE] provider.terraform-provider-vault_v5.10.1_x5: Called provider defined Resource Schema method: @module=sdk.framework tf_rpc=GetProviderSchema tf_mux_provider="*proto5server.Server" tf_provider_addr=registry.terraform.io/hashicorp/vault tf_req_id=c7706ee4-ce49-f0d2-75b8-7b798a2427d6 tf_resource_type=vault_pki_external_ca_secret_backend_role @caller=github.com/hashicorp/terraform-plugin-framework@v1.19.0/internal/fwserver/server.go:781 timestamp="2026-07-07T23:34:22.237+0800"
2026-07-07T23:34:22.237+0800 [TRACE] provider.terraform-provider-vault_v5.10.1_x5: Calling provider defined Resource Schema method: @caller=github.com/hashicorp/terraform-plugin-framework@v1.19.0/internal/fwserver/server.go:779 tf_mux_provider="*proto5server.Server" tf_provider_addr=registry.terraform.io/hashicorp/vault tf_resource_type=vault_activation_flags tf_rpc=GetProviderSchema @module=sdk.framework tf_req_id=c7706ee4-ce49-f0d2-75b8-7b798a2427d6 timestamp="2026-07-07T23:34:22.237+0800"
2026-07-07T23:34:22.237+0800 [TRACE] provider.terraform-provider-vault_v5.10.1_x5: Called provider defined Resource Schema method: tf_provider_addr=registry.terraform.io/hashicorp/vault tf_req_id=c7706ee4-ce49-f0d2-75b8-7b798a2427d6 tf_rpc=GetProviderSchema tf_mux_provider="*proto5server.Server" tf_resource_type=vault_activation_flags @caller=github.com/hashicorp/terraform-plugin-framework@v1.19.0/internal/fwserver/server.go:781 @module=sdk.framework timestamp="2026-07-07T23:34:22.237+0800"
2026-07-07T23:34:22.237+0800 [TRACE] provider.terraform-provider-vault_v5.10.1_x5: Calling provider defined Resource Schema method: @module=sdk.framework tf_req_id=c7706ee4-ce49-f0d2-75b8-7b798a2427d6 tf_resource_type=vault_keymgmt_aws_kms @caller=github.com/hashicorp/terraform-plugin-framework@v1.19.0/internal/fwserver/server.go:779 tf_mux_provider="*proto5server.Server" tf_provider_addr=registry.terraform.io/hashicorp/vault tf_rpc=GetProviderSchema timestamp="2026-07-07T23:34:22.237+0800"
2026-07-07T23:34:22.237+0800 [TRACE] provider.terraform-provider-vault_v5.10.1_x5: Called provider defined Resource Schema method: tf_provider_addr=registry.terraform.io/hashicorp/vault tf_req_id=c7706ee4-ce49-f0d2-75b8-7b798a2427d6 tf_resource_type=vault_keymgmt_aws_kms tf_rpc=GetProviderSchema @caller=github.com/hashicorp/terraform-plugin-framework@v1.19.0/internal/fwserver/server.go:781 @module=sdk.framework tf_mux_provider="*proto5server.Server" timestamp="2026-07-07T23:34:22.237+0800"
2026-07-07T23:34:22.237+0800 [TRACE] provider.terraform-provider-vault_v5.10.1_x5: Calling provider defined Resource Schema method: @caller=github.com/hashicorp/terraform-plugin-framework@v1.19.0/internal/fwserver/server.go:779 @module=sdk.framework tf_req_id=c7706ee4-ce49-f0d2-75b8-7b798a2427d6 tf_mux_provider="*proto5server.Server" tf_provider_addr=registry.terraform.io/hashicorp/vault tf_resource_type=vault_alicloud_secret_backend tf_rpc=GetProviderSchema timestamp="2026-07-07T23:34:22.237+0800"
2026-07-07T23:34:22.237+0800 [TRACE] provider.terraform-provider-vault_v5.10.1_x5: Called provider defined Resource Schema method: @caller=github.com/hashicorp/terraform-plugin-framework@v1.19.0/internal/fwserver/server.go:781 @module=sdk.framework tf_mux_provider="*proto5server.Server" tf_provider_addr=registry.terraform.io/hashicorp/vault tf_req_id=c7706ee4-ce49-f0d2-75b8-7b798a2427d6 tf_rpc=GetProviderSchema tf_resource_type=vault_alicloud_secret_backend timestamp="2026-07-07T23:34:22.237+0800"
2026-07-07T23:34:22.237+0800 [TRACE] provider.terraform-provider-vault_v5.10.1_x5: Calling provider defined Resource Schema method: tf_rpc=GetProviderSchema @caller=github.com/hashicorp/terraform-plugin-framework@v1.19.0/internal/fwserver/server.go:779 @module=sdk.framework tf_mux_provider="*proto5server.Server" tf_provider_addr=registry.terraform.io/hashicorp/vault tf_req_id=c7706ee4-ce49-f0d2-75b8-7b798a2427d6 tf_resource_type=vault_alicloud_secret_backend_role timestamp="2026-07-07T23:34:22.237+0800"
2026-07-07T23:34:22.237+0800 [TRACE] provider.terraform-provider-vault_v5.10.1_x5: Called provider defined Resource Schema method: tf_rpc=GetProviderSchema @module=sdk.framework tf_provider_addr=registry.terraform.io/hashicorp/vault @caller=github.com/hashicorp/terraform-plugin-framework@v1.19.0/internal/fwserver/server.go:781 tf_mux_provider="*proto5server.Server" tf_req_id=c7706ee4-ce49-f0d2-75b8-7b798a2427d6 tf_resource_type=vault_alicloud_secret_backend_role timestamp="2026-07-07T23:34:22.237+0800"
2026-07-07T23:34:22.237+0800 [TRACE] provider.terraform-provider-vault_v5.10.1_x5: Calling provider defined Resource Schema method: @caller=github.com/hashicorp/terraform-plugin-framework@v1.19.0/internal/fwserver/server.go:779 tf_provider_addr=registry.terraform.io/hashicorp/vault tf_req_id=c7706ee4-ce49-f0d2-75b8-7b798a2427d6 tf_rpc=GetProviderSchema @module=sdk.framework tf_mux_provider="*proto5server.Server" tf_resource_type=vault_spiffe_auth_backend_config timestamp="2026-07-07T23:34:22.237+0800"
2026-07-07T23:34:22.237+0800 [TRACE] provider.terraform-provider-vault_v5.10.1_x5: Called provider defined Resource Schema method: tf_req_id=c7706ee4-ce49-f0d2-75b8-7b798a2427d6 tf_resource_type=vault_spiffe_auth_backend_config @caller=github.com/hashicorp/terraform-plugin-framework@v1.19.0/internal/fwserver/server.go:781 @module=sdk.framework tf_rpc=GetProviderSchema tf_mux_provider="*proto5server.Server" tf_provider_addr=registry.terraform.io/hashicorp/vault timestamp="2026-07-07T23:34:22.237+0800"
2026-07-07T23:34:22.237+0800 [TRACE] provider.terraform-provider-vault_v5.10.1_x5: Calling provider defined Resource Schema method: @module=sdk.framework tf_provider_addr=registry.terraform.io/hashicorp/vault tf_req_id=c7706ee4-ce49-f0d2-75b8-7b798a2427d6 tf_rpc=GetProviderSchema @caller=github.com/hashicorp/terraform-plugin-framework@v1.19.0/internal/fwserver/server.go:779 tf_mux_provider="*proto5server.Server" tf_resource_type=vault_userpass_auth_backend_user timestamp="2026-07-07T23:34:22.237+0800"
2026-07-07T23:34:22.237+0800 [TRACE] provider.terraform-provider-vault_v5.10.1_x5: Called provider defined Resource Schema method: tf_provider_addr=registry.terraform.io/hashicorp/vault @caller=github.com/hashicorp/terraform-plugin-framework@v1.19.0/internal/fwserver/server.go:781 @module=sdk.framework tf_mux_provider="*proto5server.Server" tf_req_id=c7706ee4-ce49-f0d2-75b8-7b798a2427d6 tf_resource_type=vault_userpass_auth_backend_user tf_rpc=GetProviderSchema timestamp="2026-07-07T23:34:22.237+0800"
2026-07-07T23:34:22.237+0800 [TRACE] provider.terraform-provider-vault_v5.10.1_x5: Calling provider defined Resource Schema method: tf_mux_provider="*proto5server.Server" tf_provider_addr=registry.terraform.io/hashicorp/vault tf_resource_type=vault_password_policy @caller=github.com/hashicorp/terraform-plugin-framework@v1.19.0/internal/fwserver/server.go:779 tf_req_id=c7706ee4-ce49-f0d2-75b8-7b798a2427d6 tf_rpc=GetProviderSchema @module=sdk.framework timestamp="2026-07-07T23:34:22.237+0800"
2026-07-07T23:34:22.237+0800 [TRACE] provider.terraform-provider-vault_v5.10.1_x5: Called provider defined Resource Schema method: @module=sdk.framework tf_mux_provider="*proto5server.Server" tf_provider_addr=registry.terraform.io/hashicorp/vault tf_req_id=c7706ee4-ce49-f0d2-75b8-7b798a2427d6 tf_rpc=GetProviderSchema @caller=github.com/hashicorp/terraform-plugin-framework@v1.19.0/internal/fwserver/server.go:781 tf_resource_type=vault_password_policy timestamp="2026-07-07T23:34:22.237+0800"
2026-07-07T23:34:22.237+0800 [TRACE] provider.terraform-provider-vault_v5.10.1_x5: Calling provider defined Resource Schema method: @caller=github.com/hashicorp/terraform-plugin-framework@v1.19.0/internal/fwserver/server.go:779 @module=sdk.framework tf_mux_provider="*proto5server.Server" tf_req_id=c7706ee4-ce49-f0d2-75b8-7b798a2427d6 tf_rpc=GetProviderSchema tf_provider_addr=registry.terraform.io/hashicorp/vault tf_resource_type=vault_oauth_resource_server_config_profile timestamp="2026-07-07T23:34:22.237+0800"
2026-07-07T23:34:22.237+0800 [TRACE] provider.terraform-provider-vault_v5.10.1_x5: Called provider defined Resource Schema method: tf_mux_provider="*proto5server.Server" tf_provider_addr=registry.terraform.io/hashicorp/vault tf_req_id=c7706ee4-ce49-f0d2-75b8-7b798a2427d6 tf_resource_type=vault_oauth_resource_server_config_profile @module=sdk.framework tf_rpc=GetProviderSchema @caller=github.com/hashicorp/terraform-plugin-framework@v1.19.0/internal/fwserver/server.go:781 timestamp="2026-07-07T23:34:22.237+0800"
2026-07-07T23:34:22.237+0800 [TRACE] provider.terraform-provider-vault_v5.10.1_x5: Calling provider defined Resource Schema method: tf_rpc=GetProviderSchema @caller=github.com/hashicorp/terraform-plugin-framework@v1.19.0/internal/fwserver/server.go:779 tf_req_id=c7706ee4-ce49-f0d2-75b8-7b798a2427d6 @module=sdk.framework tf_mux_provider="*proto5server.Server" tf_provider_addr=registry.terraform.io/hashicorp/vault tf_resource_type=vault_kmip_secret_ca_imported timestamp="2026-07-07T23:34:22.237+0800"
2026-07-07T23:34:22.237+0800 [TRACE] provider.terraform-provider-vault_v5.10.1_x5: Called provider defined Resource Schema method: tf_resource_type=vault_kmip_secret_ca_imported @caller=github.com/hashicorp/terraform-plugin-framework@v1.19.0/internal/fwserver/server.go:781 @module=sdk.framework tf_provider_addr=registry.terraform.io/hashicorp/vault tf_req_id=c7706ee4-ce49-f0d2-75b8-7b798a2427d6 tf_rpc=GetProviderSchema tf_mux_provider="*proto5server.Server" timestamp="2026-07-07T23:34:22.237+0800"
2026-07-07T23:34:22.237+0800 [TRACE] provider.terraform-provider-vault_v5.10.1_x5: Calling provider defined Resource Schema method: @module=sdk.framework @caller=github.com/hashicorp/terraform-plugin-framework@v1.19.0/internal/fwserver/server.go:779 tf_mux_provider="*proto5server.Server" tf_provider_addr=registry.terraform.io/hashicorp/vault tf_req_id=c7706ee4-ce49-f0d2-75b8-7b798a2427d6 tf_resource_type=vault_os_secret_backend tf_rpc=GetProviderSchema timestamp="2026-07-07T23:34:22.237+0800"
2026-07-07T23:34:22.237+0800 [TRACE] provider.terraform-provider-vault_v5.10.1_x5: Called provider defined Resource Schema method: tf_rpc=GetProviderSchema tf_mux_provider="*proto5server.Server" @caller=github.com/hashicorp/terraform-plugin-framework@v1.19.0/internal/fwserver/server.go:781 @module=sdk.framework tf_provider_addr=registry.terraform.io/hashicorp/vault tf_req_id=c7706ee4-ce49-f0d2-75b8-7b798a2427d6 tf_resource_type=vault_os_secret_backend timestamp="2026-07-07T23:34:22.237+0800"
2026-07-07T23:34:22.237+0800 [TRACE] provider.terraform-provider-vault_v5.10.1_x5: Calling provider defined Resource Schema method: tf_provider_addr=registry.terraform.io/hashicorp/vault tf_resource_type=vault_spiffe_secret_backend_config @caller=github.com/hashicorp/terraform-plugin-framework@v1.19.0/internal/fwserver/server.go:779 @module=sdk.framework tf_mux_provider="*proto5server.Server" tf_req_id=c7706ee4-ce49-f0d2-75b8-7b798a2427d6 tf_rpc=GetProviderSchema timestamp="2026-07-07T23:34:22.237+0800"
2026-07-07T23:34:22.237+0800 [TRACE] provider.terraform-provider-vault_v5.10.1_x5: Called provider defined Resource Schema method: tf_mux_provider="*proto5server.Server" tf_provider_addr=registry.terraform.io/hashicorp/vault tf_req_id=c7706ee4-ce49-f0d2-75b8-7b798a2427d6 tf_resource_type=vault_spiffe_secret_backend_config tf_rpc=GetProviderSchema @module=sdk.framework @caller=github.com/hashicorp/terraform-plugin-framework@v1.19.0/internal/fwserver/server.go:781 timestamp="2026-07-07T23:34:22.237+0800"
2026-07-07T23:34:22.237+0800 [TRACE] provider.terraform-provider-vault_v5.10.1_x5: Calling provider defined Resource Schema method: tf_resource_type=vault_config_group_policy_application @caller=github.com/hashicorp/terraform-plugin-framework@v1.19.0/internal/fwserver/server.go:779 @module=sdk.framework tf_provider_addr=registry.terraform.io/hashicorp/vault tf_req_id=c7706ee4-ce49-f0d2-75b8-7b798a2427d6 tf_rpc=GetProviderSchema tf_mux_provider="*proto5server.Server" timestamp="2026-07-07T23:34:22.237+0800"
2026-07-07T23:34:22.237+0800 [TRACE] provider.terraform-provider-vault_v5.10.1_x5: Called provider defined Resource Schema method: tf_rpc=GetProviderSchema @caller=github.com/hashicorp/terraform-plugin-framework@v1.19.0/internal/fwserver/server.go:781 @module=sdk.framework tf_mux_provider="*proto5server.Server" tf_resource_type=vault_config_group_policy_application tf_provider_addr=registry.terraform.io/hashicorp/vault tf_req_id=c7706ee4-ce49-f0d2-75b8-7b798a2427d6 timestamp="2026-07-07T23:34:22.237+0800"
2026-07-07T23:34:22.237+0800 [TRACE] provider.terraform-provider-vault_v5.10.1_x5: Calling provider defined Resource Schema method: @caller=github.com/hashicorp/terraform-plugin-framework@v1.19.0/internal/fwserver/server.go:779 @module=sdk.framework tf_mux_provider="*proto5server.Server" tf_req_id=c7706ee4-ce49-f0d2-75b8-7b798a2427d6 tf_rpc=GetProviderSchema tf_provider_addr=registry.terraform.io/hashicorp/vault tf_resource_type=vault_agent_registration timestamp="2026-07-07T23:34:22.237+0800"
2026-07-07T23:34:22.237+0800 [TRACE] provider.terraform-provider-vault_v5.10.1_x5: Called provider defined Resource Schema method: @module=sdk.framework tf_mux_provider="*proto5server.Server" tf_req_id=c7706ee4-ce49-f0d2-75b8-7b798a2427d6 @caller=github.com/hashicorp/terraform-plugin-framework@v1.19.0/internal/fwserver/server.go:781 tf_provider_addr=registry.terraform.io/hashicorp/vault tf_resource_type=vault_agent_registration tf_rpc=GetProviderSchema timestamp="2026-07-07T23:34:22.237+0800"
2026-07-07T23:34:22.237+0800 [TRACE] provider.terraform-provider-vault_v5.10.1_x5: Calling provider defined Resource Schema method: @caller=github.com/hashicorp/terraform-plugin-framework@v1.19.0/internal/fwserver/server.go:779 @module=sdk.framework tf_provider_addr=registry.terraform.io/hashicorp/vault tf_resource_type=vault_os_secret_backend_host tf_rpc=GetProviderSchema tf_mux_provider="*proto5server.Server" tf_req_id=c7706ee4-ce49-f0d2-75b8-7b798a2427d6 timestamp="2026-07-07T23:34:22.237+0800"
2026-07-07T23:34:22.237+0800 [TRACE] provider.terraform-provider-vault_v5.10.1_x5: Called provider defined Resource Schema method: @caller=github.com/hashicorp/terraform-plugin-framework@v1.19.0/internal/fwserver/server.go:781 tf_mux_provider="*proto5server.Server" tf_req_id=c7706ee4-ce49-f0d2-75b8-7b798a2427d6 tf_resource_type=vault_os_secret_backend_host @module=sdk.framework tf_provider_addr=registry.terraform.io/hashicorp/vault tf_rpc=GetProviderSchema timestamp="2026-07-07T23:34:22.237+0800"
2026-07-07T23:34:22.237+0800 [TRACE] provider.terraform-provider-vault_v5.10.1_x5: Calling provider defined Resource Schema method: tf_provider_addr=registry.terraform.io/hashicorp/vault tf_req_id=c7706ee4-ce49-f0d2-75b8-7b798a2427d6 @caller=github.com/hashicorp/terraform-plugin-framework@v1.19.0/internal/fwserver/server.go:779 tf_mux_provider="*proto5server.Server" tf_resource_type=vault_pki_external_ca_secret_backend_order tf_rpc=GetProviderSchema @module=sdk.framework timestamp="2026-07-07T23:34:22.237+0800"
2026-07-07T23:34:22.237+0800 [TRACE] provider.terraform-provider-vault_v5.10.1_x5: Called provider defined Resource Schema method: @module=sdk.framework tf_mux_provider="*proto5server.Server" tf_rpc=GetProviderSchema tf_provider_addr=registry.terraform.io/hashicorp/vault tf_req_id=c7706ee4-ce49-f0d2-75b8-7b798a2427d6 tf_resource_type=vault_pki_external_ca_secret_backend_order @caller=github.com/hashicorp/terraform-plugin-framework@v1.19.0/internal/fwserver/server.go:781 timestamp="2026-07-07T23:34:22.237+0800"
2026-07-07T23:34:22.237+0800 [TRACE] provider.terraform-provider-vault_v5.10.1_x5: Calling provider defined Resource Schema method: tf_req_id=c7706ee4-ce49-f0d2-75b8-7b798a2427d6 @caller=github.com/hashicorp/terraform-plugin-framework@v1.19.0/internal/fwserver/server.go:779 tf_mux_provider="*proto5server.Server" tf_provider_addr=registry.terraform.io/hashicorp/vault tf_resource_type=vault_pki_external_ca_secret_backend_order_certificate tf_rpc=GetProviderSchema @module=sdk.framework timestamp="2026-07-07T23:34:22.237+0800"
2026-07-07T23:34:22.237+0800 [TRACE] provider.terraform-provider-vault_v5.10.1_x5: Called provider defined Resource Schema method: tf_resource_type=vault_pki_external_ca_secret_backend_order_certificate tf_rpc=GetProviderSchema tf_mux_provider="*proto5server.Server" tf_provider_addr=registry.terraform.io/hashicorp/vault @caller=github.com/hashicorp/terraform-plugin-framework@v1.19.0/internal/fwserver/server.go:781 @module=sdk.framework tf_req_id=c7706ee4-ce49-f0d2-75b8-7b798a2427d6 timestamp="2026-07-07T23:34:22.237+0800"
2026-07-07T23:34:22.237+0800 [TRACE] provider.terraform-provider-vault_v5.10.1_x5: Calling provider defined Resource Schema method: @module=sdk.framework tf_mux_provider="*proto5server.Server" tf_req_id=c7706ee4-ce49-f0d2-75b8-7b798a2427d6 tf_rpc=GetProviderSchema tf_provider_addr=registry.terraform.io/hashicorp/vault tf_resource_type=vault_keymgmt_key_rotate @caller=github.com/hashicorp/terraform-plugin-framework@v1.19.0/internal/fwserver/server.go:779 timestamp="2026-07-07T23:34:22.237+0800"
2026-07-07T23:34:22.237+0800 [TRACE] provider.terraform-provider-vault_v5.10.1_x5: Called provider defined Resource Schema method: @module=sdk.framework tf_mux_provider="*proto5server.Server" tf_resource_type=vault_keymgmt_key_rotate tf_rpc=GetProviderSchema @caller=github.com/hashicorp/terraform-plugin-framework@v1.19.0/internal/fwserver/server.go:781 tf_provider_addr=registry.terraform.io/hashicorp/vault tf_req_id=c7706ee4-ce49-f0d2-75b8-7b798a2427d6 timestamp="2026-07-07T23:34:22.237+0800"
2026-07-07T23:34:22.237+0800 [TRACE] provider.terraform-provider-vault_v5.10.1_x5: Calling provider defined Resource Schema method: @caller=github.com/hashicorp/terraform-plugin-framework@v1.19.0/internal/fwserver/server.go:779 @module=sdk.framework tf_mux_provider="*proto5server.Server" tf_provider_addr=registry.terraform.io/hashicorp/vault tf_req_id=c7706ee4-ce49-f0d2-75b8-7b798a2427d6 tf_resource_type=vault_config_ui_header tf_rpc=GetProviderSchema timestamp="2026-07-07T23:34:22.237+0800"
2026-07-07T23:34:22.237+0800 [TRACE] provider.terraform-provider-vault_v5.10.1_x5: Called provider defined Resource Schema method: tf_resource_type=vault_config_ui_header tf_rpc=GetProviderSchema @caller=github.com/hashicorp/terraform-plugin-framework@v1.19.0/internal/fwserver/server.go:781 @module=sdk.framework tf_mux_provider="*proto5server.Server" tf_provider_addr=registry.terraform.io/hashicorp/vault tf_req_id=c7706ee4-ce49-f0d2-75b8-7b798a2427d6 timestamp="2026-07-07T23:34:22.237+0800"
2026-07-07T23:34:22.237+0800 [TRACE] provider.terraform-provider-vault_v5.10.1_x5: Calling provider defined Resource Schema method: @caller=github.com/hashicorp/terraform-plugin-framework@v1.19.0/internal/fwserver/server.go:779 @module=sdk.framework tf_mux_provider="*proto5server.Server" tf_provider_addr=registry.terraform.io/hashicorp/vault tf_req_id=c7706ee4-ce49-f0d2-75b8-7b798a2427d6 tf_rpc=GetProviderSchema tf_resource_type=vault_spiffe_auth_backend_role timestamp="2026-07-07T23:34:22.237+0800"
2026-07-07T23:34:22.237+0800 [TRACE] provider.terraform-provider-vault_v5.10.1_x5: Called provider defined Resource Schema method: tf_mux_provider="*proto5server.Server" tf_provider_addr=registry.terraform.io/hashicorp/vault tf_req_id=c7706ee4-ce49-f0d2-75b8-7b798a2427d6 tf_rpc=GetProviderSchema @caller=github.com/hashicorp/terraform-plugin-framework@v1.19.0/internal/fwserver/server.go:781 @module=sdk.framework tf_resource_type=vault_spiffe_auth_backend_role timestamp="2026-07-07T23:34:22.237+0800"
2026-07-07T23:34:22.238+0800 [TRACE] provider.terraform-provider-vault_v5.10.1_x5: Calling provider defined Resource Schema method: @caller=github.com/hashicorp/terraform-plugin-framework@v1.19.0/internal/fwserver/server.go:779 @module=sdk.framework tf_req_id=c7706ee4-ce49-f0d2-75b8-7b798a2427d6 tf_resource_type=vault_radius_auth_backend_user tf_mux_provider="*proto5server.Server" tf_provider_addr=registry.terraform.io/hashicorp/vault tf_rpc=GetProviderSchema timestamp="2026-07-07T23:34:22.237+0800"
2026-07-07T23:34:22.238+0800 [TRACE] provider.terraform-provider-vault_v5.10.1_x5: Called provider defined Resource Schema method: @module=sdk.framework tf_resource_type=vault_radius_auth_backend_user @caller=github.com/hashicorp/terraform-plugin-framework@v1.19.0/internal/fwserver/server.go:781 tf_mux_provider="*proto5server.Server" tf_provider_addr=registry.terraform.io/hashicorp/vault tf_req_id=c7706ee4-ce49-f0d2-75b8-7b798a2427d6 tf_rpc=GetProviderSchema timestamp="2026-07-07T23:34:22.237+0800"
2026-07-07T23:34:22.238+0800 [TRACE] provider.terraform-provider-vault_v5.10.1_x5: Checking DataSourceTypes lock: @caller=github.com/hashicorp/terraform-plugin-framework@v1.19.0/internal/fwserver/server.go:320 tf_mux_provider="*proto5server.Server" tf_provider_addr=registry.terraform.io/hashicorp/vault tf_rpc=GetProviderSchema @module=sdk.framework tf_req_id=c7706ee4-ce49-f0d2-75b8-7b798a2427d6 timestamp="2026-07-07T23:34:22.237+0800"
2026-07-07T23:34:22.238+0800 [TRACE] provider.terraform-provider-vault_v5.10.1_x5: Checking ProviderTypeName lock: tf_mux_provider="*proto5server.Server" tf_provider_addr=registry.terraform.io/hashicorp/vault tf_req_id=c7706ee4-ce49-f0d2-75b8-7b798a2427d6 tf_rpc=GetProviderSchema @caller=github.com/hashicorp/terraform-plugin-framework@v1.19.0/internal/fwserver/server.go:476 @module=sdk.framework timestamp="2026-07-07T23:34:22.237+0800"
2026-07-07T23:34:22.238+0800 [TRACE] provider.terraform-provider-vault_v5.10.1_x5: Calling provider defined Provider DataSources: @module=sdk.framework tf_mux_provider="*proto5server.Server" tf_req_id=c7706ee4-ce49-f0d2-75b8-7b798a2427d6 @caller=github.com/hashicorp/terraform-plugin-framework@v1.19.0/internal/fwserver/server.go:331 tf_provider_addr=registry.terraform.io/hashicorp/vault tf_rpc=GetProviderSchema timestamp="2026-07-07T23:34:22.237+0800"
2026-07-07T23:34:22.238+0800 [TRACE] provider.terraform-provider-vault_v5.10.1_x5: Called provider defined Provider DataSources: tf_mux_provider="*proto5server.Server" tf_req_id=c7706ee4-ce49-f0d2-75b8-7b798a2427d6 tf_rpc=GetProviderSchema tf_provider_addr=registry.terraform.io/hashicorp/vault @caller=github.com/hashicorp/terraform-plugin-framework@v1.19.0/internal/fwserver/server.go:333 @module=sdk.framework timestamp="2026-07-07T23:34:22.237+0800"
2026-07-07T23:34:22.238+0800 [TRACE] provider.terraform-provider-vault_v5.10.1_x5: Found data source type: tf_mux_provider="*proto5server.Server" tf_req_id=c7706ee4-ce49-f0d2-75b8-7b798a2427d6 tf_rpc=GetProviderSchema @module=sdk.framework tf_data_source_type=vault_activation_flags tf_provider_addr=registry.terraform.io/hashicorp/vault @caller=github.com/hashicorp/terraform-plugin-framework@v1.19.0/internal/fwserver/server.go:354 timestamp="2026-07-07T23:34:22.237+0800"
2026-07-07T23:34:22.238+0800 [TRACE] provider.terraform-provider-vault_v5.10.1_x5: Found data source type: tf_provider_addr=registry.terraform.io/hashicorp/vault tf_rpc=GetProviderSchema @module=sdk.framework tf_mux_provider="*proto5server.Server" tf_req_id=c7706ee4-ce49-f0d2-75b8-7b798a2427d6 @caller=github.com/hashicorp/terraform-plugin-framework@v1.19.0/internal/fwserver/server.go:354 tf_data_source_type=vault_pki_external_ca_secret_backend_order_challenge timestamp="2026-07-07T23:34:22.238+0800"
2026-07-07T23:34:22.238+0800 [TRACE] provider.terraform-provider-vault_v5.10.1_x5: Found data source type: @caller=github.com/hashicorp/terraform-plugin-framework@v1.19.0/internal/fwserver/server.go:354 tf_data_source_type=vault_plugin_runtimes tf_provider_addr=registry.terraform.io/hashicorp/vault tf_req_id=c7706ee4-ce49-f0d2-75b8-7b798a2427d6 tf_rpc=GetProviderSchema @module=sdk.framework tf_mux_provider="*proto5server.Server" timestamp="2026-07-07T23:34:22.238+0800"
2026-07-07T23:34:22.238+0800 [TRACE] provider.terraform-provider-vault_v5.10.1_x5: Found data source type: tf_provider_addr=registry.terraform.io/hashicorp/vault tf_req_id=c7706ee4-ce49-f0d2-75b8-7b798a2427d6 tf_rpc=GetProviderSchema @caller=github.com/hashicorp/terraform-plugin-framework@v1.19.0/internal/fwserver/server.go:354 tf_data_source_type=vault_sys_config_cors tf_mux_provider="*proto5server.Server" @module=sdk.framework timestamp="2026-07-07T23:34:22.238+0800"
2026-07-07T23:34:22.238+0800 [TRACE] provider.terraform-provider-vault_v5.10.1_x5: Calling provider defined DataSource Schema: tf_data_source_type=vault_plugin_runtimes tf_req_id=c7706ee4-ce49-f0d2-75b8-7b798a2427d6 tf_mux_provider="*proto5server.Server" tf_provider_addr=registry.terraform.io/hashicorp/vault tf_rpc=GetProviderSchema @caller=github.com/hashicorp/terraform-plugin-framework@v1.19.0/internal/fwserver/server.go:450 @module=sdk.framework timestamp="2026-07-07T23:34:22.238+0800"
2026-07-07T23:34:22.238+0800 [TRACE] provider.terraform-provider-vault_v5.10.1_x5: Called provider defined DataSource Schema: tf_mux_provider="*proto5server.Server" tf_provider_addr=registry.terraform.io/hashicorp/vault @caller=github.com/hashicorp/terraform-plugin-framework@v1.19.0/internal/fwserver/server.go:452 tf_data_source_type=vault_plugin_runtimes tf_req_id=c7706ee4-ce49-f0d2-75b8-7b798a2427d6 tf_rpc=GetProviderSchema @module=sdk.framework timestamp="2026-07-07T23:34:22.238+0800"
2026-07-07T23:34:22.238+0800 [TRACE] provider.terraform-provider-vault_v5.10.1_x5: Calling provider defined DataSource Schema: tf_req_id=c7706ee4-ce49-f0d2-75b8-7b798a2427d6 tf_rpc=GetProviderSchema @caller=github.com/hashicorp/terraform-plugin-framework@v1.19.0/internal/fwserver/server.go:450 @module=sdk.framework tf_mux_provider="*proto5server.Server" tf_data_source_type=vault_sys_config_cors tf_provider_addr=registry.terraform.io/hashicorp/vault timestamp="2026-07-07T23:34:22.238+0800"
2026-07-07T23:34:22.238+0800 [TRACE] provider.terraform-provider-vault_v5.10.1_x5: Called provider defined DataSource Schema: tf_data_source_type=vault_sys_config_cors tf_req_id=c7706ee4-ce49-f0d2-75b8-7b798a2427d6 @module=sdk.framework tf_mux_provider="*proto5server.Server" tf_provider_addr=registry.terraform.io/hashicorp/vault tf_rpc=GetProviderSchema @caller=github.com/hashicorp/terraform-plugin-framework@v1.19.0/internal/fwserver/server.go:452 timestamp="2026-07-07T23:34:22.238+0800"
2026-07-07T23:34:22.238+0800 [TRACE] provider.terraform-provider-vault_v5.10.1_x5: Calling provider defined DataSource Schema: @module=sdk.framework tf_data_source_type=vault_activation_flags tf_mux_provider="*proto5server.Server" tf_provider_addr=registry.terraform.io/hashicorp/vault tf_req_id=c7706ee4-ce49-f0d2-75b8-7b798a2427d6 tf_rpc=GetProviderSchema @caller=github.com/hashicorp/terraform-plugin-framework@v1.19.0/internal/fwserver/server.go:450 timestamp="2026-07-07T23:34:22.238+0800"
2026-07-07T23:34:22.238+0800 [TRACE] provider.terraform-provider-vault_v5.10.1_x5: Called provider defined DataSource Schema: @module=sdk.framework tf_data_source_type=vault_activation_flags tf_provider_addr=registry.terraform.io/hashicorp/vault @caller=github.com/hashicorp/terraform-plugin-framework@v1.19.0/internal/fwserver/server.go:452 tf_mux_provider="*proto5server.Server" tf_req_id=c7706ee4-ce49-f0d2-75b8-7b798a2427d6 tf_rpc=GetProviderSchema timestamp="2026-07-07T23:34:22.238+0800"
2026-07-07T23:34:22.238+0800 [TRACE] provider.terraform-provider-vault_v5.10.1_x5: Calling provider defined DataSource Schema: @module=sdk.framework tf_data_source_type=vault_pki_external_ca_secret_backend_order_challenge tf_req_id=c7706ee4-ce49-f0d2-75b8-7b798a2427d6 @caller=github.com/hashicorp/terraform-plugin-framework@v1.19.0/internal/fwserver/server.go:450 tf_mux_provider="*proto5server.Server" tf_provider_addr=registry.terraform.io/hashicorp/vault tf_rpc=GetProviderSchema timestamp="2026-07-07T23:34:22.238+0800"
2026-07-07T23:34:22.238+0800 [TRACE] provider.terraform-provider-vault_v5.10.1_x5: Called provider defined DataSource Schema: tf_data_source_type=vault_pki_external_ca_secret_backend_order_challenge tf_mux_provider="*proto5server.Server" tf_req_id=c7706ee4-ce49-f0d2-75b8-7b798a2427d6 @caller=github.com/hashicorp/terraform-plugin-framework@v1.19.0/internal/fwserver/server.go:452 @module=sdk.framework tf_provider_addr=registry.terraform.io/hashicorp/vault tf_rpc=GetProviderSchema timestamp="2026-07-07T23:34:22.238+0800"
2026-07-07T23:34:22.238+0800 [TRACE] provider.terraform-provider-vault_v5.10.1_x5: Checking FunctionTypes lock: tf_mux_provider="*proto5server.Server" tf_provider_addr=registry.terraform.io/hashicorp/vault tf_req_id=c7706ee4-ce49-f0d2-75b8-7b798a2427d6 @caller=github.com/hashicorp/terraform-plugin-framework@v1.19.0/internal/fwserver/server_functions.go:124 tf_rpc=GetProviderSchema @module=sdk.framework timestamp="2026-07-07T23:34:22.238+0800"
2026-07-07T23:34:22.238+0800 [TRACE] provider.terraform-provider-vault_v5.10.1_x5: Checking EphemeralResourceFuncs lock: tf_mux_provider="*proto5server.Server" tf_provider_addr=registry.terraform.io/hashicorp/vault @caller=github.com/hashicorp/terraform-plugin-framework@v1.19.0/internal/fwserver/server_ephemeralresources.go:38 @module=sdk.framework tf_req_id=c7706ee4-ce49-f0d2-75b8-7b798a2427d6 tf_rpc=GetProviderSchema timestamp="2026-07-07T23:34:22.238+0800"
2026-07-07T23:34:22.238+0800 [TRACE] provider.terraform-provider-vault_v5.10.1_x5: Checking ProviderTypeName lock: @caller=github.com/hashicorp/terraform-plugin-framework@v1.19.0/internal/fwserver/server.go:476 @module=sdk.framework tf_mux_provider="*proto5server.Server" tf_provider_addr=registry.terraform.io/hashicorp/vault tf_req_id=c7706ee4-ce49-f0d2-75b8-7b798a2427d6 tf_rpc=GetProviderSchema timestamp="2026-07-07T23:34:22.238+0800"
2026-07-07T23:34:22.238+0800 [TRACE] provider.terraform-provider-vault_v5.10.1_x5: Calling provider defined Provider EphemeralResources: tf_rpc=GetProviderSchema @module=sdk.framework @caller=github.com/hashicorp/terraform-plugin-framework@v1.19.0/internal/fwserver/server_ephemeralresources.go:57 tf_mux_provider="*proto5server.Server" tf_provider_addr=registry.terraform.io/hashicorp/vault tf_req_id=c7706ee4-ce49-f0d2-75b8-7b798a2427d6 timestamp="2026-07-07T23:34:22.238+0800"
2026-07-07T23:34:22.238+0800 [TRACE] provider.terraform-provider-vault_v5.10.1_x5: Called provider defined Provider EphemeralResources: @caller=github.com/hashicorp/terraform-plugin-framework@v1.19.0/internal/fwserver/server_ephemeralresources.go:59 @module=sdk.framework tf_provider_addr=registry.terraform.io/hashicorp/vault tf_req_id=c7706ee4-ce49-f0d2-75b8-7b798a2427d6 tf_mux_provider="*proto5server.Server" tf_rpc=GetProviderSchema timestamp="2026-07-07T23:34:22.238+0800"
2026-07-07T23:34:22.238+0800 [TRACE] provider.terraform-provider-vault_v5.10.1_x5: Found ephemeral resource type: tf_ephemeral_resource_type=vault_kv_secret_v2 tf_mux_provider="*proto5server.Server" tf_provider_addr=registry.terraform.io/hashicorp/vault tf_req_id=c7706ee4-ce49-f0d2-75b8-7b798a2427d6 tf_rpc=GetProviderSchema @caller=github.com/hashicorp/terraform-plugin-framework@v1.19.0/internal/fwserver/server_ephemeralresources.go:80 @module=sdk.framework timestamp="2026-07-07T23:34:22.238+0800"
2026-07-07T23:34:22.238+0800 [TRACE] provider.terraform-provider-vault_v5.10.1_x5: Found ephemeral resource type: tf_ephemeral_resource_type=vault_database_secret tf_mux_provider="*proto5server.Server" tf_provider_addr=registry.terraform.io/hashicorp/vault @caller=github.com/hashicorp/terraform-plugin-framework@v1.19.0/internal/fwserver/server_ephemeralresources.go:80 @module=sdk.framework tf_req_id=c7706ee4-ce49-f0d2-75b8-7b798a2427d6 tf_rpc=GetProviderSchema timestamp="2026-07-07T23:34:22.238+0800"
2026-07-07T23:34:22.238+0800 [TRACE] provider.terraform-provider-vault_v5.10.1_x5: Found ephemeral resource type: tf_mux_provider="*proto5server.Server" tf_provider_addr=registry.terraform.io/hashicorp/vault tf_req_id=c7706ee4-ce49-f0d2-75b8-7b798a2427d6 tf_rpc=GetProviderSchema @caller=github.com/hashicorp/terraform-plugin-framework@v1.19.0/internal/fwserver/server_ephemeralresources.go:80 @module=sdk.framework tf_ephemeral_resource_type=vault_generic_secret timestamp="2026-07-07T23:34:22.238+0800"
2026-07-07T23:34:22.238+0800 [TRACE] provider.terraform-provider-vault_v5.10.1_x5: Found ephemeral resource type: tf_ephemeral_resource_type=vault_azure_static_credentials tf_mux_provider="*proto5server.Server" tf_req_id=c7706ee4-ce49-f0d2-75b8-7b798a2427d6 @caller=github.com/hashicorp/terraform-plugin-framework@v1.19.0/internal/fwserver/server_ephemeralresources.go:80 tf_provider_addr=registry.terraform.io/hashicorp/vault tf_rpc=GetProviderSchema @module=sdk.framework timestamp="2026-07-07T23:34:22.238+0800"
2026-07-07T23:34:22.238+0800 [TRACE] provider.terraform-provider-vault_v5.10.1_x5: Found ephemeral resource type: tf_mux_provider="*proto5server.Server" tf_req_id=c7706ee4-ce49-f0d2-75b8-7b798a2427d6 @caller=github.com/hashicorp/terraform-plugin-framework@v1.19.0/internal/fwserver/server_ephemeralresources.go:80 @module=sdk.framework tf_ephemeral_resource_type=vault_azure_access_credentials tf_provider_addr=registry.terraform.io/hashicorp/vault tf_rpc=GetProviderSchema timestamp="2026-07-07T23:34:22.238+0800"
2026-07-07T23:34:22.238+0800 [TRACE] provider.terraform-provider-vault_v5.10.1_x5: Found ephemeral resource type: @caller=github.com/hashicorp/terraform-plugin-framework@v1.19.0/internal/fwserver/server_ephemeralresources.go:80 @module=sdk.framework tf_mux_provider="*proto5server.Server" tf_rpc=GetProviderSchema tf_ephemeral_resource_type=vault_gcp_service_account_key tf_provider_addr=registry.terraform.io/hashicorp/vault tf_req_id=c7706ee4-ce49-f0d2-75b8-7b798a2427d6 timestamp="2026-07-07T23:34:22.238+0800"
2026-07-07T23:34:22.238+0800 [TRACE] provider.terraform-provider-vault_v5.10.1_x5: Found ephemeral resource type: @module=sdk.framework tf_ephemeral_resource_type=vault_gcp_oauth2_access_token tf_provider_addr=registry.terraform.io/hashicorp/vault tf_req_id=c7706ee4-ce49-f0d2-75b8-7b798a2427d6 tf_mux_provider="*proto5server.Server" tf_rpc=GetProviderSchema @caller=github.com/hashicorp/terraform-plugin-framework@v1.19.0/internal/fwserver/server_ephemeralresources.go:80 timestamp="2026-07-07T23:34:22.238+0800"
2026-07-07T23:34:22.238+0800 [TRACE] provider.terraform-provider-vault_v5.10.1_x5: Found ephemeral resource type: tf_req_id=c7706ee4-ce49-f0d2-75b8-7b798a2427d6 tf_rpc=GetProviderSchema tf_ephemeral_resource_type=vault_aws_access_credentials tf_mux_provider="*proto5server.Server" tf_provider_addr=registry.terraform.io/hashicorp/vault @caller=github.com/hashicorp/terraform-plugin-framework@v1.19.0/internal/fwserver/server_ephemeralresources.go:80 @module=sdk.framework timestamp="2026-07-07T23:34:22.238+0800"
2026-07-07T23:34:22.238+0800 [TRACE] provider.terraform-provider-vault_v5.10.1_x5: Found ephemeral resource type: @module=sdk.framework tf_provider_addr=registry.terraform.io/hashicorp/vault tf_req_id=c7706ee4-ce49-f0d2-75b8-7b798a2427d6 @caller=github.com/hashicorp/terraform-plugin-framework@v1.19.0/internal/fwserver/server_ephemeralresources.go:80 tf_ephemeral_resource_type=vault_aws_static_access_credentials tf_mux_provider="*proto5server.Server" tf_rpc=GetProviderSchema timestamp="2026-07-07T23:34:22.238+0800"
2026-07-07T23:34:22.238+0800 [TRACE] provider.terraform-provider-vault_v5.10.1_x5: Found ephemeral resource type: tf_mux_provider="*proto5server.Server" tf_req_id=c7706ee4-ce49-f0d2-75b8-7b798a2427d6 tf_rpc=GetProviderSchema @caller=github.com/hashicorp/terraform-plugin-framework@v1.19.0/internal/fwserver/server_ephemeralresources.go:80 @module=sdk.framework tf_ephemeral_resource_type=vault_alicloud_access_credentials tf_provider_addr=registry.terraform.io/hashicorp/vault timestamp="2026-07-07T23:34:22.238+0800"
2026-07-07T23:34:22.238+0800 [TRACE] provider.terraform-provider-vault_v5.10.1_x5: Found ephemeral resource type: @module=sdk.framework tf_ephemeral_resource_type=vault_approle_auth_backend_role_secret_id tf_mux_provider="*proto5server.Server" @caller=github.com/hashicorp/terraform-plugin-framework@v1.19.0/internal/fwserver/server_ephemeralresources.go:80 tf_provider_addr=registry.terraform.io/hashicorp/vault tf_req_id=c7706ee4-ce49-f0d2-75b8-7b798a2427d6 tf_rpc=GetProviderSchema timestamp="2026-07-07T23:34:22.238+0800"
2026-07-07T23:34:22.238+0800 [TRACE] provider.terraform-provider-vault_v5.10.1_x5: Found ephemeral resource type: tf_provider_addr=registry.terraform.io/hashicorp/vault tf_req_id=c7706ee4-ce49-f0d2-75b8-7b798a2427d6 tf_rpc=GetProviderSchema @caller=github.com/hashicorp/terraform-plugin-framework@v1.19.0/internal/fwserver/server_ephemeralresources.go:80 @module=sdk.framework tf_ephemeral_resource_type=vault_radius_auth_login tf_mux_provider="*proto5server.Server" timestamp="2026-07-07T23:34:22.238+0800"
2026-07-07T23:34:22.238+0800 [TRACE] provider.terraform-provider-vault_v5.10.1_x5: Found ephemeral resource type: tf_mux_provider="*proto5server.Server" tf_provider_addr=registry.terraform.io/hashicorp/vault tf_rpc=GetProviderSchema @caller=github.com/hashicorp/terraform-plugin-framework@v1.19.0/internal/fwserver/server_ephemeralresources.go:80 @module=sdk.framework tf_ephemeral_resource_type=vault_kubernetes_service_account_token tf_req_id=c7706ee4-ce49-f0d2-75b8-7b798a2427d6 timestamp="2026-07-07T23:34:22.238+0800"
2026-07-07T23:34:22.238+0800 [TRACE] provider.terraform-provider-vault_v5.10.1_x5: Found ephemeral resource type: tf_ephemeral_resource_type=vault_cf_auth_login tf_provider_addr=registry.terraform.io/hashicorp/vault @module=sdk.framework tf_mux_provider="*proto5server.Server" tf_req_id=c7706ee4-ce49-f0d2-75b8-7b798a2427d6 tf_rpc=GetProviderSchema @caller=github.com/hashicorp/terraform-plugin-framework@v1.19.0/internal/fwserver/server_ephemeralresources.go:80 timestamp="2026-07-07T23:34:22.238+0800"
2026-07-07T23:34:22.238+0800 [TRACE] provider.terraform-provider-vault_v5.10.1_x5: Found ephemeral resource type: tf_req_id=c7706ee4-ce49-f0d2-75b8-7b798a2427d6 tf_rpc=GetProviderSchema @caller=github.com/hashicorp/terraform-plugin-framework@v1.19.0/internal/fwserver/server_ephemeralresources.go:80 tf_mux_provider="*proto5server.Server" @module=sdk.framework tf_ephemeral_resource_type=vault_userpass_auth_login tf_provider_addr=registry.terraform.io/hashicorp/vault timestamp="2026-07-07T23:34:22.238+0800"
2026-07-07T23:34:22.238+0800 [TRACE] provider.terraform-provider-vault_v5.10.1_x5: Found ephemeral resource type: @caller=github.com/hashicorp/terraform-plugin-framework@v1.19.0/internal/fwserver/server_ephemeralresources.go:80 @module=sdk.framework tf_ephemeral_resource_type=vault_spiffe_secret_backend_mintjwt tf_provider_addr=registry.terraform.io/hashicorp/vault tf_req_id=c7706ee4-ce49-f0d2-75b8-7b798a2427d6 tf_rpc=GetProviderSchema tf_mux_provider="*proto5server.Server" timestamp="2026-07-07T23:34:22.238+0800"
2026-07-07T23:34:22.238+0800 [TRACE] provider.terraform-provider-vault_v5.10.1_x5: Found ephemeral resource type: @caller=github.com/hashicorp/terraform-plugin-framework@v1.19.0/internal/fwserver/server_ephemeralresources.go:80 @module=sdk.framework tf_mux_provider="*proto5server.Server" tf_req_id=c7706ee4-ce49-f0d2-75b8-7b798a2427d6 tf_rpc=GetProviderSchema tf_ephemeral_resource_type=vault_terraform_token tf_provider_addr=registry.terraform.io/hashicorp/vault timestamp="2026-07-07T23:34:22.238+0800"
2026-07-07T23:34:22.238+0800 [TRACE] provider.terraform-provider-vault_v5.10.1_x5: Found ephemeral resource type: tf_req_id=c7706ee4-ce49-f0d2-75b8-7b798a2427d6 tf_provider_addr=registry.terraform.io/hashicorp/vault tf_rpc=GetProviderSchema @caller=github.com/hashicorp/terraform-plugin-framework@v1.19.0/internal/fwserver/server_ephemeralresources.go:80 @module=sdk.framework tf_ephemeral_resource_type=vault_token tf_mux_provider="*proto5server.Server" timestamp="2026-07-07T23:34:22.238+0800"
2026-07-07T23:34:22.238+0800 [TRACE] provider.terraform-provider-vault_v5.10.1_x5: Found ephemeral resource type: tf_req_id=c7706ee4-ce49-f0d2-75b8-7b798a2427d6 tf_rpc=GetProviderSchema tf_ephemeral_resource_type=vault_generic_endpoint @caller=github.com/hashicorp/terraform-plugin-framework@v1.19.0/internal/fwserver/server_ephemeralresources.go:80 @module=sdk.framework tf_mux_provider="*proto5server.Server" tf_provider_addr=registry.terraform.io/hashicorp/vault timestamp="2026-07-07T23:34:22.238+0800"
2026-07-07T23:34:22.238+0800 [TRACE] provider.terraform-provider-vault_v5.10.1_x5: Calling provider defined EphemeralResource Schema: tf_provider_addr=registry.terraform.io/hashicorp/vault tf_rpc=GetProviderSchema @caller=github.com/hashicorp/terraform-plugin-framework@v1.19.0/internal/fwserver/server_ephemeralresources.go:176 tf_ephemeral_resource_type=vault_cf_auth_login tf_mux_provider="*proto5server.Server" tf_req_id=c7706ee4-ce49-f0d2-75b8-7b798a2427d6 @module=sdk.framework timestamp="2026-07-07T23:34:22.238+0800"
2026-07-07T23:34:22.238+0800 [TRACE] provider.terraform-provider-vault_v5.10.1_x5: Called provider defined EphemeralResource Schema: tf_req_id=c7706ee4-ce49-f0d2-75b8-7b798a2427d6 tf_mux_provider="*proto5server.Server" tf_provider_addr=registry.terraform.io/hashicorp/vault tf_rpc=GetProviderSchema @caller=github.com/hashicorp/terraform-plugin-framework@v1.19.0/internal/fwserver/server_ephemeralresources.go:178 @module=sdk.framework tf_ephemeral_resource_type=vault_cf_auth_login timestamp="2026-07-07T23:34:22.238+0800"
2026-07-07T23:34:22.238+0800 [TRACE] provider.terraform-provider-vault_v5.10.1_x5: Calling provider defined EphemeralResource Schema: @module=sdk.framework tf_provider_addr=registry.terraform.io/hashicorp/vault tf_req_id=c7706ee4-ce49-f0d2-75b8-7b798a2427d6 tf_rpc=GetProviderSchema @caller=github.com/hashicorp/terraform-plugin-framework@v1.19.0/internal/fwserver/server_ephemeralresources.go:176 tf_ephemeral_resource_type=vault_spiffe_secret_backend_mintjwt tf_mux_provider="*proto5server.Server" timestamp="2026-07-07T23:34:22.238+0800"
2026-07-07T23:34:22.238+0800 [TRACE] provider.terraform-provider-vault_v5.10.1_x5: Called provider defined EphemeralResource Schema: @caller=github.com/hashicorp/terraform-plugin-framework@v1.19.0/internal/fwserver/server_ephemeralresources.go:178 tf_provider_addr=registry.terraform.io/hashicorp/vault tf_req_id=c7706ee4-ce49-f0d2-75b8-7b798a2427d6 tf_rpc=GetProviderSchema @module=sdk.framework tf_ephemeral_resource_type=vault_spiffe_secret_backend_mintjwt tf_mux_provider="*proto5server.Server" timestamp="2026-07-07T23:34:22.238+0800"
2026-07-07T23:34:22.238+0800 [TRACE] provider.terraform-provider-vault_v5.10.1_x5: Calling provider defined EphemeralResource Schema: tf_rpc=GetProviderSchema @module=sdk.framework tf_req_id=c7706ee4-ce49-f0d2-75b8-7b798a2427d6 @caller=github.com/hashicorp/terraform-plugin-framework@v1.19.0/internal/fwserver/server_ephemeralresources.go:176 tf_ephemeral_resource_type=vault_generic_endpoint tf_mux_provider="*proto5server.Server" tf_provider_addr=registry.terraform.io/hashicorp/vault timestamp="2026-07-07T23:34:22.238+0800"
2026-07-07T23:34:22.238+0800 [TRACE] provider.terraform-provider-vault_v5.10.1_x5: Called provider defined EphemeralResource Schema: tf_provider_addr=registry.terraform.io/hashicorp/vault tf_rpc=GetProviderSchema @caller=github.com/hashicorp/terraform-plugin-framework@v1.19.0/internal/fwserver/server_ephemeralresources.go:178 @module=sdk.framework tf_ephemeral_resource_type=vault_generic_endpoint tf_mux_provider="*proto5server.Server" tf_req_id=c7706ee4-ce49-f0d2-75b8-7b798a2427d6 timestamp="2026-07-07T23:34:22.238+0800"
2026-07-07T23:34:22.238+0800 [TRACE] provider.terraform-provider-vault_v5.10.1_x5: Calling provider defined EphemeralResource Schema: @caller=github.com/hashicorp/terraform-plugin-framework@v1.19.0/internal/fwserver/server_ephemeralresources.go:176 tf_provider_addr=registry.terraform.io/hashicorp/vault @module=sdk.framework tf_ephemeral_resource_type=vault_database_secret tf_mux_provider="*proto5server.Server" tf_req_id=c7706ee4-ce49-f0d2-75b8-7b798a2427d6 tf_rpc=GetProviderSchema timestamp="2026-07-07T23:34:22.238+0800"
2026-07-07T23:34:22.238+0800 [TRACE] provider.terraform-provider-vault_v5.10.1_x5: Called provider defined EphemeralResource Schema: @module=sdk.framework tf_provider_addr=registry.terraform.io/hashicorp/vault tf_req_id=c7706ee4-ce49-f0d2-75b8-7b798a2427d6 tf_rpc=GetProviderSchema @caller=github.com/hashicorp/terraform-plugin-framework@v1.19.0/internal/fwserver/server_ephemeralresources.go:178 tf_ephemeral_resource_type=vault_database_secret tf_mux_provider="*proto5server.Server" timestamp="2026-07-07T23:34:22.238+0800"
2026-07-07T23:34:22.238+0800 [TRACE] provider.terraform-provider-vault_v5.10.1_x5: Calling provider defined EphemeralResource Schema: @caller=github.com/hashicorp/terraform-plugin-framework@v1.19.0/internal/fwserver/server_ephemeralresources.go:176 tf_ephemeral_resource_type=vault_aws_access_credentials tf_mux_provider="*proto5server.Server" tf_req_id=c7706ee4-ce49-f0d2-75b8-7b798a2427d6 @module=sdk.framework tf_provider_addr=registry.terraform.io/hashicorp/vault tf_rpc=GetProviderSchema timestamp="2026-07-07T23:34:22.238+0800"
2026-07-07T23:34:22.238+0800 [TRACE] provider.terraform-provider-vault_v5.10.1_x5: Called provider defined EphemeralResource Schema: @caller=github.com/hashicorp/terraform-plugin-framework@v1.19.0/internal/fwserver/server_ephemeralresources.go:178 @module=sdk.framework tf_ephemeral_resource_type=vault_aws_access_credentials tf_mux_provider="*proto5server.Server" tf_provider_addr=registry.terraform.io/hashicorp/vault tf_rpc=GetProviderSchema tf_req_id=c7706ee4-ce49-f0d2-75b8-7b798a2427d6 timestamp="2026-07-07T23:34:22.238+0800"
2026-07-07T23:34:22.238+0800 [TRACE] provider.terraform-provider-vault_v5.10.1_x5: Calling provider defined EphemeralResource Schema: tf_provider_addr=registry.terraform.io/hashicorp/vault @caller=github.com/hashicorp/terraform-plugin-framework@v1.19.0/internal/fwserver/server_ephemeralresources.go:176 tf_ephemeral_resource_type=vault_aws_static_access_credentials tf_mux_provider="*proto5server.Server" tf_req_id=c7706ee4-ce49-f0d2-75b8-7b798a2427d6 tf_rpc=GetProviderSchema @module=sdk.framework timestamp="2026-07-07T23:34:22.238+0800"
2026-07-07T23:34:22.238+0800 [TRACE] provider.terraform-provider-vault_v5.10.1_x5: Called provider defined EphemeralResource Schema: tf_req_id=c7706ee4-ce49-f0d2-75b8-7b798a2427d6 tf_rpc=GetProviderSchema tf_mux_provider="*proto5server.Server" @caller=github.com/hashicorp/terraform-plugin-framework@v1.19.0/internal/fwserver/server_ephemeralresources.go:178 @module=sdk.framework tf_ephemeral_resource_type=vault_aws_static_access_credentials tf_provider_addr=registry.terraform.io/hashicorp/vault timestamp="2026-07-07T23:34:22.238+0800"
2026-07-07T23:34:22.238+0800 [TRACE] provider.terraform-provider-vault_v5.10.1_x5: Calling provider defined EphemeralResource Schema: tf_ephemeral_resource_type=vault_alicloud_access_credentials tf_req_id=c7706ee4-ce49-f0d2-75b8-7b798a2427d6 tf_rpc=GetProviderSchema @module=sdk.framework tf_mux_provider="*proto5server.Server" tf_provider_addr=registry.terraform.io/hashicorp/vault @caller=github.com/hashicorp/terraform-plugin-framework@v1.19.0/internal/fwserver/server_ephemeralresources.go:176 timestamp="2026-07-07T23:34:22.238+0800"
2026-07-07T23:34:22.238+0800 [TRACE] provider.terraform-provider-vault_v5.10.1_x5: Called provider defined EphemeralResource Schema: @module=sdk.framework tf_mux_provider="*proto5server.Server" tf_provider_addr=registry.terraform.io/hashicorp/vault @caller=github.com/hashicorp/terraform-plugin-framework@v1.19.0/internal/fwserver/server_ephemeralresources.go:178 tf_ephemeral_resource_type=vault_alicloud_access_credentials tf_req_id=c7706ee4-ce49-f0d2-75b8-7b798a2427d6 tf_rpc=GetProviderSchema timestamp="2026-07-07T23:34:22.238+0800"
2026-07-07T23:34:22.238+0800 [TRACE] provider.terraform-provider-vault_v5.10.1_x5: Calling provider defined EphemeralResource Schema: tf_req_id=c7706ee4-ce49-f0d2-75b8-7b798a2427d6 tf_rpc=GetProviderSchema @caller=github.com/hashicorp/terraform-plugin-framework@v1.19.0/internal/fwserver/server_ephemeralresources.go:176 tf_ephemeral_resource_type=vault_kubernetes_service_account_token @module=sdk.framework tf_mux_provider="*proto5server.Server" tf_provider_addr=registry.terraform.io/hashicorp/vault timestamp="2026-07-07T23:34:22.238+0800"
2026-07-07T23:34:22.238+0800 [TRACE] provider.terraform-provider-vault_v5.10.1_x5: Called provider defined EphemeralResource Schema: tf_provider_addr=registry.terraform.io/hashicorp/vault @caller=github.com/hashicorp/terraform-plugin-framework@v1.19.0/internal/fwserver/server_ephemeralresources.go:178 @module=sdk.framework tf_ephemeral_resource_type=vault_kubernetes_service_account_token tf_mux_provider="*proto5server.Server" tf_req_id=c7706ee4-ce49-f0d2-75b8-7b798a2427d6 tf_rpc=GetProviderSchema timestamp="2026-07-07T23:34:22.238+0800"
2026-07-07T23:34:22.238+0800 [TRACE] provider.terraform-provider-vault_v5.10.1_x5: Calling provider defined EphemeralResource Schema: @caller=github.com/hashicorp/terraform-plugin-framework@v1.19.0/internal/fwserver/server_ephemeralresources.go:176 @module=sdk.framework tf_ephemeral_resource_type=vault_token tf_mux_provider="*proto5server.Server" tf_rpc=GetProviderSchema tf_provider_addr=registry.terraform.io/hashicorp/vault tf_req_id=c7706ee4-ce49-f0d2-75b8-7b798a2427d6 timestamp="2026-07-07T23:34:22.238+0800"
2026-07-07T23:34:22.238+0800 [TRACE] provider.terraform-provider-vault_v5.10.1_x5: Called provider defined EphemeralResource Schema: tf_provider_addr=registry.terraform.io/hashicorp/vault tf_rpc=GetProviderSchema @module=sdk.framework tf_ephemeral_resource_type=vault_token tf_mux_provider="*proto5server.Server" tf_req_id=c7706ee4-ce49-f0d2-75b8-7b798a2427d6 @caller=github.com/hashicorp/terraform-plugin-framework@v1.19.0/internal/fwserver/server_ephemeralresources.go:178 timestamp="2026-07-07T23:34:22.238+0800"
2026-07-07T23:34:22.238+0800 [TRACE] provider.terraform-provider-vault_v5.10.1_x5: Calling provider defined EphemeralResource Schema: tf_req_id=c7706ee4-ce49-f0d2-75b8-7b798a2427d6 @caller=github.com/hashicorp/terraform-plugin-framework@v1.19.0/internal/fwserver/server_ephemeralresources.go:176 tf_ephemeral_resource_type=vault_generic_secret tf_mux_provider="*proto5server.Server" tf_provider_addr=registry.terraform.io/hashicorp/vault tf_rpc=GetProviderSchema @module=sdk.framework timestamp="2026-07-07T23:34:22.238+0800"
2026-07-07T23:34:22.238+0800 [TRACE] provider.terraform-provider-vault_v5.10.1_x5: Called provider defined EphemeralResource Schema: @module=sdk.framework tf_ephemeral_resource_type=vault_generic_secret tf_mux_provider="*proto5server.Server" tf_req_id=c7706ee4-ce49-f0d2-75b8-7b798a2427d6 tf_provider_addr=registry.terraform.io/hashicorp/vault tf_rpc=GetProviderSchema @caller=github.com/hashicorp/terraform-plugin-framework@v1.19.0/internal/fwserver/server_ephemeralresources.go:178 timestamp="2026-07-07T23:34:22.238+0800"
2026-07-07T23:34:22.238+0800 [TRACE] provider.terraform-provider-vault_v5.10.1_x5: Calling provider defined EphemeralResource Schema: @caller=github.com/hashicorp/terraform-plugin-framework@v1.19.0/internal/fwserver/server_ephemeralresources.go:176 tf_ephemeral_resource_type=vault_azure_static_credentials tf_mux_provider="*proto5server.Server" tf_provider_addr=registry.terraform.io/hashicorp/vault tf_req_id=c7706ee4-ce49-f0d2-75b8-7b798a2427d6 tf_rpc=GetProviderSchema @module=sdk.framework timestamp="2026-07-07T23:34:22.238+0800"
2026-07-07T23:34:22.238+0800 [TRACE] provider.terraform-provider-vault_v5.10.1_x5: Called provider defined EphemeralResource Schema: tf_provider_addr=registry.terraform.io/hashicorp/vault @caller=github.com/hashicorp/terraform-plugin-framework@v1.19.0/internal/fwserver/server_ephemeralresources.go:178 @module=sdk.framework tf_ephemeral_resource_type=vault_azure_static_credentials tf_mux_provider="*proto5server.Server" tf_req_id=c7706ee4-ce49-f0d2-75b8-7b798a2427d6 tf_rpc=GetProviderSchema timestamp="2026-07-07T23:34:22.238+0800"
2026-07-07T23:34:22.238+0800 [TRACE] provider.terraform-provider-vault_v5.10.1_x5: Calling provider defined EphemeralResource Schema: @caller=github.com/hashicorp/terraform-plugin-framework@v1.19.0/internal/fwserver/server_ephemeralresources.go:176 @module=sdk.framework tf_ephemeral_resource_type=vault_gcp_service_account_key tf_mux_provider="*proto5server.Server" tf_provider_addr=registry.terraform.io/hashicorp/vault tf_req_id=c7706ee4-ce49-f0d2-75b8-7b798a2427d6 tf_rpc=GetProviderSchema timestamp="2026-07-07T23:34:22.238+0800"
2026-07-07T23:34:22.238+0800 [TRACE] provider.terraform-provider-vault_v5.10.1_x5: Called provider defined EphemeralResource Schema: @module=sdk.framework tf_ephemeral_resource_type=vault_gcp_service_account_key tf_mux_provider="*proto5server.Server" tf_req_id=c7706ee4-ce49-f0d2-75b8-7b798a2427d6 @caller=github.com/hashicorp/terraform-plugin-framework@v1.19.0/internal/fwserver/server_ephemeralresources.go:178 tf_provider_addr=registry.terraform.io/hashicorp/vault tf_rpc=GetProviderSchema timestamp="2026-07-07T23:34:22.238+0800"
2026-07-07T23:34:22.238+0800 [TRACE] provider.terraform-provider-vault_v5.10.1_x5: Calling provider defined EphemeralResource Schema: @caller=github.com/hashicorp/terraform-plugin-framework@v1.19.0/internal/fwserver/server_ephemeralresources.go:176 @module=sdk.framework tf_ephemeral_resource_type=vault_gcp_oauth2_access_token tf_provider_addr=registry.terraform.io/hashicorp/vault tf_req_id=c7706ee4-ce49-f0d2-75b8-7b798a2427d6 tf_rpc=GetProviderSchema tf_mux_provider="*proto5server.Server" timestamp="2026-07-07T23:34:22.238+0800"
2026-07-07T23:34:22.238+0800 [TRACE] provider.terraform-provider-vault_v5.10.1_x5: Called provider defined EphemeralResource Schema: @caller=github.com/hashicorp/terraform-plugin-framework@v1.19.0/internal/fwserver/server_ephemeralresources.go:178 tf_ephemeral_resource_type=vault_gcp_oauth2_access_token tf_mux_provider="*proto5server.Server" tf_provider_addr=registry.terraform.io/hashicorp/vault tf_req_id=c7706ee4-ce49-f0d2-75b8-7b798a2427d6 tf_rpc=GetProviderSchema @module=sdk.framework timestamp="2026-07-07T23:34:22.238+0800"
2026-07-07T23:34:22.238+0800 [TRACE] provider.terraform-provider-vault_v5.10.1_x5: Calling provider defined EphemeralResource Schema: tf_mux_provider="*proto5server.Server" tf_req_id=c7706ee4-ce49-f0d2-75b8-7b798a2427d6 tf_rpc=GetProviderSchema @module=sdk.framework tf_ephemeral_resource_type=vault_userpass_auth_login tf_provider_addr=registry.terraform.io/hashicorp/vault @caller=github.com/hashicorp/terraform-plugin-framework@v1.19.0/internal/fwserver/server_ephemeralresources.go:176 timestamp="2026-07-07T23:34:22.238+0800"
2026-07-07T23:34:22.238+0800 [TRACE] provider.terraform-provider-vault_v5.10.1_x5: Called provider defined EphemeralResource Schema: @caller=github.com/hashicorp/terraform-plugin-framework@v1.19.0/internal/fwserver/server_ephemeralresources.go:178 @module=sdk.framework tf_ephemeral_resource_type=vault_userpass_auth_login tf_mux_provider="*proto5server.Server" tf_provider_addr=registry.terraform.io/hashicorp/vault tf_req_id=c7706ee4-ce49-f0d2-75b8-7b798a2427d6 tf_rpc=GetProviderSchema timestamp="2026-07-07T23:34:22.238+0800"
2026-07-07T23:34:22.238+0800 [TRACE] provider.terraform-provider-vault_v5.10.1_x5: Calling provider defined EphemeralResource Schema: @module=sdk.framework tf_ephemeral_resource_type=vault_kv_secret_v2 @caller=github.com/hashicorp/terraform-plugin-framework@v1.19.0/internal/fwserver/server_ephemeralresources.go:176 tf_mux_provider="*proto5server.Server" tf_provider_addr=registry.terraform.io/hashicorp/vault tf_req_id=c7706ee4-ce49-f0d2-75b8-7b798a2427d6 tf_rpc=GetProviderSchema timestamp="2026-07-07T23:34:22.238+0800"
2026-07-07T23:34:22.238+0800 [TRACE] provider.terraform-provider-vault_v5.10.1_x5: Called provider defined EphemeralResource Schema: tf_ephemeral_resource_type=vault_kv_secret_v2 tf_provider_addr=registry.terraform.io/hashicorp/vault tf_rpc=GetProviderSchema @caller=github.com/hashicorp/terraform-plugin-framework@v1.19.0/internal/fwserver/server_ephemeralresources.go:178 @module=sdk.framework tf_mux_provider="*proto5server.Server" tf_req_id=c7706ee4-ce49-f0d2-75b8-7b798a2427d6 timestamp="2026-07-07T23:34:22.238+0800"
2026-07-07T23:34:22.238+0800 [TRACE] provider.terraform-provider-vault_v5.10.1_x5: Calling provider defined EphemeralResource Schema: @caller=github.com/hashicorp/terraform-plugin-framework@v1.19.0/internal/fwserver/server_ephemeralresources.go:176 @module=sdk.framework tf_req_id=c7706ee4-ce49-f0d2-75b8-7b798a2427d6 tf_rpc=GetProviderSchema tf_ephemeral_resource_type=vault_azure_access_credentials tf_mux_provider="*proto5server.Server" tf_provider_addr=registry.terraform.io/hashicorp/vault timestamp="2026-07-07T23:34:22.238+0800"
2026-07-07T23:34:22.238+0800 [TRACE] provider.terraform-provider-vault_v5.10.1_x5: Called provider defined EphemeralResource Schema: tf_req_id=c7706ee4-ce49-f0d2-75b8-7b798a2427d6 @caller=github.com/hashicorp/terraform-plugin-framework@v1.19.0/internal/fwserver/server_ephemeralresources.go:178 tf_ephemeral_resource_type=vault_azure_access_credentials tf_provider_addr=registry.terraform.io/hashicorp/vault tf_rpc=GetProviderSchema @module=sdk.framework tf_mux_provider="*proto5server.Server" timestamp="2026-07-07T23:34:22.238+0800"
2026-07-07T23:34:22.238+0800 [TRACE] provider.terraform-provider-vault_v5.10.1_x5: Calling provider defined EphemeralResource Schema: tf_req_id=c7706ee4-ce49-f0d2-75b8-7b798a2427d6 tf_mux_provider="*proto5server.Server" tf_provider_addr=registry.terraform.io/hashicorp/vault tf_rpc=GetProviderSchema @caller=github.com/hashicorp/terraform-plugin-framework@v1.19.0/internal/fwserver/server_ephemeralresources.go:176 @module=sdk.framework tf_ephemeral_resource_type=vault_approle_auth_backend_role_secret_id timestamp="2026-07-07T23:34:22.238+0800"
2026-07-07T23:34:22.238+0800 [TRACE] provider.terraform-provider-vault_v5.10.1_x5: Called provider defined EphemeralResource Schema: tf_provider_addr=registry.terraform.io/hashicorp/vault tf_req_id=c7706ee4-ce49-f0d2-75b8-7b798a2427d6 @caller=github.com/hashicorp/terraform-plugin-framework@v1.19.0/internal/fwserver/server_ephemeralresources.go:178 tf_rpc=GetProviderSchema @module=sdk.framework tf_ephemeral_resource_type=vault_approle_auth_backend_role_secret_id tf_mux_provider="*proto5server.Server" timestamp="2026-07-07T23:34:22.238+0800"
2026-07-07T23:34:22.238+0800 [TRACE] provider.terraform-provider-vault_v5.10.1_x5: Calling provider defined EphemeralResource Schema: @caller=github.com/hashicorp/terraform-plugin-framework@v1.19.0/internal/fwserver/server_ephemeralresources.go:176 @module=sdk.framework tf_mux_provider="*proto5server.Server" tf_provider_addr=registry.terraform.io/hashicorp/vault tf_req_id=c7706ee4-ce49-f0d2-75b8-7b798a2427d6 tf_rpc=GetProviderSchema tf_ephemeral_resource_type=vault_terraform_token timestamp="2026-07-07T23:34:22.238+0800"
2026-07-07T23:34:22.238+0800 [TRACE] provider.terraform-provider-vault_v5.10.1_x5: Called provider defined EphemeralResource Schema: @module=sdk.framework @caller=github.com/hashicorp/terraform-plugin-framework@v1.19.0/internal/fwserver/server_ephemeralresources.go:178 tf_ephemeral_resource_type=vault_terraform_token tf_mux_provider="*proto5server.Server" tf_provider_addr=registry.terraform.io/hashicorp/vault tf_req_id=c7706ee4-ce49-f0d2-75b8-7b798a2427d6 tf_rpc=GetProviderSchema timestamp="2026-07-07T23:34:22.238+0800"
2026-07-07T23:34:22.238+0800 [TRACE] provider.terraform-provider-vault_v5.10.1_x5: Calling provider defined EphemeralResource Schema: @module=sdk.framework tf_ephemeral_resource_type=vault_radius_auth_login tf_provider_addr=registry.terraform.io/hashicorp/vault tf_req_id=c7706ee4-ce49-f0d2-75b8-7b798a2427d6 tf_rpc=GetProviderSchema @caller=github.com/hashicorp/terraform-plugin-framework@v1.19.0/internal/fwserver/server_ephemeralresources.go:176 tf_mux_provider="*proto5server.Server" timestamp="2026-07-07T23:34:22.238+0800"
2026-07-07T23:34:22.238+0800 [TRACE] provider.terraform-provider-vault_v5.10.1_x5: Called provider defined EphemeralResource Schema: @caller=github.com/hashicorp/terraform-plugin-framework@v1.19.0/internal/fwserver/server_ephemeralresources.go:178 @module=sdk.framework tf_ephemeral_resource_type=vault_radius_auth_login tf_mux_provider="*proto5server.Server" tf_provider_addr=registry.terraform.io/hashicorp/vault tf_req_id=c7706ee4-ce49-f0d2-75b8-7b798a2427d6 tf_rpc=GetProviderSchema timestamp="2026-07-07T23:34:22.238+0800"
2026-07-07T23:34:22.238+0800 [TRACE] provider.terraform-provider-vault_v5.10.1_x5: Checking ActionFuncs lock: @caller=github.com/hashicorp/terraform-plugin-framework@v1.19.0/internal/fwserver/server_actions.go:38 @module=sdk.framework tf_mux_provider="*proto5server.Server" tf_provider_addr=registry.terraform.io/hashicorp/vault tf_req_id=c7706ee4-ce49-f0d2-75b8-7b798a2427d6 tf_rpc=GetProviderSchema timestamp="2026-07-07T23:34:22.238+0800"
2026-07-07T23:34:22.238+0800 [TRACE] provider.terraform-provider-vault_v5.10.1_x5: Checking ProviderTypeName lock: @module=sdk.framework tf_mux_provider="*proto5server.Server" tf_provider_addr=registry.terraform.io/hashicorp/vault tf_rpc=GetProviderSchema @caller=github.com/hashicorp/terraform-plugin-framework@v1.19.0/internal/fwserver/server.go:476 tf_req_id=c7706ee4-ce49-f0d2-75b8-7b798a2427d6 timestamp="2026-07-07T23:34:22.238+0800"
2026-07-07T23:34:22.238+0800 [TRACE] provider.terraform-provider-vault_v5.10.1_x5: Checking StateStoreFuncs lock: tf_req_id=c7706ee4-ce49-f0d2-75b8-7b798a2427d6 tf_rpc=GetProviderSchema @caller=github.com/hashicorp/terraform-plugin-framework@v1.19.0/internal/fwserver/server_statestore.go:38 @module=sdk.framework tf_mux_provider="*proto5server.Server" tf_provider_addr=registry.terraform.io/hashicorp/vault timestamp="2026-07-07T23:34:22.238+0800"
2026-07-07T23:34:22.238+0800 [TRACE] provider.terraform-provider-vault_v5.10.1_x5: Checking ProviderTypeName lock: @caller=github.com/hashicorp/terraform-plugin-framework@v1.19.0/internal/fwserver/server.go:476 @module=sdk.framework tf_mux_provider="*proto5server.Server" tf_rpc=GetProviderSchema tf_provider_addr=registry.terraform.io/hashicorp/vault tf_req_id=c7706ee4-ce49-f0d2-75b8-7b798a2427d6 timestamp="2026-07-07T23:34:22.238+0800"
2026-07-07T23:34:22.249+0800 [TRACE] provider.terraform-provider-vault_v5.10.1_x5: Received downstream response: @caller=github.com/hashicorp/terraform-plugin-go@v0.31.0/tfprotov5/internal/tf5serverlogging/downstream_request.go:61 @module=sdk.proto diagnostic_error_count=0 tf_provider_addr=registry.terraform.io/hashicorp/vault tf_req_id=c7706ee4-ce49-f0d2-75b8-7b798a2427d6 tf_rpc=GetProviderSchema diagnostic_warning_count=0 tf_proto_version=5.11 tf_req_duration_ms=17 timestamp="2026-07-07T23:34:22.249+0800"
2026-07-07T23:34:22.249+0800 [TRACE] provider.terraform-provider-vault_v5.10.1_x5: Announced server capabilities: @module=sdk.proto tf_proto_version=5.11 tf_provider_addr=registry.terraform.io/hashicorp/vault tf_server_capability_generate_resource_config=true tf_server_capability_move_resource_state=true tf_server_capability_plan_destroy=true @caller=github.com/hashicorp/terraform-plugin-go@v0.31.0/tfprotov5/internal/tf5serverlogging/server_capabilities.go:29 tf_req_id=c7706ee4-ce49-f0d2-75b8-7b798a2427d6 tf_rpc=GetProviderSchema tf_server_capability_get_provider_schema_optional=true timestamp="2026-07-07T23:34:22.249+0800"
2026-07-07T23:34:22.249+0800 [TRACE] provider.terraform-provider-vault_v5.10.1_x5: Served request: @module=sdk.proto tf_proto_version=5.11 tf_rpc=GetProviderSchema @caller=github.com/hashicorp/terraform-plugin-go@v0.31.0/tfprotov5/tf5server/server.go:563 tf_provider_addr=registry.terraform.io/hashicorp/vault tf_req_id=c7706ee4-ce49-f0d2-75b8-7b798a2427d6 timestamp="2026-07-07T23:34:22.249+0800"
2026-07-07T23:34:22.254+0800 [TRACE] provider.terraform-provider-vault_v5.10.1_x5: Received request: tf_req_id=7343abd7-e5a0-4601-d757-d574a699926a @caller=github.com/hashicorp/terraform-plugin-go@v0.31.0/tfprotov5/tf5server/server.go:571 @module=sdk.proto tf_proto_version=5.11 tf_provider_addr=registry.terraform.io/hashicorp/vault tf_rpc=GetResourceIdentitySchemas timestamp="2026-07-07T23:34:22.254+0800"
2026-07-07T23:34:22.254+0800 [TRACE] provider.terraform-provider-vault_v5.10.1_x5: Sending request downstream: @caller=github.com/hashicorp/terraform-plugin-go@v0.31.0/tfprotov5/internal/tf5serverlogging/downstream_request.go:22 tf_rpc=GetResourceIdentitySchemas @module=sdk.proto tf_proto_version=5.11 tf_provider_addr=registry.terraform.io/hashicorp/vault tf_req_id=7343abd7-e5a0-4601-d757-d574a699926a timestamp="2026-07-07T23:34:22.254+0800"
2026-07-07T23:34:22.254+0800 [TRACE] provider.terraform-provider-vault_v5.10.1_x5: calling downstream server: tf_mux_provider="*schema.GRPCProviderServer" tf_rpc=GetResourceIdentitySchemas @caller=github.com/hashicorp/terraform-plugin-mux@v0.23.1/internal/logging/mux.go:19 @module=sdk.mux timestamp="2026-07-07T23:34:22.254+0800"
2026-07-07T23:34:22.254+0800 [TRACE] provider.terraform-provider-vault_v5.10.1_x5: Getting resource identity schemas: tf_provider_addr=registry.terraform.io/hashicorp/vault tf_rpc=GetResourceIdentitySchemas @caller=github.com/hashicorp/terraform-plugin-sdk/v2@v2.40.1/helper/schema/grpc_provider.go:87 @module=sdk.helper_schema tf_req_id=7343abd7-e5a0-4601-d757-d574a699926a tf_mux_provider="*schema.GRPCProviderServer" timestamp="2026-07-07T23:34:22.254+0800"
2026-07-07T23:34:22.254+0800 [TRACE] provider.terraform-provider-vault_v5.10.1_x5: Found resource identity type: tf_mux_provider="*schema.GRPCProviderServer" tf_req_id=7343abd7-e5a0-4601-d757-d574a699926a tf_resource_type=vault_managed_keys @caller=github.com/hashicorp/terraform-plugin-sdk/v2@v2.40.1/helper/schema/grpc_provider.go:94 tf_provider_addr=registry.terraform.io/hashicorp/vault tf_rpc=GetResourceIdentitySchemas @module=sdk.helper_schema timestamp="2026-07-07T23:34:22.254+0800"
2026-07-07T23:34:22.254+0800 [TRACE] provider.terraform-provider-vault_v5.10.1_x5: Found resource identity type: tf_mux_provider="*schema.GRPCProviderServer" tf_req_id=7343abd7-e5a0-4601-d757-d574a699926a tf_resource_type=vault_kubernetes_auth_backend_role tf_rpc=GetResourceIdentitySchemas @caller=github.com/hashicorp/terraform-plugin-sdk/v2@v2.40.1/helper/schema/grpc_provider.go:94 @module=sdk.helper_schema tf_provider_addr=registry.terraform.io/hashicorp/vault timestamp="2026-07-07T23:34:22.254+0800"
2026-07-07T23:34:22.254+0800 [TRACE] provider.terraform-provider-vault_v5.10.1_x5: Found resource identity type: @module=sdk.helper_schema tf_resource_type=vault_mfa_okta @caller=github.com/hashicorp/terraform-plugin-sdk/v2@v2.40.1/helper/schema/grpc_provider.go:94 tf_mux_provider="*schema.GRPCProviderServer" tf_provider_addr=registry.terraform.io/hashicorp/vault tf_req_id=7343abd7-e5a0-4601-d757-d574a699926a tf_rpc=GetResourceIdentitySchemas timestamp="2026-07-07T23:34:22.254+0800"
2026-07-07T23:34:22.254+0800 [TRACE] provider.terraform-provider-vault_v5.10.1_x5: Found resource identity type: @caller=github.com/hashicorp/terraform-plugin-sdk/v2@v2.40.1/helper/schema/grpc_provider.go:94 @module=sdk.helper_schema tf_mux_provider="*schema.GRPCProviderServer" tf_req_id=7343abd7-e5a0-4601-d757-d574a699926a tf_resource_type=vault_pki_secret_backend_config_issuers tf_provider_addr=registry.terraform.io/hashicorp/vault tf_rpc=GetResourceIdentitySchemas timestamp="2026-07-07T23:34:22.254+0800"
2026-07-07T23:34:22.254+0800 [TRACE] provider.terraform-provider-vault_v5.10.1_x5: Found resource identity type: @caller=github.com/hashicorp/terraform-plugin-sdk/v2@v2.40.1/helper/schema/grpc_provider.go:94 @module=sdk.helper_schema tf_provider_addr=registry.terraform.io/hashicorp/vault tf_req_id=7343abd7-e5a0-4601-d757-d574a699926a tf_resource_type=vault_aws_auth_backend_role tf_mux_provider="*schema.GRPCProviderServer" tf_rpc=GetResourceIdentitySchemas timestamp="2026-07-07T23:34:22.254+0800"
2026-07-07T23:34:22.254+0800 [TRACE] provider.terraform-provider-vault_v5.10.1_x5: Found resource identity type: tf_provider_addr=registry.terraform.io/hashicorp/vault @caller=github.com/hashicorp/terraform-plugin-sdk/v2@v2.40.1/helper/schema/grpc_provider.go:94 @module=sdk.helper_schema tf_mux_provider="*schema.GRPCProviderServer" tf_req_id=7343abd7-e5a0-4601-d757-d574a699926a tf_resource_type=vault_gcp_secret_roleset tf_rpc=GetResourceIdentitySchemas timestamp="2026-07-07T23:34:22.254+0800"
2026-07-07T23:34:22.254+0800 [TRACE] provider.terraform-provider-vault_v5.10.1_x5: Found resource identity type: tf_provider_addr=registry.terraform.io/hashicorp/vault tf_req_id=7343abd7-e5a0-4601-d757-d574a699926a tf_rpc=GetResourceIdentitySchemas @caller=github.com/hashicorp/terraform-plugin-sdk/v2@v2.40.1/helper/schema/grpc_provider.go:94 @module=sdk.helper_schema tf_mux_provider="*schema.GRPCProviderServer" tf_resource_type=vault_kubernetes_auth_backend_config timestamp="2026-07-07T23:34:22.254+0800"
2026-07-07T23:34:22.254+0800 [TRACE] provider.terraform-provider-vault_v5.10.1_x5: Found resource identity type: @caller=github.com/hashicorp/terraform-plugin-sdk/v2@v2.40.1/helper/schema/grpc_provider.go:94 tf_mux_provider="*schema.GRPCProviderServer" tf_provider_addr=registry.terraform.io/hashicorp/vault tf_req_id=7343abd7-e5a0-4601-d757-d574a699926a tf_resource_type=vault_gcp_auth_backend @module=sdk.helper_schema tf_rpc=GetResourceIdentitySchemas timestamp="2026-07-07T23:34:22.254+0800"
2026-07-07T23:34:22.254+0800 [TRACE] provider.terraform-provider-vault_v5.10.1_x5: Found resource identity type: @caller=github.com/hashicorp/terraform-plugin-sdk/v2@v2.40.1/helper/schema/grpc_provider.go:94 @module=sdk.helper_schema tf_mux_provider="*schema.GRPCProviderServer" tf_req_id=7343abd7-e5a0-4601-d757-d574a699926a tf_resource_type=vault_kmip_secret_backend tf_provider_addr=registry.terraform.io/hashicorp/vault tf_rpc=GetResourceIdentitySchemas timestamp="2026-07-07T23:34:22.254+0800"
2026-07-07T23:34:22.254+0800 [TRACE] provider.terraform-provider-vault_v5.10.1_x5: Found resource identity type: tf_resource_type=vault_namespace tf_provider_addr=registry.terraform.io/hashicorp/vault tf_rpc=GetResourceIdentitySchemas @caller=github.com/hashicorp/terraform-plugin-sdk/v2@v2.40.1/helper/schema/grpc_provider.go:94 @module=sdk.helper_schema tf_mux_provider="*schema.GRPCProviderServer" tf_req_id=7343abd7-e5a0-4601-d757-d574a699926a timestamp="2026-07-07T23:34:22.254+0800"
2026-07-07T23:34:22.254+0800 [TRACE] provider.terraform-provider-vault_v5.10.1_x5: Found resource identity type: @caller=github.com/hashicorp/terraform-plugin-sdk/v2@v2.40.1/helper/schema/grpc_provider.go:94 @module=sdk.helper_schema tf_resource_type=vault_github_auth_backend tf_rpc=GetResourceIdentitySchemas tf_mux_provider="*schema.GRPCProviderServer" tf_provider_addr=registry.terraform.io/hashicorp/vault tf_req_id=7343abd7-e5a0-4601-d757-d574a699926a timestamp="2026-07-07T23:34:22.254+0800"
2026-07-07T23:34:22.254+0800 [TRACE] provider.terraform-provider-vault_v5.10.1_x5: Found resource identity type: tf_mux_provider="*schema.GRPCProviderServer" tf_provider_addr=registry.terraform.io/hashicorp/vault tf_req_id=7343abd7-e5a0-4601-d757-d574a699926a tf_resource_type=vault_token_auth_backend_role tf_rpc=GetResourceIdentitySchemas @caller=github.com/hashicorp/terraform-plugin-sdk/v2@v2.40.1/helper/schema/grpc_provider.go:94 @module=sdk.helper_schema timestamp="2026-07-07T23:34:22.254+0800"
2026-07-07T23:34:22.254+0800 [TRACE] provider.terraform-provider-vault_v5.10.1_x5: Found resource identity type: tf_req_id=7343abd7-e5a0-4601-d757-d574a699926a tf_resource_type=vault_database_secret_backend_static_role @caller=github.com/hashicorp/terraform-plugin-sdk/v2@v2.40.1/helper/schema/grpc_provider.go:94 @module=sdk.helper_schema tf_mux_provider="*schema.GRPCProviderServer" tf_rpc=GetResourceIdentitySchemas tf_provider_addr=registry.terraform.io/hashicorp/vault timestamp="2026-07-07T23:34:22.254+0800"
2026-07-07T23:34:22.254+0800 [TRACE] provider.terraform-provider-vault_v5.10.1_x5: Found resource identity type: tf_rpc=GetResourceIdentitySchemas @module=sdk.helper_schema tf_provider_addr=registry.terraform.io/hashicorp/vault tf_req_id=7343abd7-e5a0-4601-d757-d574a699926a @caller=github.com/hashicorp/terraform-plugin-sdk/v2@v2.40.1/helper/schema/grpc_provider.go:94 tf_mux_provider="*schema.GRPCProviderServer" tf_resource_type=vault_identity_entity_policies timestamp="2026-07-07T23:34:22.254+0800"
2026-07-07T23:34:22.254+0800 [TRACE] provider.terraform-provider-vault_v5.10.1_x5: Found resource identity type: @module=sdk.helper_schema tf_resource_type=vault_pki_secret_backend_key tf_rpc=GetResourceIdentitySchemas @caller=github.com/hashicorp/terraform-plugin-sdk/v2@v2.40.1/helper/schema/grpc_provider.go:94 tf_mux_provider="*schema.GRPCProviderServer" tf_provider_addr=registry.terraform.io/hashicorp/vault tf_req_id=7343abd7-e5a0-4601-d757-d574a699926a timestamp="2026-07-07T23:34:22.254+0800"
2026-07-07T23:34:22.254+0800 [TRACE] provider.terraform-provider-vault_v5.10.1_x5: Found resource identity type: @caller=github.com/hashicorp/terraform-plugin-sdk/v2@v2.40.1/helper/schema/grpc_provider.go:94 @module=sdk.helper_schema tf_mux_provider="*schema.GRPCProviderServer" tf_provider_addr=registry.terraform.io/hashicorp/vault tf_resource_type=vault_mfa_pingid tf_req_id=7343abd7-e5a0-4601-d757-d574a699926a tf_rpc=GetResourceIdentitySchemas timestamp="2026-07-07T23:34:22.254+0800"
2026-07-07T23:34:22.254+0800 [TRACE] provider.terraform-provider-vault_v5.10.1_x5: Found resource identity type: @caller=github.com/hashicorp/terraform-plugin-sdk/v2@v2.40.1/helper/schema/grpc_provider.go:94 @module=sdk.helper_schema tf_mux_provider="*schema.GRPCProviderServer" tf_provider_addr=registry.terraform.io/hashicorp/vault tf_req_id=7343abd7-e5a0-4601-d757-d574a699926a tf_resource_type=vault_consul_secret_backend tf_rpc=GetResourceIdentitySchemas timestamp="2026-07-07T23:34:22.254+0800"
2026-07-07T23:34:22.254+0800 [TRACE] provider.terraform-provider-vault_v5.10.1_x5: Found resource identity type: tf_provider_addr=registry.terraform.io/hashicorp/vault tf_resource_type=vault_generic_secret @caller=github.com/hashicorp/terraform-plugin-sdk/v2@v2.40.1/helper/schema/grpc_provider.go:94 tf_mux_provider="*schema.GRPCProviderServer" tf_req_id=7343abd7-e5a0-4601-d757-d574a699926a tf_rpc=GetResourceIdentitySchemas @module=sdk.helper_schema timestamp="2026-07-07T23:34:22.254+0800"
2026-07-07T23:34:22.254+0800 [TRACE] provider.terraform-provider-vault_v5.10.1_x5: Found resource identity type: @module=sdk.helper_schema tf_mux_provider="*schema.GRPCProviderServer" tf_provider_addr=registry.terraform.io/hashicorp/vault tf_req_id=7343abd7-e5a0-4601-d757-d574a699926a tf_resource_type=vault_nomad_secret_backend tf_rpc=GetResourceIdentitySchemas @caller=github.com/hashicorp/terraform-plugin-sdk/v2@v2.40.1/helper/schema/grpc_provider.go:94 timestamp="2026-07-07T23:34:22.254+0800"
2026-07-07T23:34:22.254+0800 [TRACE] provider.terraform-provider-vault_v5.10.1_x5: Found resource identity type: @module=sdk.helper_schema tf_provider_addr=registry.terraform.io/hashicorp/vault tf_rpc=GetResourceIdentitySchemas tf_mux_provider="*schema.GRPCProviderServer" tf_req_id=7343abd7-e5a0-4601-d757-d574a699926a tf_resource_type=vault_ldap_auth_backend_user @caller=github.com/hashicorp/terraform-plugin-sdk/v2@v2.40.1/helper/schema/grpc_provider.go:94 timestamp="2026-07-07T23:34:22.254+0800"
2026-07-07T23:34:22.254+0800 [TRACE] provider.terraform-provider-vault_v5.10.1_x5: Found resource identity type: @caller=github.com/hashicorp/terraform-plugin-sdk/v2@v2.40.1/helper/schema/grpc_provider.go:94 @module=sdk.helper_schema tf_provider_addr=registry.terraform.io/hashicorp/vault tf_req_id=7343abd7-e5a0-4601-d757-d574a699926a tf_resource_type=vault_secrets_sync_github_apps tf_mux_provider="*schema.GRPCProviderServer" tf_rpc=GetResourceIdentitySchemas timestamp="2026-07-07T23:34:22.254+0800"
2026-07-07T23:34:22.254+0800 [TRACE] provider.terraform-provider-vault_v5.10.1_x5: Found resource identity type: tf_mux_provider="*schema.GRPCProviderServer" tf_rpc=GetResourceIdentitySchemas @caller=github.com/hashicorp/terraform-plugin-sdk/v2@v2.40.1/helper/schema/grpc_provider.go:94 @module=sdk.helper_schema tf_provider_addr=registry.terraform.io/hashicorp/vault tf_req_id=7343abd7-e5a0-4601-d757-d574a699926a tf_resource_type=vault_pki_secret_backend_config_cluster timestamp="2026-07-07T23:34:22.254+0800"
2026-07-07T23:34:22.254+0800 [TRACE] provider.terraform-provider-vault_v5.10.1_x5: Found resource identity type: @module=sdk.helper_schema tf_rpc=GetResourceIdentitySchemas @caller=github.com/hashicorp/terraform-plugin-sdk/v2@v2.40.1/helper/schema/grpc_provider.go:94 tf_mux_provider="*schema.GRPCProviderServer" tf_provider_addr=registry.terraform.io/hashicorp/vault tf_req_id=7343abd7-e5a0-4601-d757-d574a699926a tf_resource_type=vault_identity_entity_alias timestamp="2026-07-07T23:34:22.254+0800"
2026-07-07T23:34:22.254+0800 [TRACE] provider.terraform-provider-vault_v5.10.1_x5: Found resource identity type: tf_rpc=GetResourceIdentitySchemas @caller=github.com/hashicorp/terraform-plugin-sdk/v2@v2.40.1/helper/schema/grpc_provider.go:94 @module=sdk.helper_schema tf_mux_provider="*schema.GRPCProviderServer" tf_req_id=7343abd7-e5a0-4601-d757-d574a699926a tf_provider_addr=registry.terraform.io/hashicorp/vault tf_resource_type=vault_consul_secret_backend_role timestamp="2026-07-07T23:34:22.254+0800"
2026-07-07T23:34:22.254+0800 [TRACE] provider.terraform-provider-vault_v5.10.1_x5: Found resource identity type: @caller=github.com/hashicorp/terraform-plugin-sdk/v2@v2.40.1/helper/schema/grpc_provider.go:94 @module=sdk.helper_schema tf_mux_provider="*schema.GRPCProviderServer" tf_provider_addr=registry.terraform.io/hashicorp/vault tf_req_id=7343abd7-e5a0-4601-d757-d574a699926a tf_resource_type=vault_mfa_totp tf_rpc=GetResourceIdentitySchemas timestamp="2026-07-07T23:34:22.254+0800"
2026-07-07T23:34:22.254+0800 [TRACE] provider.terraform-provider-vault_v5.10.1_x5: Found resource identity type: @caller=github.com/hashicorp/terraform-plugin-sdk/v2@v2.40.1/helper/schema/grpc_provider.go:94 tf_req_id=7343abd7-e5a0-4601-d757-d574a699926a tf_rpc=GetResourceIdentitySchemas @module=sdk.helper_schema tf_mux_provider="*schema.GRPCProviderServer" tf_provider_addr=registry.terraform.io/hashicorp/vault tf_resource_type=vault_identity_oidc_role timestamp="2026-07-07T23:34:22.254+0800"
2026-07-07T23:34:22.254+0800 [TRACE] provider.terraform-provider-vault_v5.10.1_x5: Found resource identity type: tf_rpc=GetResourceIdentitySchemas @caller=github.com/hashicorp/terraform-plugin-sdk/v2@v2.40.1/helper/schema/grpc_provider.go:94 @module=sdk.helper_schema tf_mux_provider="*schema.GRPCProviderServer" tf_req_id=7343abd7-e5a0-4601-d757-d574a699926a tf_resource_type=vault_pki_secret_backend_acme_eab tf_provider_addr=registry.terraform.io/hashicorp/vault timestamp="2026-07-07T23:34:22.254+0800"
2026-07-07T23:34:22.254+0800 [TRACE] provider.terraform-provider-vault_v5.10.1_x5: Found resource identity type: @module=sdk.helper_schema tf_provider_addr=registry.terraform.io/hashicorp/vault tf_req_id=7343abd7-e5a0-4601-d757-d574a699926a @caller=github.com/hashicorp/terraform-plugin-sdk/v2@v2.40.1/helper/schema/grpc_provider.go:94 tf_mux_provider="*schema.GRPCProviderServer" tf_resource_type=vault_gcp_secret_backend tf_rpc=GetResourceIdentitySchemas timestamp="2026-07-07T23:34:22.254+0800"
2026-07-07T23:34:22.254+0800 [TRACE] provider.terraform-provider-vault_v5.10.1_x5: Found resource identity type: @module=sdk.helper_schema tf_mux_provider="*schema.GRPCProviderServer" tf_provider_addr=registry.terraform.io/hashicorp/vault tf_resource_type=vault_terraform_cloud_secret_backend tf_rpc=GetResourceIdentitySchemas @caller=github.com/hashicorp/terraform-plugin-sdk/v2@v2.40.1/helper/schema/grpc_provider.go:94 tf_req_id=7343abd7-e5a0-4601-d757-d574a699926a timestamp="2026-07-07T23:34:22.254+0800"
2026-07-07T23:34:22.254+0800 [TRACE] provider.terraform-provider-vault_v5.10.1_x5: Found resource identity type: tf_mux_provider="*schema.GRPCProviderServer" tf_req_id=7343abd7-e5a0-4601-d757-d574a699926a @caller=github.com/hashicorp/terraform-plugin-sdk/v2@v2.40.1/helper/schema/grpc_provider.go:94 @module=sdk.helper_schema tf_provider_addr=registry.terraform.io/hashicorp/vault tf_resource_type=vault_mfa_duo tf_rpc=GetResourceIdentitySchemas timestamp="2026-07-07T23:34:22.254+0800"
2026-07-07T23:34:22.254+0800 [TRACE] provider.terraform-provider-vault_v5.10.1_x5: Found resource identity type: tf_req_id=7343abd7-e5a0-4601-d757-d574a699926a tf_rpc=GetResourceIdentitySchemas @caller=github.com/hashicorp/terraform-plugin-sdk/v2@v2.40.1/helper/schema/grpc_provider.go:94 @module=sdk.helper_schema tf_resource_type=vault_kv_secret_backend_v2 tf_mux_provider="*schema.GRPCProviderServer" tf_provider_addr=registry.terraform.io/hashicorp/vault timestamp="2026-07-07T23:34:22.254+0800"
2026-07-07T23:34:22.254+0800 [TRACE] provider.terraform-provider-vault_v5.10.1_x5: Found resource identity type: @caller=github.com/hashicorp/terraform-plugin-sdk/v2@v2.40.1/helper/schema/grpc_provider.go:94 tf_mux_provider="*schema.GRPCProviderServer" tf_provider_addr=registry.terraform.io/hashicorp/vault tf_req_id=7343abd7-e5a0-4601-d757-d574a699926a tf_resource_type=vault_pki_secret_backend_config_ca @module=sdk.helper_schema tf_rpc=GetResourceIdentitySchemas timestamp="2026-07-07T23:34:22.254+0800"
2026-07-07T23:34:22.254+0800 [TRACE] provider.terraform-provider-vault_v5.10.1_x5: Found resource identity type: tf_mux_provider="*schema.GRPCProviderServer" tf_req_id=7343abd7-e5a0-4601-d757-d574a699926a tf_rpc=GetResourceIdentitySchemas tf_provider_addr=registry.terraform.io/hashicorp/vault tf_resource_type=vault_secrets_sync_gh_destination @caller=github.com/hashicorp/terraform-plugin-sdk/v2@v2.40.1/helper/schema/grpc_provider.go:94 @module=sdk.helper_schema timestamp="2026-07-07T23:34:22.254+0800"
2026-07-07T23:34:22.254+0800 [TRACE] provider.terraform-provider-vault_v5.10.1_x5: Found resource identity type: @caller=github.com/hashicorp/terraform-plugin-sdk/v2@v2.40.1/helper/schema/grpc_provider.go:94 @module=sdk.helper_schema tf_provider_addr=registry.terraform.io/hashicorp/vault tf_resource_type=vault_pki_secret_backend_crl_config tf_rpc=GetResourceIdentitySchemas tf_mux_provider="*schema.GRPCProviderServer" tf_req_id=7343abd7-e5a0-4601-d757-d574a699926a timestamp="2026-07-07T23:34:22.254+0800"
2026-07-07T23:34:22.254+0800 [TRACE] provider.terraform-provider-vault_v5.10.1_x5: Found resource identity type: tf_req_id=7343abd7-e5a0-4601-d757-d574a699926a tf_resource_type=vault_pki_secret_backend_config_scep @caller=github.com/hashicorp/terraform-plugin-sdk/v2@v2.40.1/helper/schema/grpc_provider.go:94 @module=sdk.helper_schema tf_rpc=GetResourceIdentitySchemas tf_mux_provider="*schema.GRPCProviderServer" tf_provider_addr=registry.terraform.io/hashicorp/vault timestamp="2026-07-07T23:34:22.254+0800"
2026-07-07T23:34:22.254+0800 [TRACE] provider.terraform-provider-vault_v5.10.1_x5: Found resource identity type: tf_mux_provider="*schema.GRPCProviderServer" tf_resource_type=vault_azure_auth_backend_role @caller=github.com/hashicorp/terraform-plugin-sdk/v2@v2.40.1/helper/schema/grpc_provider.go:94 @module=sdk.helper_schema tf_provider_addr=registry.terraform.io/hashicorp/vault tf_req_id=7343abd7-e5a0-4601-d757-d574a699926a tf_rpc=GetResourceIdentitySchemas timestamp="2026-07-07T23:34:22.254+0800"
2026-07-07T23:34:22.255+0800 [TRACE] provider.terraform-provider-vault_v5.10.1_x5: Found resource identity type: tf_req_id=7343abd7-e5a0-4601-d757-d574a699926a @caller=github.com/hashicorp/terraform-plugin-sdk/v2@v2.40.1/helper/schema/grpc_provider.go:94 @module=sdk.helper_schema tf_mux_provider="*schema.GRPCProviderServer" tf_provider_addr=registry.terraform.io/hashicorp/vault tf_resource_type=vault_kubernetes_secret_backend_role tf_rpc=GetResourceIdentitySchemas timestamp="2026-07-07T23:34:22.254+0800"
2026-07-07T23:34:22.255+0800 [TRACE] provider.terraform-provider-vault_v5.10.1_x5: Found resource identity type: tf_provider_addr=registry.terraform.io/hashicorp/vault tf_req_id=7343abd7-e5a0-4601-d757-d574a699926a tf_rpc=GetResourceIdentitySchemas @caller=github.com/hashicorp/terraform-plugin-sdk/v2@v2.40.1/helper/schema/grpc_provider.go:94 tf_mux_provider="*schema.GRPCProviderServer" tf_resource_type=vault_config_ui_custom_message @module=sdk.helper_schema timestamp="2026-07-07T23:34:22.254+0800"
2026-07-07T23:34:22.255+0800 [TRACE] provider.terraform-provider-vault_v5.10.1_x5: Found resource identity type: @caller=github.com/hashicorp/terraform-plugin-sdk/v2@v2.40.1/helper/schema/grpc_provider.go:94 @module=sdk.helper_schema tf_mux_provider="*schema.GRPCProviderServer" tf_rpc=GetResourceIdentitySchemas tf_provider_addr=registry.terraform.io/hashicorp/vault tf_req_id=7343abd7-e5a0-4601-d757-d574a699926a tf_resource_type=vault_ad_secret_role timestamp="2026-07-07T23:34:22.254+0800"
2026-07-07T23:34:22.255+0800 [TRACE] provider.terraform-provider-vault_v5.10.1_x5: Found resource identity type: tf_provider_addr=registry.terraform.io/hashicorp/vault tf_req_id=7343abd7-e5a0-4601-d757-d574a699926a @module=sdk.helper_schema tf_mux_provider="*schema.GRPCProviderServer" tf_resource_type=vault_secrets_sync_association tf_rpc=GetResourceIdentitySchemas @caller=github.com/hashicorp/terraform-plugin-sdk/v2@v2.40.1/helper/schema/grpc_provider.go:94 timestamp="2026-07-07T23:34:22.254+0800"
2026-07-07T23:34:22.255+0800 [TRACE] provider.terraform-provider-vault_v5.10.1_x5: Found resource identity type: tf_provider_addr=registry.terraform.io/hashicorp/vault tf_req_id=7343abd7-e5a0-4601-d757-d574a699926a @caller=github.com/hashicorp/terraform-plugin-sdk/v2@v2.40.1/helper/schema/grpc_provider.go:94 @module=sdk.helper_schema tf_resource_type=vault_aws_auth_backend_role_tag tf_rpc=GetResourceIdentitySchemas tf_mux_provider="*schema.GRPCProviderServer" timestamp="2026-07-07T23:34:22.254+0800"
2026-07-07T23:34:22.255+0800 [TRACE] provider.terraform-provider-vault_v5.10.1_x5: Found resource identity type: @module=sdk.helper_schema tf_provider_addr=registry.terraform.io/hashicorp/vault tf_resource_type=vault_kmip_secret_scope @caller=github.com/hashicorp/terraform-plugin-sdk/v2@v2.40.1/helper/schema/grpc_provider.go:94 tf_mux_provider="*schema.GRPCProviderServer" tf_req_id=7343abd7-e5a0-4601-d757-d574a699926a tf_rpc=GetResourceIdentitySchemas timestamp="2026-07-07T23:34:22.254+0800"
2026-07-07T23:34:22.255+0800 [TRACE] provider.terraform-provider-vault_v5.10.1_x5: Found resource identity type: tf_resource_type=vault_okta_auth_backend_group @caller=github.com/hashicorp/terraform-plugin-sdk/v2@v2.40.1/helper/schema/grpc_provider.go:94 @module=sdk.helper_schema tf_provider_addr=registry.terraform.io/hashicorp/vault tf_rpc=GetResourceIdentitySchemas tf_mux_provider="*schema.GRPCProviderServer" tf_req_id=7343abd7-e5a0-4601-d757-d574a699926a timestamp="2026-07-07T23:34:22.254+0800"
2026-07-07T23:34:22.255+0800 [TRACE] provider.terraform-provider-vault_v5.10.1_x5: Found resource identity type: @caller=github.com/hashicorp/terraform-plugin-sdk/v2@v2.40.1/helper/schema/grpc_provider.go:94 tf_mux_provider="*schema.GRPCProviderServer" tf_provider_addr=registry.terraform.io/hashicorp/vault tf_req_id=7343abd7-e5a0-4601-d757-d574a699926a tf_resource_type=vault_mongodbatlas_secret_role @module=sdk.helper_schema tf_rpc=GetResourceIdentitySchemas timestamp="2026-07-07T23:34:22.254+0800"
2026-07-07T23:34:22.255+0800 [TRACE] provider.terraform-provider-vault_v5.10.1_x5: Found resource identity type: tf_provider_addr=registry.terraform.io/hashicorp/vault tf_rpc=GetResourceIdentitySchemas @module=sdk.helper_schema tf_req_id=7343abd7-e5a0-4601-d757-d574a699926a tf_resource_type=vault_pki_secret_backend_config_cmpv2 @caller=github.com/hashicorp/terraform-plugin-sdk/v2@v2.40.1/helper/schema/grpc_provider.go:94 tf_mux_provider="*schema.GRPCProviderServer" timestamp="2026-07-07T23:34:22.254+0800"
2026-07-07T23:34:22.255+0800 [TRACE] provider.terraform-provider-vault_v5.10.1_x5: Found resource identity type: @module=sdk.helper_schema tf_req_id=7343abd7-e5a0-4601-d757-d574a699926a tf_rpc=GetResourceIdentitySchemas @caller=github.com/hashicorp/terraform-plugin-sdk/v2@v2.40.1/helper/schema/grpc_provider.go:94 tf_mux_provider="*schema.GRPCProviderServer" tf_provider_addr=registry.terraform.io/hashicorp/vault tf_resource_type=vault_jwt_auth_backend_role timestamp="2026-07-07T23:34:22.254+0800"
2026-07-07T23:34:22.255+0800 [TRACE] provider.terraform-provider-vault_v5.10.1_x5: Found resource identity type: @module=sdk.helper_schema tf_provider_addr=registry.terraform.io/hashicorp/vault tf_req_id=7343abd7-e5a0-4601-d757-d574a699926a tf_resource_type=vault_github_team tf_rpc=GetResourceIdentitySchemas @caller=github.com/hashicorp/terraform-plugin-sdk/v2@v2.40.1/helper/schema/grpc_provider.go:94 tf_mux_provider="*schema.GRPCProviderServer" timestamp="2026-07-07T23:34:22.254+0800"
2026-07-07T23:34:22.255+0800 [TRACE] provider.terraform-provider-vault_v5.10.1_x5: Found resource identity type: @caller=github.com/hashicorp/terraform-plugin-sdk/v2@v2.40.1/helper/schema/grpc_provider.go:94 @module=sdk.helper_schema tf_provider_addr=registry.terraform.io/hashicorp/vault tf_req_id=7343abd7-e5a0-4601-d757-d574a699926a tf_mux_provider="*schema.GRPCProviderServer" tf_resource_type=vault_ldap_auth_backend tf_rpc=GetResourceIdentitySchemas timestamp="2026-07-07T23:34:22.254+0800"
2026-07-07T23:34:22.255+0800 [TRACE] provider.terraform-provider-vault_v5.10.1_x5: Found resource identity type: @module=sdk.helper_schema tf_provider_addr=registry.terraform.io/hashicorp/vault tf_resource_type=vault_audit @caller=github.com/hashicorp/terraform-plugin-sdk/v2@v2.40.1/helper/schema/grpc_provider.go:94 tf_mux_provider="*schema.GRPCProviderServer" tf_req_id=7343abd7-e5a0-4601-d757-d574a699926a tf_rpc=GetResourceIdentitySchemas timestamp="2026-07-07T23:34:22.254+0800"
2026-07-07T23:34:22.255+0800 [TRACE] provider.terraform-provider-vault_v5.10.1_x5: Found resource identity type: @module=sdk.helper_schema tf_provider_addr=registry.terraform.io/hashicorp/vault tf_req_id=7343abd7-e5a0-4601-d757-d574a699926a tf_resource_type=vault_database_secret_backend_connection tf_mux_provider="*schema.GRPCProviderServer" tf_rpc=GetResourceIdentitySchemas @caller=github.com/hashicorp/terraform-plugin-sdk/v2@v2.40.1/helper/schema/grpc_provider.go:94 timestamp="2026-07-07T23:34:22.254+0800"
2026-07-07T23:34:22.255+0800 [TRACE] provider.terraform-provider-vault_v5.10.1_x5: Found resource identity type: tf_req_id=7343abd7-e5a0-4601-d757-d574a699926a tf_mux_provider="*schema.GRPCProviderServer" tf_resource_type=vault_azure_secret_backend tf_rpc=GetResourceIdentitySchemas @caller=github.com/hashicorp/terraform-plugin-sdk/v2@v2.40.1/helper/schema/grpc_provider.go:94 @module=sdk.helper_schema tf_provider_addr=registry.terraform.io/hashicorp/vault timestamp="2026-07-07T23:34:22.254+0800"
2026-07-07T23:34:22.255+0800 [TRACE] provider.terraform-provider-vault_v5.10.1_x5: Found resource identity type: tf_req_id=7343abd7-e5a0-4601-d757-d574a699926a tf_resource_type=vault_aws_auth_backend_login tf_rpc=GetResourceIdentitySchemas @module=sdk.helper_schema tf_mux_provider="*schema.GRPCProviderServer" @caller=github.com/hashicorp/terraform-plugin-sdk/v2@v2.40.1/helper/schema/grpc_provider.go:94 tf_provider_addr=registry.terraform.io/hashicorp/vault timestamp="2026-07-07T23:34:22.254+0800"
2026-07-07T23:34:22.255+0800 [TRACE] provider.terraform-provider-vault_v5.10.1_x5: Found resource identity type: tf_resource_type=vault_aws_auth_backend_config_identity tf_rpc=GetResourceIdentitySchemas @caller=github.com/hashicorp/terraform-plugin-sdk/v2@v2.40.1/helper/schema/grpc_provider.go:94 @module=sdk.helper_schema tf_mux_provider="*schema.GRPCProviderServer" tf_provider_addr=registry.terraform.io/hashicorp/vault tf_req_id=7343abd7-e5a0-4601-d757-d574a699926a timestamp="2026-07-07T23:34:22.254+0800"
2026-07-07T23:34:22.255+0800 [TRACE] provider.terraform-provider-vault_v5.10.1_x5: Found resource identity type: tf_resource_type=vault_identity_group_alias @caller=github.com/hashicorp/terraform-plugin-sdk/v2@v2.40.1/helper/schema/grpc_provider.go:94 tf_provider_addr=registry.terraform.io/hashicorp/vault tf_req_id=7343abd7-e5a0-4601-d757-d574a699926a tf_rpc=GetResourceIdentitySchemas @module=sdk.helper_schema tf_mux_provider="*schema.GRPCProviderServer" timestamp="2026-07-07T23:34:22.254+0800"
2026-07-07T23:34:22.255+0800 [TRACE] provider.terraform-provider-vault_v5.10.1_x5: Found resource identity type: @module=sdk.helper_schema tf_mux_provider="*schema.GRPCProviderServer" tf_provider_addr=registry.terraform.io/hashicorp/vault tf_req_id=7343abd7-e5a0-4601-d757-d574a699926a @caller=github.com/hashicorp/terraform-plugin-sdk/v2@v2.40.1/helper/schema/grpc_provider.go:94 tf_resource_type=vault_jwt_auth_backend tf_rpc=GetResourceIdentitySchemas timestamp="2026-07-07T23:34:22.254+0800"
2026-07-07T23:34:22.255+0800 [TRACE] provider.terraform-provider-vault_v5.10.1_x5: Found resource identity type: tf_provider_addr=registry.terraform.io/hashicorp/vault tf_req_id=7343abd7-e5a0-4601-d757-d574a699926a tf_resource_type=vault_plugin_pinned_version @caller=github.com/hashicorp/terraform-plugin-sdk/v2@v2.40.1/helper/schema/grpc_provider.go:94 @module=sdk.helper_schema tf_mux_provider="*schema.GRPCProviderServer" tf_rpc=GetResourceIdentitySchemas timestamp="2026-07-07T23:34:22.254+0800"
2026-07-07T23:34:22.255+0800 [TRACE] provider.terraform-provider-vault_v5.10.1_x5: Found resource identity type: tf_resource_type=vault_cert_auth_backend_role @module=sdk.helper_schema tf_mux_provider="*schema.GRPCProviderServer" tf_provider_addr=registry.terraform.io/hashicorp/vault tf_req_id=7343abd7-e5a0-4601-d757-d574a699926a tf_rpc=GetResourceIdentitySchemas @caller=github.com/hashicorp/terraform-plugin-sdk/v2@v2.40.1/helper/schema/grpc_provider.go:94 timestamp="2026-07-07T23:34:22.254+0800"
2026-07-07T23:34:22.255+0800 [TRACE] provider.terraform-provider-vault_v5.10.1_x5: Found resource identity type: @caller=github.com/hashicorp/terraform-plugin-sdk/v2@v2.40.1/helper/schema/grpc_provider.go:94 tf_mux_provider="*schema.GRPCProviderServer" tf_req_id=7343abd7-e5a0-4601-d757-d574a699926a tf_resource_type=vault_aws_auth_backend_client tf_rpc=GetResourceIdentitySchemas @module=sdk.helper_schema tf_provider_addr=registry.terraform.io/hashicorp/vault timestamp="2026-07-07T23:34:22.254+0800"
2026-07-07T23:34:22.255+0800 [TRACE] provider.terraform-provider-vault_v5.10.1_x5: Found resource identity type: @caller=github.com/hashicorp/terraform-plugin-sdk/v2@v2.40.1/helper/schema/grpc_provider.go:94 @module=sdk.helper_schema tf_provider_addr=registry.terraform.io/hashicorp/vault tf_req_id=7343abd7-e5a0-4601-d757-d574a699926a tf_mux_provider="*schema.GRPCProviderServer" tf_resource_type=vault_scep_auth_backend_role tf_rpc=GetResourceIdentitySchemas timestamp="2026-07-07T23:34:22.254+0800"
2026-07-07T23:34:22.255+0800 [TRACE] provider.terraform-provider-vault_v5.10.1_x5: Found resource identity type: tf_resource_type=vault_approle_auth_backend_role_secret_id tf_mux_provider="*schema.GRPCProviderServer" tf_req_id=7343abd7-e5a0-4601-d757-d574a699926a tf_rpc=GetResourceIdentitySchemas @caller=github.com/hashicorp/terraform-plugin-sdk/v2@v2.40.1/helper/schema/grpc_provider.go:94 @module=sdk.helper_schema tf_provider_addr=registry.terraform.io/hashicorp/vault timestamp="2026-07-07T23:34:22.254+0800"
2026-07-07T23:34:22.255+0800 [TRACE] provider.terraform-provider-vault_v5.10.1_x5: Found resource identity type: tf_rpc=GetResourceIdentitySchemas @caller=github.com/hashicorp/terraform-plugin-sdk/v2@v2.40.1/helper/schema/grpc_provider.go:94 tf_mux_provider="*schema.GRPCProviderServer" tf_resource_type=vault_saml_auth_backend_role @module=sdk.helper_schema tf_provider_addr=registry.terraform.io/hashicorp/vault tf_req_id=7343abd7-e5a0-4601-d757-d574a699926a timestamp="2026-07-07T23:34:22.254+0800"
2026-07-07T23:34:22.255+0800 [TRACE] provider.terraform-provider-vault_v5.10.1_x5: Found resource identity type: tf_req_id=7343abd7-e5a0-4601-d757-d574a699926a tf_resource_type=vault_pki_secret_backend_intermediate_cert_request @caller=github.com/hashicorp/terraform-plugin-sdk/v2@v2.40.1/helper/schema/grpc_provider.go:94 @module=sdk.helper_schema tf_provider_addr=registry.terraform.io/hashicorp/vault tf_rpc=GetResourceIdentitySchemas tf_mux_provider="*schema.GRPCProviderServer" timestamp="2026-07-07T23:34:22.254+0800"
2026-07-07T23:34:22.255+0800 [TRACE] provider.terraform-provider-vault_v5.10.1_x5: Found resource identity type: tf_mux_provider="*schema.GRPCProviderServer" tf_provider_addr=registry.terraform.io/hashicorp/vault tf_req_id=7343abd7-e5a0-4601-d757-d574a699926a tf_rpc=GetResourceIdentitySchemas @module=sdk.helper_schema tf_resource_type=vault_transform_transformation @caller=github.com/hashicorp/terraform-plugin-sdk/v2@v2.40.1/helper/schema/grpc_provider.go:94 timestamp="2026-07-07T23:34:22.254+0800"
2026-07-07T23:34:22.255+0800 [TRACE] provider.terraform-provider-vault_v5.10.1_x5: Found resource identity type: tf_provider_addr=registry.terraform.io/hashicorp/vault tf_rpc=GetResourceIdentitySchemas @caller=github.com/hashicorp/terraform-plugin-sdk/v2@v2.40.1/helper/schema/grpc_provider.go:94 tf_req_id=7343abd7-e5a0-4601-d757-d574a699926a tf_resource_type=vault_database_secrets_mount @module=sdk.helper_schema tf_mux_provider="*schema.GRPCProviderServer" timestamp="2026-07-07T23:34:22.254+0800"
2026-07-07T23:34:22.255+0800 [TRACE] provider.terraform-provider-vault_v5.10.1_x5: Found resource identity type: @caller=github.com/hashicorp/terraform-plugin-sdk/v2@v2.40.1/helper/schema/grpc_provider.go:94 @module=sdk.helper_schema tf_mux_provider="*schema.GRPCProviderServer" tf_resource_type=vault_ssh_secret_backend_ca tf_rpc=GetResourceIdentitySchemas tf_provider_addr=registry.terraform.io/hashicorp/vault tf_req_id=7343abd7-e5a0-4601-d757-d574a699926a timestamp="2026-07-07T23:34:22.254+0800"
2026-07-07T23:34:22.255+0800 [TRACE] provider.terraform-provider-vault_v5.10.1_x5: Found resource identity type: @module=sdk.helper_schema tf_mux_provider="*schema.GRPCProviderServer" tf_req_id=7343abd7-e5a0-4601-d757-d574a699926a tf_resource_type=vault_transit_secret_backend_key tf_rpc=GetResourceIdentitySchemas @caller=github.com/hashicorp/terraform-plugin-sdk/v2@v2.40.1/helper/schema/grpc_provider.go:94 tf_provider_addr=registry.terraform.io/hashicorp/vault timestamp="2026-07-07T23:34:22.254+0800"
2026-07-07T23:34:22.255+0800 [TRACE] provider.terraform-provider-vault_v5.10.1_x5: Found resource identity type: @module=sdk.helper_schema tf_mux_provider="*schema.GRPCProviderServer" tf_provider_addr=registry.terraform.io/hashicorp/vault tf_req_id=7343abd7-e5a0-4601-d757-d574a699926a @caller=github.com/hashicorp/terraform-plugin-sdk/v2@v2.40.1/helper/schema/grpc_provider.go:94 tf_resource_type=vault_rabbitmq_secret_backend tf_rpc=GetResourceIdentitySchemas timestamp="2026-07-07T23:34:22.254+0800"
2026-07-07T23:34:22.255+0800 [TRACE] provider.terraform-provider-vault_v5.10.1_x5: Found resource identity type: @caller=github.com/hashicorp/terraform-plugin-sdk/v2@v2.40.1/helper/schema/grpc_provider.go:94 @module=sdk.helper_schema tf_mux_provider="*schema.GRPCProviderServer" tf_req_id=7343abd7-e5a0-4601-d757-d574a699926a tf_resource_type=vault_kv_secret tf_rpc=GetResourceIdentitySchemas tf_provider_addr=registry.terraform.io/hashicorp/vault timestamp="2026-07-07T23:34:22.254+0800"
2026-07-07T23:34:22.255+0800 [TRACE] provider.terraform-provider-vault_v5.10.1_x5: Found resource identity type: tf_req_id=7343abd7-e5a0-4601-d757-d574a699926a tf_resource_type=vault_identity_group_member_entity_ids tf_rpc=GetResourceIdentitySchemas @caller=github.com/hashicorp/terraform-plugin-sdk/v2@v2.40.1/helper/schema/grpc_provider.go:94 @module=sdk.helper_schema tf_mux_provider="*schema.GRPCProviderServer" tf_provider_addr=registry.terraform.io/hashicorp/vault timestamp="2026-07-07T23:34:22.254+0800"
2026-07-07T23:34:22.255+0800 [TRACE] provider.terraform-provider-vault_v5.10.1_x5: Found resource identity type: @module=sdk.helper_schema tf_provider_addr=registry.terraform.io/hashicorp/vault tf_req_id=7343abd7-e5a0-4601-d757-d574a699926a @caller=github.com/hashicorp/terraform-plugin-sdk/v2@v2.40.1/helper/schema/grpc_provider.go:94 tf_mux_provider="*schema.GRPCProviderServer" tf_resource_type=vault_terraform_cloud_secret_role tf_rpc=GetResourceIdentitySchemas timestamp="2026-07-07T23:34:22.254+0800"
2026-07-07T23:34:22.255+0800 [TRACE] provider.terraform-provider-vault_v5.10.1_x5: Found resource identity type: tf_resource_type=vault_kv_secret_v2 @module=sdk.helper_schema tf_rpc=GetResourceIdentitySchemas @caller=github.com/hashicorp/terraform-plugin-sdk/v2@v2.40.1/helper/schema/grpc_provider.go:94 tf_mux_provider="*schema.GRPCProviderServer" tf_provider_addr=registry.terraform.io/hashicorp/vault tf_req_id=7343abd7-e5a0-4601-d757-d574a699926a timestamp="2026-07-07T23:34:22.254+0800"
2026-07-07T23:34:22.255+0800 [TRACE] provider.terraform-provider-vault_v5.10.1_x5: Found resource identity type: tf_mux_provider="*schema.GRPCProviderServer" tf_provider_addr=registry.terraform.io/hashicorp/vault tf_rpc=GetResourceIdentitySchemas @caller=github.com/hashicorp/terraform-plugin-sdk/v2@v2.40.1/helper/schema/grpc_provider.go:94 @module=sdk.helper_schema tf_req_id=7343abd7-e5a0-4601-d757-d574a699926a tf_resource_type=vault_aws_secret_backend_static_role timestamp="2026-07-07T23:34:22.254+0800"
2026-07-07T23:34:22.255+0800 [TRACE] provider.terraform-provider-vault_v5.10.1_x5: Found resource identity type: tf_provider_addr=registry.terraform.io/hashicorp/vault tf_req_id=7343abd7-e5a0-4601-d757-d574a699926a tf_resource_type=vault_transform_role tf_rpc=GetResourceIdentitySchemas @caller=github.com/hashicorp/terraform-plugin-sdk/v2@v2.40.1/helper/schema/grpc_provider.go:94 @module=sdk.helper_schema tf_mux_provider="*schema.GRPCProviderServer" timestamp="2026-07-07T23:34:22.254+0800"
2026-07-07T23:34:22.255+0800 [TRACE] provider.terraform-provider-vault_v5.10.1_x5: Found resource identity type: tf_provider_addr=registry.terraform.io/hashicorp/vault tf_req_id=7343abd7-e5a0-4601-d757-d574a699926a tf_resource_type=vault_kmip_secret_role tf_rpc=GetResourceIdentitySchemas @caller=github.com/hashicorp/terraform-plugin-sdk/v2@v2.40.1/helper/schema/grpc_provider.go:94 @module=sdk.helper_schema tf_mux_provider="*schema.GRPCProviderServer" timestamp="2026-07-07T23:34:22.254+0800"
2026-07-07T23:34:22.255+0800 [TRACE] provider.terraform-provider-vault_v5.10.1_x5: Found resource identity type: tf_mux_provider="*schema.GRPCProviderServer" tf_req_id=7343abd7-e5a0-4601-d757-d574a699926a tf_rpc=GetResourceIdentitySchemas @module=sdk.helper_schema tf_provider_addr=registry.terraform.io/hashicorp/vault tf_resource_type=vault_aws_auth_backend_cert @caller=github.com/hashicorp/terraform-plugin-sdk/v2@v2.40.1/helper/schema/grpc_provider.go:94 timestamp="2026-07-07T23:34:22.254+0800"
2026-07-07T23:34:22.255+0800 [TRACE] provider.terraform-provider-vault_v5.10.1_x5: Found resource identity type: @caller=github.com/hashicorp/terraform-plugin-sdk/v2@v2.40.1/helper/schema/grpc_provider.go:94 @module=sdk.helper_schema tf_mux_provider="*schema.GRPCProviderServer" tf_provider_addr=registry.terraform.io/hashicorp/vault tf_req_id=7343abd7-e5a0-4601-d757-d574a699926a tf_resource_type=vault_raft_autopilot tf_rpc=GetResourceIdentitySchemas timestamp="2026-07-07T23:34:22.254+0800"
2026-07-07T23:34:22.255+0800 [TRACE] provider.terraform-provider-vault_v5.10.1_x5: Found resource identity type: @caller=github.com/hashicorp/terraform-plugin-sdk/v2@v2.40.1/helper/schema/grpc_provider.go:94 @module=sdk.helper_schema tf_provider_addr=registry.terraform.io/hashicorp/vault tf_mux_provider="*schema.GRPCProviderServer" tf_req_id=7343abd7-e5a0-4601-d757-d574a699926a tf_resource_type=vault_pki_secret_backend_config_auto_tidy tf_rpc=GetResourceIdentitySchemas timestamp="2026-07-07T23:34:22.254+0800"
2026-07-07T23:34:22.255+0800 [TRACE] provider.terraform-provider-vault_v5.10.1_x5: Found resource identity type: @caller=github.com/hashicorp/terraform-plugin-sdk/v2@v2.40.1/helper/schema/grpc_provider.go:94 tf_mux_provider="*schema.GRPCProviderServer" tf_provider_addr=registry.terraform.io/hashicorp/vault tf_resource_type=vault_approle_auth_backend_login @module=sdk.helper_schema tf_req_id=7343abd7-e5a0-4601-d757-d574a699926a tf_rpc=GetResourceIdentitySchemas timestamp="2026-07-07T23:34:22.254+0800"
2026-07-07T23:34:22.255+0800 [TRACE] provider.terraform-provider-vault_v5.10.1_x5: Found resource identity type: @module=sdk.helper_schema tf_mux_provider="*schema.GRPCProviderServer" tf_provider_addr=registry.terraform.io/hashicorp/vault tf_req_id=7343abd7-e5a0-4601-d757-d574a699926a tf_rpc=GetResourceIdentitySchemas @caller=github.com/hashicorp/terraform-plugin-sdk/v2@v2.40.1/helper/schema/grpc_provider.go:94 tf_resource_type=vault_ad_secret_library timestamp="2026-07-07T23:34:22.254+0800"
2026-07-07T23:34:22.255+0800 [TRACE] provider.terraform-provider-vault_v5.10.1_x5: Found resource identity type: @module=sdk.helper_schema tf_provider_addr=registry.terraform.io/hashicorp/vault @caller=github.com/hashicorp/terraform-plugin-sdk/v2@v2.40.1/helper/schema/grpc_provider.go:94 tf_mux_provider="*schema.GRPCProviderServer" tf_req_id=7343abd7-e5a0-4601-d757-d574a699926a tf_resource_type=vault_pki_secret_backend_config_est tf_rpc=GetResourceIdentitySchemas timestamp="2026-07-07T23:34:22.254+0800"
2026-07-07T23:34:22.255+0800 [TRACE] provider.terraform-provider-vault_v5.10.1_x5: Found resource identity type: @module=sdk.helper_schema tf_mux_provider="*schema.GRPCProviderServer" tf_provider_addr=registry.terraform.io/hashicorp/vault tf_rpc=GetResourceIdentitySchemas @caller=github.com/hashicorp/terraform-plugin-sdk/v2@v2.40.1/helper/schema/grpc_provider.go:94 tf_req_id=7343abd7-e5a0-4601-d757-d574a699926a tf_resource_type=vault_identity_group_member_group_ids timestamp="2026-07-07T23:34:22.254+0800"
2026-07-07T23:34:22.255+0800 [TRACE] provider.terraform-provider-vault_v5.10.1_x5: Found resource identity type: @caller=github.com/hashicorp/terraform-plugin-sdk/v2@v2.40.1/helper/schema/grpc_provider.go:94 tf_mux_provider="*schema.GRPCProviderServer" tf_provider_addr=registry.terraform.io/hashicorp/vault tf_req_id=7343abd7-e5a0-4601-d757-d574a699926a @module=sdk.helper_schema tf_resource_type=vault_approle_auth_backend_role tf_rpc=GetResourceIdentitySchemas timestamp="2026-07-07T23:34:22.254+0800"
2026-07-07T23:34:22.255+0800 [TRACE] provider.terraform-provider-vault_v5.10.1_x5: Found resource identity type: tf_resource_type=vault_ldap_secret_backend_dynamic_role @caller=github.com/hashicorp/terraform-plugin-sdk/v2@v2.40.1/helper/schema/grpc_provider.go:94 tf_mux_provider="*schema.GRPCProviderServer" tf_rpc=GetResourceIdentitySchemas @module=sdk.helper_schema tf_provider_addr=registry.terraform.io/hashicorp/vault tf_req_id=7343abd7-e5a0-4601-d757-d574a699926a timestamp="2026-07-07T23:34:22.254+0800"
2026-07-07T23:34:22.255+0800 [TRACE] provider.terraform-provider-vault_v5.10.1_x5: Found resource identity type: @caller=github.com/hashicorp/terraform-plugin-sdk/v2@v2.40.1/helper/schema/grpc_provider.go:94 tf_mux_provider="*schema.GRPCProviderServer" tf_provider_addr=registry.terraform.io/hashicorp/vault tf_req_id=7343abd7-e5a0-4601-d757-d574a699926a tf_rpc=GetResourceIdentitySchemas @module=sdk.helper_schema tf_resource_type=vault_generic_endpoint timestamp="2026-07-07T23:34:22.255+0800"
2026-07-07T23:34:22.255+0800 [TRACE] provider.terraform-provider-vault_v5.10.1_x5: Found resource identity type: tf_mux_provider="*schema.GRPCProviderServer" tf_provider_addr=registry.terraform.io/hashicorp/vault tf_req_id=7343abd7-e5a0-4601-d757-d574a699926a tf_rpc=GetResourceIdentitySchemas @caller=github.com/hashicorp/terraform-plugin-sdk/v2@v2.40.1/helper/schema/grpc_provider.go:94 tf_resource_type=vault_nomad_secret_role @module=sdk.helper_schema timestamp="2026-07-07T23:34:22.255+0800"
2026-07-07T23:34:22.255+0800 [TRACE] provider.terraform-provider-vault_v5.10.1_x5: Found resource identity type: tf_mux_provider="*schema.GRPCProviderServer" tf_req_id=7343abd7-e5a0-4601-d757-d574a699926a @caller=github.com/hashicorp/terraform-plugin-sdk/v2@v2.40.1/helper/schema/grpc_provider.go:94 @module=sdk.helper_schema tf_provider_addr=registry.terraform.io/hashicorp/vault tf_resource_type=vault_identity_mfa_duo tf_rpc=GetResourceIdentitySchemas timestamp="2026-07-07T23:34:22.255+0800"
2026-07-07T23:34:22.255+0800 [TRACE] provider.terraform-provider-vault_v5.10.1_x5: Found resource identity type: tf_mux_provider="*schema.GRPCProviderServer" tf_req_id=7343abd7-e5a0-4601-d757-d574a699926a @caller=github.com/hashicorp/terraform-plugin-sdk/v2@v2.40.1/helper/schema/grpc_provider.go:94 @module=sdk.helper_schema tf_provider_addr=registry.terraform.io/hashicorp/vault tf_resource_type=vault_mongodbatlas_secret_backend tf_rpc=GetResourceIdentitySchemas timestamp="2026-07-07T23:34:22.255+0800"
2026-07-07T23:34:22.255+0800 [TRACE] provider.terraform-provider-vault_v5.10.1_x5: Found resource identity type: @caller=github.com/hashicorp/terraform-plugin-sdk/v2@v2.40.1/helper/schema/grpc_provider.go:94 tf_mux_provider="*schema.GRPCProviderServer" tf_provider_addr=registry.terraform.io/hashicorp/vault tf_rpc=GetResourceIdentitySchemas @module=sdk.helper_schema tf_req_id=7343abd7-e5a0-4601-d757-d574a699926a tf_resource_type=vault_pki_secret_backend_intermediate_set_signed timestamp="2026-07-07T23:34:22.255+0800"
2026-07-07T23:34:22.255+0800 [TRACE] provider.terraform-provider-vault_v5.10.1_x5: Found resource identity type: @caller=github.com/hashicorp/terraform-plugin-sdk/v2@v2.40.1/helper/schema/grpc_provider.go:94 @module=sdk.helper_schema tf_mux_provider="*schema.GRPCProviderServer" tf_provider_addr=registry.terraform.io/hashicorp/vault tf_req_id=7343abd7-e5a0-4601-d757-d574a699926a tf_rpc=GetResourceIdentitySchemas tf_resource_type=vault_secrets_sync_aws_destination timestamp="2026-07-07T23:34:22.255+0800"
2026-07-07T23:34:22.255+0800 [TRACE] provider.terraform-provider-vault_v5.10.1_x5: Found resource identity type: tf_mux_provider="*schema.GRPCProviderServer" tf_resource_type=vault_gcp_secret_static_account tf_rpc=GetResourceIdentitySchemas @caller=github.com/hashicorp/terraform-plugin-sdk/v2@v2.40.1/helper/schema/grpc_provider.go:94 tf_provider_addr=registry.terraform.io/hashicorp/vault tf_req_id=7343abd7-e5a0-4601-d757-d574a699926a @module=sdk.helper_schema timestamp="2026-07-07T23:34:22.255+0800"
2026-07-07T23:34:22.255+0800 [TRACE] provider.terraform-provider-vault_v5.10.1_x5: Found resource identity type: @caller=github.com/hashicorp/terraform-plugin-sdk/v2@v2.40.1/helper/schema/grpc_provider.go:94 @module=sdk.helper_schema tf_req_id=7343abd7-e5a0-4601-d757-d574a699926a tf_resource_type=vault_ad_secret_backend tf_rpc=GetResourceIdentitySchemas tf_mux_provider="*schema.GRPCProviderServer" tf_provider_addr=registry.terraform.io/hashicorp/vault timestamp="2026-07-07T23:34:22.255+0800"
2026-07-07T23:34:22.255+0800 [TRACE] provider.terraform-provider-vault_v5.10.1_x5: Found resource identity type: @caller=github.com/hashicorp/terraform-plugin-sdk/v2@v2.40.1/helper/schema/grpc_provider.go:94 tf_resource_type=vault_ldap_auth_backend_group tf_rpc=GetResourceIdentitySchemas @module=sdk.helper_schema tf_mux_provider="*schema.GRPCProviderServer" tf_provider_addr=registry.terraform.io/hashicorp/vault tf_req_id=7343abd7-e5a0-4601-d757-d574a699926a timestamp="2026-07-07T23:34:22.255+0800"
2026-07-07T23:34:22.255+0800 [TRACE] provider.terraform-provider-vault_v5.10.1_x5: Found resource identity type: tf_mux_provider="*schema.GRPCProviderServer" tf_provider_addr=registry.terraform.io/hashicorp/vault tf_req_id=7343abd7-e5a0-4601-d757-d574a699926a tf_rpc=GetResourceIdentitySchemas @caller=github.com/hashicorp/terraform-plugin-sdk/v2@v2.40.1/helper/schema/grpc_provider.go:94 @module=sdk.helper_schema tf_resource_type=vault_pki_secret_backend_issuer timestamp="2026-07-07T23:34:22.255+0800"
2026-07-07T23:34:22.255+0800 [TRACE] provider.terraform-provider-vault_v5.10.1_x5: Found resource identity type: @caller=github.com/hashicorp/terraform-plugin-sdk/v2@v2.40.1/helper/schema/grpc_provider.go:94 @module=sdk.helper_schema tf_mux_provider="*schema.GRPCProviderServer" tf_req_id=7343abd7-e5a0-4601-d757-d574a699926a tf_provider_addr=registry.terraform.io/hashicorp/vault tf_resource_type=vault_transit_secret_cache_config tf_rpc=GetResourceIdentitySchemas timestamp="2026-07-07T23:34:22.255+0800"
2026-07-07T23:34:22.255+0800 [TRACE] provider.terraform-provider-vault_v5.10.1_x5: Found resource identity type: tf_resource_type=vault_secrets_sync_gcp_destination @caller=github.com/hashicorp/terraform-plugin-sdk/v2@v2.40.1/helper/schema/grpc_provider.go:94 tf_mux_provider="*schema.GRPCProviderServer" tf_rpc=GetResourceIdentitySchemas @module=sdk.helper_schema tf_provider_addr=registry.terraform.io/hashicorp/vault tf_req_id=7343abd7-e5a0-4601-d757-d574a699926a timestamp="2026-07-07T23:34:22.255+0800"
2026-07-07T23:34:22.255+0800 [TRACE] provider.terraform-provider-vault_v5.10.1_x5: Found resource identity type: @module=sdk.helper_schema tf_mux_provider="*schema.GRPCProviderServer" tf_provider_addr=registry.terraform.io/hashicorp/vault tf_resource_type=vault_gcp_secret_impersonated_account tf_rpc=GetResourceIdentitySchemas @caller=github.com/hashicorp/terraform-plugin-sdk/v2@v2.40.1/helper/schema/grpc_provider.go:94 tf_req_id=7343abd7-e5a0-4601-d757-d574a699926a timestamp="2026-07-07T23:34:22.255+0800"
2026-07-07T23:34:22.255+0800 [TRACE] provider.terraform-provider-vault_v5.10.1_x5: Found resource identity type: @module=sdk.helper_schema tf_resource_type=vault_identity_mfa_login_enforcement tf_rpc=GetResourceIdentitySchemas @caller=github.com/hashicorp/terraform-plugin-sdk/v2@v2.40.1/helper/schema/grpc_provider.go:94 tf_mux_provider="*schema.GRPCProviderServer" tf_provider_addr=registry.terraform.io/hashicorp/vault tf_req_id=7343abd7-e5a0-4601-d757-d574a699926a timestamp="2026-07-07T23:34:22.255+0800"
2026-07-07T23:34:22.255+0800 [TRACE] provider.terraform-provider-vault_v5.10.1_x5: Found resource identity type: tf_resource_type=vault_aws_secret_backend tf_rpc=GetResourceIdentitySchemas @caller=github.com/hashicorp/terraform-plugin-sdk/v2@v2.40.1/helper/schema/grpc_provider.go:94 @module=sdk.helper_schema tf_mux_provider="*schema.GRPCProviderServer" tf_provider_addr=registry.terraform.io/hashicorp/vault tf_req_id=7343abd7-e5a0-4601-d757-d574a699926a timestamp="2026-07-07T23:34:22.255+0800"
2026-07-07T23:34:22.255+0800 [TRACE] provider.terraform-provider-vault_v5.10.1_x5: Found resource identity type: tf_mux_provider="*schema.GRPCProviderServer" tf_resource_type=vault_policy @caller=github.com/hashicorp/terraform-plugin-sdk/v2@v2.40.1/helper/schema/grpc_provider.go:94 @module=sdk.helper_schema tf_provider_addr=registry.terraform.io/hashicorp/vault tf_req_id=7343abd7-e5a0-4601-d757-d574a699926a tf_rpc=GetResourceIdentitySchemas timestamp="2026-07-07T23:34:22.255+0800"
2026-07-07T23:34:22.255+0800 [TRACE] provider.terraform-provider-vault_v5.10.1_x5: Found resource identity type: tf_provider_addr=registry.terraform.io/hashicorp/vault tf_resource_type=vault_plugin @module=sdk.helper_schema tf_mux_provider="*schema.GRPCProviderServer" tf_req_id=7343abd7-e5a0-4601-d757-d574a699926a tf_rpc=GetResourceIdentitySchemas @caller=github.com/hashicorp/terraform-plugin-sdk/v2@v2.40.1/helper/schema/grpc_provider.go:94 timestamp="2026-07-07T23:34:22.255+0800"
2026-07-07T23:34:22.255+0800 [TRACE] provider.terraform-provider-vault_v5.10.1_x5: Found resource identity type: tf_req_id=7343abd7-e5a0-4601-d757-d574a699926a tf_resource_type=vault_secrets_sync_config @module=sdk.helper_schema tf_rpc=GetResourceIdentitySchemas @caller=github.com/hashicorp/terraform-plugin-sdk/v2@v2.40.1/helper/schema/grpc_provider.go:94 tf_mux_provider="*schema.GRPCProviderServer" tf_provider_addr=registry.terraform.io/hashicorp/vault timestamp="2026-07-07T23:34:22.255+0800"
2026-07-07T23:34:22.255+0800 [TRACE] provider.terraform-provider-vault_v5.10.1_x5: Found resource identity type: tf_rpc=GetResourceIdentitySchemas @caller=github.com/hashicorp/terraform-plugin-sdk/v2@v2.40.1/helper/schema/grpc_provider.go:94 tf_mux_provider="*schema.GRPCProviderServer" tf_req_id=7343abd7-e5a0-4601-d757-d574a699926a tf_resource_type=vault_terraform_cloud_secret_creds @module=sdk.helper_schema tf_provider_addr=registry.terraform.io/hashicorp/vault timestamp="2026-07-07T23:34:22.255+0800"
2026-07-07T23:34:22.255+0800 [TRACE] provider.terraform-provider-vault_v5.10.1_x5: Found resource identity type: @module=sdk.helper_schema tf_mux_provider="*schema.GRPCProviderServer" tf_resource_type=vault_kubernetes_secret_backend tf_rpc=GetResourceIdentitySchemas @caller=github.com/hashicorp/terraform-plugin-sdk/v2@v2.40.1/helper/schema/grpc_provider.go:94 tf_provider_addr=registry.terraform.io/hashicorp/vault tf_req_id=7343abd7-e5a0-4601-d757-d574a699926a timestamp="2026-07-07T23:34:22.255+0800"
2026-07-07T23:34:22.255+0800 [TRACE] provider.terraform-provider-vault_v5.10.1_x5: Found resource identity type: tf_mux_provider="*schema.GRPCProviderServer" tf_req_id=7343abd7-e5a0-4601-d757-d574a699926a tf_rpc=GetResourceIdentitySchemas @caller=github.com/hashicorp/terraform-plugin-sdk/v2@v2.40.1/helper/schema/grpc_provider.go:94 @module=sdk.helper_schema tf_provider_addr=registry.terraform.io/hashicorp/vault tf_resource_type=vault_egp_policy timestamp="2026-07-07T23:34:22.255+0800"
2026-07-07T23:34:22.255+0800 [TRACE] provider.terraform-provider-vault_v5.10.1_x5: Found resource identity type: @caller=github.com/hashicorp/terraform-plugin-sdk/v2@v2.40.1/helper/schema/grpc_provider.go:94 tf_req_id=7343abd7-e5a0-4601-d757-d574a699926a tf_resource_type=vault_ldap_secret_backend_static_role tf_rpc=GetResourceIdentitySchemas @module=sdk.helper_schema tf_mux_provider="*schema.GRPCProviderServer" tf_provider_addr=registry.terraform.io/hashicorp/vault timestamp="2026-07-07T23:34:22.255+0800"
2026-07-07T23:34:22.255+0800 [TRACE] provider.terraform-provider-vault_v5.10.1_x5: Found resource identity type: tf_provider_addr=registry.terraform.io/hashicorp/vault tf_resource_type=vault_aws_auth_backend_roletag_blacklist @caller=github.com/hashicorp/terraform-plugin-sdk/v2@v2.40.1/helper/schema/grpc_provider.go:94 tf_req_id=7343abd7-e5a0-4601-d757-d574a699926a tf_rpc=GetResourceIdentitySchemas @module=sdk.helper_schema tf_mux_provider="*schema.GRPCProviderServer" timestamp="2026-07-07T23:34:22.255+0800"
2026-07-07T23:34:22.255+0800 [TRACE] provider.terraform-provider-vault_v5.10.1_x5: Found resource identity type: tf_rpc=GetResourceIdentitySchemas @caller=github.com/hashicorp/terraform-plugin-sdk/v2@v2.40.1/helper/schema/grpc_provider.go:94 tf_provider_addr=registry.terraform.io/hashicorp/vault tf_req_id=7343abd7-e5a0-4601-d757-d574a699926a @module=sdk.helper_schema tf_mux_provider="*schema.GRPCProviderServer" tf_resource_type=vault_identity_entity timestamp="2026-07-07T23:34:22.255+0800"
2026-07-07T23:34:22.255+0800 [TRACE] provider.terraform-provider-vault_v5.10.1_x5: Found resource identity type: tf_mux_provider="*schema.GRPCProviderServer" tf_req_id=7343abd7-e5a0-4601-d757-d574a699926a tf_resource_type=vault_identity_mfa_totp tf_rpc=GetResourceIdentitySchemas @caller=github.com/hashicorp/terraform-plugin-sdk/v2@v2.40.1/helper/schema/grpc_provider.go:94 tf_provider_addr=registry.terraform.io/hashicorp/vault @module=sdk.helper_schema timestamp="2026-07-07T23:34:22.255+0800"
2026-07-07T23:34:22.255+0800 [TRACE] provider.terraform-provider-vault_v5.10.1_x5: Found resource identity type: @caller=github.com/hashicorp/terraform-plugin-sdk/v2@v2.40.1/helper/schema/grpc_provider.go:94 tf_mux_provider="*schema.GRPCProviderServer" tf_resource_type=vault_quota_rate_limit @module=sdk.helper_schema tf_provider_addr=registry.terraform.io/hashicorp/vault tf_req_id=7343abd7-e5a0-4601-d757-d574a699926a tf_rpc=GetResourceIdentitySchemas timestamp="2026-07-07T23:34:22.255+0800"
2026-07-07T23:34:22.255+0800 [TRACE] provider.terraform-provider-vault_v5.10.1_x5: Found resource identity type: @caller=github.com/hashicorp/terraform-plugin-sdk/v2@v2.40.1/helper/schema/grpc_provider.go:94 @module=sdk.helper_schema tf_mux_provider="*schema.GRPCProviderServer" tf_resource_type=vault_okta_auth_backend_user tf_rpc=GetResourceIdentitySchemas tf_provider_addr=registry.terraform.io/hashicorp/vault tf_req_id=7343abd7-e5a0-4601-d757-d574a699926a timestamp="2026-07-07T23:34:22.255+0800"
2026-07-07T23:34:22.255+0800 [TRACE] provider.terraform-provider-vault_v5.10.1_x5: Found resource identity type: @caller=github.com/hashicorp/terraform-plugin-sdk/v2@v2.40.1/helper/schema/grpc_provider.go:94 tf_provider_addr=registry.terraform.io/hashicorp/vault tf_resource_type=vault_identity_oidc_provider tf_rpc=GetResourceIdentitySchemas @module=sdk.helper_schema tf_mux_provider="*schema.GRPCProviderServer" tf_req_id=7343abd7-e5a0-4601-d757-d574a699926a timestamp="2026-07-07T23:34:22.255+0800"
2026-07-07T23:34:22.255+0800 [TRACE] provider.terraform-provider-vault_v5.10.1_x5: Found resource identity type: tf_req_id=7343abd7-e5a0-4601-d757-d574a699926a tf_provider_addr=registry.terraform.io/hashicorp/vault tf_resource_type=vault_transform_alphabet tf_rpc=GetResourceIdentitySchemas @caller=github.com/hashicorp/terraform-plugin-sdk/v2@v2.40.1/helper/schema/grpc_provider.go:94 @module=sdk.helper_schema tf_mux_provider="*schema.GRPCProviderServer" timestamp="2026-07-07T23:34:22.255+0800"
2026-07-07T23:34:22.255+0800 [TRACE] provider.terraform-provider-vault_v5.10.1_x5: Found resource identity type: tf_rpc=GetResourceIdentitySchemas @caller=github.com/hashicorp/terraform-plugin-sdk/v2@v2.40.1/helper/schema/grpc_provider.go:94 @module=sdk.helper_schema tf_mux_provider="*schema.GRPCProviderServer" tf_resource_type=vault_pki_secret_backend_cert tf_provider_addr=registry.terraform.io/hashicorp/vault tf_req_id=7343abd7-e5a0-4601-d757-d574a699926a timestamp="2026-07-07T23:34:22.255+0800"
2026-07-07T23:34:22.255+0800 [TRACE] provider.terraform-provider-vault_v5.10.1_x5: Found resource identity type: tf_resource_type=vault_pki_secret_backend_config_urls tf_rpc=GetResourceIdentitySchemas @module=sdk.helper_schema @caller=github.com/hashicorp/terraform-plugin-sdk/v2@v2.40.1/helper/schema/grpc_provider.go:94 tf_mux_provider="*schema.GRPCProviderServer" tf_provider_addr=registry.terraform.io/hashicorp/vault tf_req_id=7343abd7-e5a0-4601-d757-d574a699926a timestamp="2026-07-07T23:34:22.255+0800"
2026-07-07T23:34:22.255+0800 [TRACE] provider.terraform-provider-vault_v5.10.1_x5: Found resource identity type: @caller=github.com/hashicorp/terraform-plugin-sdk/v2@v2.40.1/helper/schema/grpc_provider.go:94 tf_mux_provider="*schema.GRPCProviderServer" tf_resource_type=vault_identity_oidc_scope @module=sdk.helper_schema tf_provider_addr=registry.terraform.io/hashicorp/vault tf_req_id=7343abd7-e5a0-4601-d757-d574a699926a tf_rpc=GetResourceIdentitySchemas timestamp="2026-07-07T23:34:22.255+0800"
2026-07-07T23:34:22.255+0800 [TRACE] provider.terraform-provider-vault_v5.10.1_x5: Found resource identity type: tf_rpc=GetResourceIdentitySchemas @caller=github.com/hashicorp/terraform-plugin-sdk/v2@v2.40.1/helper/schema/grpc_provider.go:94 tf_mux_provider="*schema.GRPCProviderServer" tf_provider_addr=registry.terraform.io/hashicorp/vault tf_resource_type=vault_aws_secret_backend_role @module=sdk.helper_schema tf_req_id=7343abd7-e5a0-4601-d757-d574a699926a timestamp="2026-07-07T23:34:22.255+0800"
2026-07-07T23:34:22.255+0800 [TRACE] provider.terraform-provider-vault_v5.10.1_x5: Found resource identity type: @module=sdk.helper_schema tf_mux_provider="*schema.GRPCProviderServer" tf_provider_addr=registry.terraform.io/hashicorp/vault @caller=github.com/hashicorp/terraform-plugin-sdk/v2@v2.40.1/helper/schema/grpc_provider.go:94 tf_req_id=7343abd7-e5a0-4601-d757-d574a699926a tf_resource_type=vault_rabbitmq_secret_backend_role tf_rpc=GetResourceIdentitySchemas timestamp="2026-07-07T23:34:22.255+0800"
2026-07-07T23:34:22.255+0800 [TRACE] provider.terraform-provider-vault_v5.10.1_x5: Found resource identity type: @caller=github.com/hashicorp/terraform-plugin-sdk/v2@v2.40.1/helper/schema/grpc_provider.go:94 @module=sdk.helper_schema tf_mux_provider="*schema.GRPCProviderServer" tf_resource_type=vault_oci_auth_backend tf_provider_addr=registry.terraform.io/hashicorp/vault tf_req_id=7343abd7-e5a0-4601-d757-d574a699926a tf_rpc=GetResourceIdentitySchemas timestamp="2026-07-07T23:34:22.255+0800"
2026-07-07T23:34:22.255+0800 [TRACE] provider.terraform-provider-vault_v5.10.1_x5: Found resource identity type: tf_mux_provider="*schema.GRPCProviderServer" tf_req_id=7343abd7-e5a0-4601-d757-d574a699926a tf_resource_type=vault_pki_secret_backend_root_cert tf_provider_addr=registry.terraform.io/hashicorp/vault tf_rpc=GetResourceIdentitySchemas @caller=github.com/hashicorp/terraform-plugin-sdk/v2@v2.40.1/helper/schema/grpc_provider.go:94 @module=sdk.helper_schema timestamp="2026-07-07T23:34:22.255+0800"
2026-07-07T23:34:22.255+0800 [TRACE] provider.terraform-provider-vault_v5.10.1_x5: Found resource identity type: tf_provider_addr=registry.terraform.io/hashicorp/vault tf_req_id=7343abd7-e5a0-4601-d757-d574a699926a tf_resource_type=vault_secrets_sync_vercel_destination @caller=github.com/hashicorp/terraform-plugin-sdk/v2@v2.40.1/helper/schema/grpc_provider.go:94 @module=sdk.helper_schema tf_mux_provider="*schema.GRPCProviderServer" tf_rpc=GetResourceIdentitySchemas timestamp="2026-07-07T23:34:22.255+0800"
2026-07-07T23:34:22.255+0800 [TRACE] provider.terraform-provider-vault_v5.10.1_x5: Found resource identity type: tf_provider_addr=registry.terraform.io/hashicorp/vault tf_req_id=7343abd7-e5a0-4601-d757-d574a699926a tf_mux_provider="*schema.GRPCProviderServer" tf_resource_type=vault_identity_mfa_pingid tf_rpc=GetResourceIdentitySchemas @caller=github.com/hashicorp/terraform-plugin-sdk/v2@v2.40.1/helper/schema/grpc_provider.go:94 @module=sdk.helper_schema timestamp="2026-07-07T23:34:22.255+0800"
2026-07-07T23:34:22.256+0800 [TRACE] provider.terraform-provider-vault_v5.10.1_x5: Found resource identity type: @module=sdk.helper_schema tf_mux_provider="*schema.GRPCProviderServer" tf_provider_addr=registry.terraform.io/hashicorp/vault tf_req_id=7343abd7-e5a0-4601-d757-d574a699926a tf_resource_type=vault_ldap_secret_backend @caller=github.com/hashicorp/terraform-plugin-sdk/v2@v2.40.1/helper/schema/grpc_provider.go:94 tf_rpc=GetResourceIdentitySchemas timestamp="2026-07-07T23:34:22.255+0800"
2026-07-07T23:34:22.256+0800 [TRACE] provider.terraform-provider-vault_v5.10.1_x5: Found resource identity type: @caller=github.com/hashicorp/terraform-plugin-sdk/v2@v2.40.1/helper/schema/grpc_provider.go:94 @module=sdk.helper_schema tf_mux_provider="*schema.GRPCProviderServer" tf_req_id=7343abd7-e5a0-4601-d757-d574a699926a tf_resource_type=vault_identity_group_policies tf_provider_addr=registry.terraform.io/hashicorp/vault tf_rpc=GetResourceIdentitySchemas timestamp="2026-07-07T23:34:22.255+0800"
2026-07-07T23:34:22.256+0800 [TRACE] provider.terraform-provider-vault_v5.10.1_x5: Found resource identity type: @caller=github.com/hashicorp/terraform-plugin-sdk/v2@v2.40.1/helper/schema/grpc_provider.go:94 tf_mux_provider="*schema.GRPCProviderServer" tf_req_id=7343abd7-e5a0-4601-d757-d574a699926a @module=sdk.helper_schema tf_provider_addr=registry.terraform.io/hashicorp/vault tf_resource_type=vault_transform_template tf_rpc=GetResourceIdentitySchemas timestamp="2026-07-07T23:34:22.255+0800"
2026-07-07T23:34:22.256+0800 [TRACE] provider.terraform-provider-vault_v5.10.1_x5: Found resource identity type: @caller=github.com/hashicorp/terraform-plugin-sdk/v2@v2.40.1/helper/schema/grpc_provider.go:94 tf_mux_provider="*schema.GRPCProviderServer" tf_provider_addr=registry.terraform.io/hashicorp/vault tf_req_id=7343abd7-e5a0-4601-d757-d574a699926a tf_resource_type=vault_github_user tf_rpc=GetResourceIdentitySchemas @module=sdk.helper_schema timestamp="2026-07-07T23:34:22.255+0800"
2026-07-07T23:34:22.256+0800 [TRACE] provider.terraform-provider-vault_v5.10.1_x5: Found resource identity type: tf_provider_addr=registry.terraform.io/hashicorp/vault tf_req_id=7343abd7-e5a0-4601-d757-d574a699926a tf_resource_type=vault_pki_secret_backend_sign tf_rpc=GetResourceIdentitySchemas @caller=github.com/hashicorp/terraform-plugin-sdk/v2@v2.40.1/helper/schema/grpc_provider.go:94 @module=sdk.helper_schema tf_mux_provider="*schema.GRPCProviderServer" timestamp="2026-07-07T23:34:22.255+0800"
2026-07-07T23:34:22.256+0800 [TRACE] provider.terraform-provider-vault_v5.10.1_x5: Found resource identity type: @module=sdk.helper_schema tf_mux_provider="*schema.GRPCProviderServer" tf_resource_type=vault_token tf_provider_addr=registry.terraform.io/hashicorp/vault tf_req_id=7343abd7-e5a0-4601-d757-d574a699926a tf_rpc=GetResourceIdentitySchemas @caller=github.com/hashicorp/terraform-plugin-sdk/v2@v2.40.1/helper/schema/grpc_provider.go:94 timestamp="2026-07-07T23:34:22.255+0800"
2026-07-07T23:34:22.256+0800 [TRACE] provider.terraform-provider-vault_v5.10.1_x5: Found resource identity type: @caller=github.com/hashicorp/terraform-plugin-sdk/v2@v2.40.1/helper/schema/grpc_provider.go:94 @module=sdk.helper_schema tf_resource_type=vault_mount tf_mux_provider="*schema.GRPCProviderServer" tf_provider_addr=registry.terraform.io/hashicorp/vault tf_req_id=7343abd7-e5a0-4601-d757-d574a699926a tf_rpc=GetResourceIdentitySchemas timestamp="2026-07-07T23:34:22.255+0800"
2026-07-07T23:34:22.256+0800 [TRACE] provider.terraform-provider-vault_v5.10.1_x5: Found resource identity type: @caller=github.com/hashicorp/terraform-plugin-sdk/v2@v2.40.1/helper/schema/grpc_provider.go:94 tf_mux_provider="*schema.GRPCProviderServer" tf_req_id=7343abd7-e5a0-4601-d757-d574a699926a tf_rpc=GetResourceIdentitySchemas @module=sdk.helper_schema tf_provider_addr=registry.terraform.io/hashicorp/vault tf_resource_type=vault_ldap_secret_backend_library_set timestamp="2026-07-07T23:34:22.255+0800"
2026-07-07T23:34:22.256+0800 [TRACE] provider.terraform-provider-vault_v5.10.1_x5: Found resource identity type: @caller=github.com/hashicorp/terraform-plugin-sdk/v2@v2.40.1/helper/schema/grpc_provider.go:94 @module=sdk.helper_schema tf_mux_provider="*schema.GRPCProviderServer" tf_provider_addr=registry.terraform.io/hashicorp/vault tf_rpc=GetResourceIdentitySchemas tf_req_id=7343abd7-e5a0-4601-d757-d574a699926a tf_resource_type=vault_identity_oidc_assignment timestamp="2026-07-07T23:34:22.255+0800"
2026-07-07T23:34:22.256+0800 [TRACE] provider.terraform-provider-vault_v5.10.1_x5: Found resource identity type: tf_mux_provider="*schema.GRPCProviderServer" tf_rpc=GetResourceIdentitySchemas @caller=github.com/hashicorp/terraform-plugin-sdk/v2@v2.40.1/helper/schema/grpc_provider.go:94 @module=sdk.helper_schema tf_provider_addr=registry.terraform.io/hashicorp/vault tf_req_id=7343abd7-e5a0-4601-d757-d574a699926a tf_resource_type=vault_identity_mfa_okta timestamp="2026-07-07T23:34:22.255+0800"
2026-07-07T23:34:22.256+0800 [TRACE] provider.terraform-provider-vault_v5.10.1_x5: Found resource identity type: @module=sdk.helper_schema tf_mux_provider="*schema.GRPCProviderServer" tf_req_id=7343abd7-e5a0-4601-d757-d574a699926a tf_resource_type=vault_auth_backend tf_provider_addr=registry.terraform.io/hashicorp/vault tf_rpc=GetResourceIdentitySchemas @caller=github.com/hashicorp/terraform-plugin-sdk/v2@v2.40.1/helper/schema/grpc_provider.go:94 timestamp="2026-07-07T23:34:22.255+0800"
2026-07-07T23:34:22.256+0800 [TRACE] provider.terraform-provider-vault_v5.10.1_x5: Found resource identity type: tf_req_id=7343abd7-e5a0-4601-d757-d574a699926a tf_rpc=GetResourceIdentitySchemas @caller=github.com/hashicorp/terraform-plugin-sdk/v2@v2.40.1/helper/schema/grpc_provider.go:94 @module=sdk.helper_schema tf_mux_provider="*schema.GRPCProviderServer" tf_resource_type=vault_secrets_sync_azure_destination tf_provider_addr=registry.terraform.io/hashicorp/vault timestamp="2026-07-07T23:34:22.255+0800"
2026-07-07T23:34:22.256+0800 [TRACE] provider.terraform-provider-vault_v5.10.1_x5: Found resource identity type: @module=sdk.helper_schema tf_mux_provider="*schema.GRPCProviderServer" tf_provider_addr=registry.terraform.io/hashicorp/vault tf_resource_type=vault_alicloud_auth_backend_role tf_rpc=GetResourceIdentitySchemas @caller=github.com/hashicorp/terraform-plugin-sdk/v2@v2.40.1/helper/schema/grpc_provider.go:94 tf_req_id=7343abd7-e5a0-4601-d757-d574a699926a timestamp="2026-07-07T23:34:22.255+0800"
2026-07-07T23:34:22.256+0800 [TRACE] provider.terraform-provider-vault_v5.10.1_x5: Found resource identity type: tf_mux_provider="*schema.GRPCProviderServer" tf_req_id=7343abd7-e5a0-4601-d757-d574a699926a tf_resource_type=vault_identity_group @caller=github.com/hashicorp/terraform-plugin-sdk/v2@v2.40.1/helper/schema/grpc_provider.go:94 tf_provider_addr=registry.terraform.io/hashicorp/vault tf_rpc=GetResourceIdentitySchemas @module=sdk.helper_schema timestamp="2026-07-07T23:34:22.255+0800"
2026-07-07T23:34:22.256+0800 [TRACE] provider.terraform-provider-vault_v5.10.1_x5: Found resource identity type: @caller=github.com/hashicorp/terraform-plugin-sdk/v2@v2.40.1/helper/schema/grpc_provider.go:94 @module=sdk.helper_schema tf_provider_addr=registry.terraform.io/hashicorp/vault tf_resource_type=vault_audit_request_header tf_mux_provider="*schema.GRPCProviderServer" tf_req_id=7343abd7-e5a0-4601-d757-d574a699926a tf_rpc=GetResourceIdentitySchemas timestamp="2026-07-07T23:34:22.255+0800"
2026-07-07T23:34:22.256+0800 [TRACE] provider.terraform-provider-vault_v5.10.1_x5: Found resource identity type: @module=sdk.helper_schema tf_provider_addr=registry.terraform.io/hashicorp/vault @caller=github.com/hashicorp/terraform-plugin-sdk/v2@v2.40.1/helper/schema/grpc_provider.go:94 tf_mux_provider="*schema.GRPCProviderServer" tf_req_id=7343abd7-e5a0-4601-d757-d574a699926a tf_resource_type=vault_oci_auth_backend_role tf_rpc=GetResourceIdentitySchemas timestamp="2026-07-07T23:34:22.255+0800"
2026-07-07T23:34:22.256+0800 [TRACE] provider.terraform-provider-vault_v5.10.1_x5: Found resource identity type: @caller=github.com/hashicorp/terraform-plugin-sdk/v2@v2.40.1/helper/schema/grpc_provider.go:94 tf_mux_provider="*schema.GRPCProviderServer" tf_provider_addr=registry.terraform.io/hashicorp/vault tf_req_id=7343abd7-e5a0-4601-d757-d574a699926a @module=sdk.helper_schema tf_resource_type=vault_identity_oidc_key tf_rpc=GetResourceIdentitySchemas timestamp="2026-07-07T23:34:22.255+0800"
2026-07-07T23:34:22.256+0800 [TRACE] provider.terraform-provider-vault_v5.10.1_x5: Found resource identity type: tf_provider_addr=registry.terraform.io/hashicorp/vault @caller=github.com/hashicorp/terraform-plugin-sdk/v2@v2.40.1/helper/schema/grpc_provider.go:94 @module=sdk.helper_schema tf_mux_provider="*schema.GRPCProviderServer" tf_req_id=7343abd7-e5a0-4601-d757-d574a699926a tf_resource_type=vault_azure_auth_backend_config tf_rpc=GetResourceIdentitySchemas timestamp="2026-07-07T23:34:22.255+0800"
2026-07-07T23:34:22.256+0800 [TRACE] provider.terraform-provider-vault_v5.10.1_x5: Found resource identity type: @module=sdk.helper_schema tf_req_id=7343abd7-e5a0-4601-d757-d574a699926a tf_rpc=GetResourceIdentitySchemas @caller=github.com/hashicorp/terraform-plugin-sdk/v2@v2.40.1/helper/schema/grpc_provider.go:94 tf_mux_provider="*schema.GRPCProviderServer" tf_provider_addr=registry.terraform.io/hashicorp/vault tf_resource_type=vault_ssh_secret_backend_role timestamp="2026-07-07T23:34:22.255+0800"
2026-07-07T23:34:22.256+0800 [TRACE] provider.terraform-provider-vault_v5.10.1_x5: Found resource identity type: @caller=github.com/hashicorp/terraform-plugin-sdk/v2@v2.40.1/helper/schema/grpc_provider.go:94 tf_req_id=7343abd7-e5a0-4601-d757-d574a699926a tf_resource_type=vault_quota_lease_count @module=sdk.helper_schema tf_mux_provider="*schema.GRPCProviderServer" tf_provider_addr=registry.terraform.io/hashicorp/vault tf_rpc=GetResourceIdentitySchemas timestamp="2026-07-07T23:34:22.255+0800"
2026-07-07T23:34:22.256+0800 [TRACE] provider.terraform-provider-vault_v5.10.1_x5: Found resource identity type: tf_mux_provider="*schema.GRPCProviderServer" tf_req_id=7343abd7-e5a0-4601-d757-d574a699926a tf_resource_type=vault_azure_secret_backend_role tf_rpc=GetResourceIdentitySchemas tf_provider_addr=registry.terraform.io/hashicorp/vault @caller=github.com/hashicorp/terraform-plugin-sdk/v2@v2.40.1/helper/schema/grpc_provider.go:94 @module=sdk.helper_schema timestamp="2026-07-07T23:34:22.255+0800"
2026-07-07T23:34:22.256+0800 [TRACE] provider.terraform-provider-vault_v5.10.1_x5: Found resource identity type: @caller=github.com/hashicorp/terraform-plugin-sdk/v2@v2.40.1/helper/schema/grpc_provider.go:94 tf_req_id=7343abd7-e5a0-4601-d757-d574a699926a tf_resource_type=vault_database_secret_backend_role @module=sdk.helper_schema tf_mux_provider="*schema.GRPCProviderServer" tf_provider_addr=registry.terraform.io/hashicorp/vault tf_rpc=GetResourceIdentitySchemas timestamp="2026-07-07T23:34:22.255+0800"
2026-07-07T23:34:22.256+0800 [TRACE] provider.terraform-provider-vault_v5.10.1_x5: Found resource identity type: @caller=github.com/hashicorp/terraform-plugin-sdk/v2@v2.40.1/helper/schema/grpc_provider.go:94 tf_provider_addr=registry.terraform.io/hashicorp/vault tf_resource_type=vault_pki_secret_backend_root_sign_intermediate tf_rpc=GetResourceIdentitySchemas @module=sdk.helper_schema tf_mux_provider="*schema.GRPCProviderServer" tf_req_id=7343abd7-e5a0-4601-d757-d574a699926a timestamp="2026-07-07T23:34:22.255+0800"
2026-07-07T23:34:22.256+0800 [TRACE] provider.terraform-provider-vault_v5.10.1_x5: Found resource identity type: tf_req_id=7343abd7-e5a0-4601-d757-d574a699926a @module=sdk.helper_schema tf_mux_provider="*schema.GRPCProviderServer" tf_resource_type=vault_aws_auth_backend_identity_whitelist tf_rpc=GetResourceIdentitySchemas @caller=github.com/hashicorp/terraform-plugin-sdk/v2@v2.40.1/helper/schema/grpc_provider.go:94 tf_provider_addr=registry.terraform.io/hashicorp/vault timestamp="2026-07-07T23:34:22.255+0800"
2026-07-07T23:34:22.256+0800 [TRACE] provider.terraform-provider-vault_v5.10.1_x5: Found resource identity type: tf_mux_provider="*schema.GRPCProviderServer" tf_provider_addr=registry.terraform.io/hashicorp/vault tf_req_id=7343abd7-e5a0-4601-d757-d574a699926a @module=sdk.helper_schema tf_resource_type=vault_pki_secret_backend_config_acme tf_rpc=GetResourceIdentitySchemas @caller=github.com/hashicorp/terraform-plugin-sdk/v2@v2.40.1/helper/schema/grpc_provider.go:94 timestamp="2026-07-07T23:34:22.255+0800"
2026-07-07T23:34:22.256+0800 [TRACE] provider.terraform-provider-vault_v5.10.1_x5: Found resource identity type: @module=sdk.helper_schema tf_provider_addr=registry.terraform.io/hashicorp/vault @caller=github.com/hashicorp/terraform-plugin-sdk/v2@v2.40.1/helper/schema/grpc_provider.go:94 tf_mux_provider="*schema.GRPCProviderServer" tf_req_id=7343abd7-e5a0-4601-d757-d574a699926a tf_resource_type=vault_saml_auth_backend tf_rpc=GetResourceIdentitySchemas timestamp="2026-07-07T23:34:22.255+0800"
2026-07-07T23:34:22.256+0800 [TRACE] provider.terraform-provider-vault_v5.10.1_x5: Found resource identity type: @caller=github.com/hashicorp/terraform-plugin-sdk/v2@v2.40.1/helper/schema/grpc_provider.go:94 tf_mux_provider="*schema.GRPCProviderServer" tf_req_id=7343abd7-e5a0-4601-d757-d574a699926a tf_resource_type=vault_aws_auth_backend_sts_role tf_rpc=GetResourceIdentitySchemas @module=sdk.helper_schema tf_provider_addr=registry.terraform.io/hashicorp/vault timestamp="2026-07-07T23:34:22.255+0800"
2026-07-07T23:34:22.256+0800 [TRACE] provider.terraform-provider-vault_v5.10.1_x5: Found resource identity type: @caller=github.com/hashicorp/terraform-plugin-sdk/v2@v2.40.1/helper/schema/grpc_provider.go:94 tf_mux_provider="*schema.GRPCProviderServer" tf_provider_addr=registry.terraform.io/hashicorp/vault tf_resource_type=vault_rgp_policy @module=sdk.helper_schema tf_req_id=7343abd7-e5a0-4601-d757-d574a699926a tf_rpc=GetResourceIdentitySchemas timestamp="2026-07-07T23:34:22.255+0800"
2026-07-07T23:34:22.256+0800 [TRACE] provider.terraform-provider-vault_v5.10.1_x5: Found resource identity type: @caller=github.com/hashicorp/terraform-plugin-sdk/v2@v2.40.1/helper/schema/grpc_provider.go:94 @module=sdk.helper_schema tf_provider_addr=registry.terraform.io/hashicorp/vault tf_req_id=7343abd7-e5a0-4601-d757-d574a699926a tf_resource_type=vault_gcp_auth_backend_role tf_rpc=GetResourceIdentitySchemas tf_mux_provider="*schema.GRPCProviderServer" timestamp="2026-07-07T23:34:22.255+0800"
2026-07-07T23:34:22.256+0800 [TRACE] provider.terraform-provider-vault_v5.10.1_x5: Found resource identity type: tf_rpc=GetResourceIdentitySchemas @module=sdk.helper_schema tf_provider_addr=registry.terraform.io/hashicorp/vault tf_resource_type=vault_identity_oidc @caller=github.com/hashicorp/terraform-plugin-sdk/v2@v2.40.1/helper/schema/grpc_provider.go:94 tf_mux_provider="*schema.GRPCProviderServer" tf_req_id=7343abd7-e5a0-4601-d757-d574a699926a timestamp="2026-07-07T23:34:22.255+0800"
2026-07-07T23:34:22.256+0800 [TRACE] provider.terraform-provider-vault_v5.10.1_x5: Found resource identity type: @caller=github.com/hashicorp/terraform-plugin-sdk/v2@v2.40.1/helper/schema/grpc_provider.go:94 @module=sdk.helper_schema tf_req_id=7343abd7-e5a0-4601-d757-d574a699926a tf_mux_provider="*schema.GRPCProviderServer" tf_provider_addr=registry.terraform.io/hashicorp/vault tf_resource_type=vault_okta_auth_backend tf_rpc=GetResourceIdentitySchemas timestamp="2026-07-07T23:34:22.255+0800"
2026-07-07T23:34:22.256+0800 [TRACE] provider.terraform-provider-vault_v5.10.1_x5: Found resource identity type: @module=sdk.helper_schema tf_provider_addr=registry.terraform.io/hashicorp/vault tf_req_id=7343abd7-e5a0-4601-d757-d574a699926a tf_rpc=GetResourceIdentitySchemas @caller=github.com/hashicorp/terraform-plugin-sdk/v2@v2.40.1/helper/schema/grpc_provider.go:94 tf_mux_provider="*schema.GRPCProviderServer" tf_resource_type=vault_identity_oidc_client timestamp="2026-07-07T23:34:22.255+0800"
2026-07-07T23:34:22.256+0800 [TRACE] provider.terraform-provider-vault_v5.10.1_x5: Found resource identity type: @module=sdk.helper_schema tf_provider_addr=registry.terraform.io/hashicorp/vault tf_resource_type=vault_pki_secret_backend_role @caller=github.com/hashicorp/terraform-plugin-sdk/v2@v2.40.1/helper/schema/grpc_provider.go:94 tf_mux_provider="*schema.GRPCProviderServer" tf_req_id=7343abd7-e5a0-4601-d757-d574a699926a tf_rpc=GetResourceIdentitySchemas timestamp="2026-07-07T23:34:22.255+0800"
2026-07-07T23:34:22.256+0800 [TRACE] provider.terraform-provider-vault_v5.10.1_x5: Found resource identity type: @caller=github.com/hashicorp/terraform-plugin-sdk/v2@v2.40.1/helper/schema/grpc_provider.go:94 tf_mux_provider="*schema.GRPCProviderServer" tf_req_id=7343abd7-e5a0-4601-d757-d574a699926a tf_rpc=GetResourceIdentitySchemas @module=sdk.helper_schema tf_provider_addr=registry.terraform.io/hashicorp/vault tf_resource_type=vault_identity_oidc_key_allowed_client_id timestamp="2026-07-07T23:34:22.255+0800"
2026-07-07T23:34:22.256+0800 [TRACE] provider.terraform-provider-vault_v5.10.1_x5: calling downstream server: @module=sdk.mux tf_mux_provider="*proto5server.Server" tf_rpc=GetResourceIdentitySchemas @caller=github.com/hashicorp/terraform-plugin-mux@v0.23.1/internal/logging/mux.go:19 timestamp="2026-07-07T23:34:22.255+0800"
2026-07-07T23:34:22.256+0800 [TRACE] provider.terraform-provider-vault_v5.10.1_x5: Checking ResourceTypes lock: @caller=github.com/hashicorp/terraform-plugin-framework@v1.19.0/internal/fwserver/server.go:649 tf_provider_addr=registry.terraform.io/hashicorp/vault tf_req_id=7343abd7-e5a0-4601-d757-d574a699926a tf_rpc=GetResourceIdentitySchemas @module=sdk.framework tf_mux_provider="*proto5server.Server" timestamp="2026-07-07T23:34:22.255+0800"
2026-07-07T23:34:22.256+0800 [TRACE] provider.terraform-provider-vault_v5.10.1_x5: Received downstream response: @caller=github.com/hashicorp/terraform-plugin-go@v0.31.0/tfprotov5/internal/tf5serverlogging/downstream_request.go:61 @module=sdk.proto diagnostic_error_count=0 tf_provider_addr=registry.terraform.io/hashicorp/vault tf_req_id=7343abd7-e5a0-4601-d757-d574a699926a tf_rpc=GetResourceIdentitySchemas diagnostic_warning_count=0 tf_proto_version=5.11 tf_req_duration_ms=1 timestamp="2026-07-07T23:34:22.255+0800"
2026-07-07T23:34:22.256+0800 [TRACE] provider.terraform-provider-vault_v5.10.1_x5: Served request: @module=sdk.proto tf_proto_version=5.11 tf_req_id=7343abd7-e5a0-4601-d757-d574a699926a tf_rpc=GetResourceIdentitySchemas @caller=github.com/hashicorp/terraform-plugin-go@v0.31.0/tfprotov5/tf5server/server.go:589 tf_provider_addr=registry.terraform.io/hashicorp/vault timestamp="2026-07-07T23:34:22.255+0800"
2026-07-07T23:34:22.266+0800 [TRACE] GRPCProvider: Close
2026-07-07T23:34:22.267+0800 [DEBUG] provider.stdio: received EOF, stopping recv loop: err="rpc error: code = Unavailable desc = error reading from server: EOF"
2026-07-07T23:34:22.268+0800 [INFO]  provider: plugin process exited: plugin=.terraform/providers/registry.terraform.io/hashicorp/vault/5.10.1/linux_amd64/terraform-provider-vault_v5.10.1_x5 id=48643
2026-07-07T23:34:22.268+0800 [DEBUG] provider: plugin exited
2026-07-07T23:34:22.268+0800 [TRACE] Context.Input: Prompting for provider arguments
2026-07-07T23:34:22.268+0800 [TRACE] Context.Input: Provider provider.vault.vrd2 declared at version.tf:17,1-17
2026-07-07T23:34:22.268+0800 [TRACE] Context.Input: Provider provider.vault.vrd1 declared at version.tf:10,1-17
2026-07-07T23:34:22.268+0800 [TRACE] Context.Input: Input for provider.vault.vrd2: map[string]cty.Value{}
2026-07-07T23:34:22.268+0800 [TRACE] Context.Input: Input for provider.vault.vrd1: map[string]cty.Value{}
2026-07-07T23:34:22.268+0800 [TRACE] backend/local: running validation operation
2026-07-07T23:34:22.268+0800 [TRACE] LoadSchemas: retrieving schema for provider type "registry.terraform.io/hashicorp/vault"
2026-07-07T23:34:22.268+0800 [TRACE] terraform.contextPlugins: Schema for provider "registry.terraform.io/hashicorp/vault" is in the global cache
2026-07-07T23:34:22.268+0800 [DEBUG] Building and walking validate graph
2026-07-07T23:34:22.268+0800 [TRACE] building graph for walkValidate
2026-07-07T23:34:22.268+0800 [TRACE] Executing graph transform *terraform.ConfigTransformer
2026-07-07T23:34:22.268+0800 [TRACE] ConfigTransformer: Starting for path:
2026-07-07T23:34:22.268+0800 [TRACE] Executing graph transform *terraform.ActionTriggerConfigTransformer
2026-07-07T23:34:22.268+0800 [TRACE] Executing graph transform *terraform.ActionInvokePlanTransformer
2026-07-07T23:34:22.268+0800 [TRACE] Executing graph transform *terraform.RootVariableTransformer
2026-07-07T23:34:22.268+0800 [TRACE] Executing graph transform *terraform.ModuleVariableTransformer
2026-07-07T23:34:22.268+0800 [TRACE] Executing graph transform *terraform.variableValidationTransformer
2026-07-07T23:34:22.268+0800 [TRACE] variableValidationTransformer: adding validation nodes for any existing variable evaluation nodes
2026-07-07T23:34:22.268+0800 [TRACE] Executing graph transform *terraform.LocalTransformer
2026-07-07T23:34:22.268+0800 [TRACE] Executing graph transform *terraform.OutputTransformer
2026-07-07T23:34:22.268+0800 [TRACE] OutputTransformer: adding vault-server1-auth_list as *terraform.nodeExpandOutput
2026-07-07T23:34:22.268+0800 [TRACE] OutputTransformer: adding vault-server2-auth_list as *terraform.nodeExpandOutput
2026-07-07T23:34:22.268+0800 [TRACE] Executing graph transform *terraform.checkTransformer
2026-07-07T23:34:22.268+0800 [TRACE] Executing graph transform *terraform.OrphanResourceInstanceTransformer
2026-07-07T23:34:22.268+0800 [TRACE] Executing graph transform *terraform.StateTransformer
2026-07-07T23:34:22.268+0800 [TRACE] StateTransformer: pointless no-op call, creating no nodes at all
2026-07-07T23:34:22.268+0800 [TRACE] Executing graph transform *terraform.AttachStateTransformer
2026-07-07T23:34:22.268+0800 [TRACE] Executing graph transform *terraform.OrphanOutputTransformer
2026-07-07T23:34:22.268+0800 [TRACE] Executing graph transform *terraform.AttachResourceConfigTransformer
2026-07-07T23:34:22.268+0800 [TRACE] AttachResourceConfigTransformer: attaching to "data.vault_auth_backends.vault-dev-server1" (*terraform.NodeValidatableResource) config from hcl.Range{Filename:"data-vault.tf", Start:hcl.Pos{Line:1, Column:1, Byte:0}, End:hcl.Pos{Line:1, Column:47, Byte:46}}
2026-07-07T23:34:22.268+0800 [TRACE] AttachResourceConfigTransformer: attaching provider meta configs to data.vault_auth_backends.vault-dev-server1
2026-07-07T23:34:22.268+0800 [TRACE] AttachResourceConfigTransformer: attaching to "data.vault_auth_backends.vault-dev-server2" (*terraform.NodeValidatableResource) config from hcl.Range{Filename:"data-vault.tf", Start:hcl.Pos{Line:5, Column:1, Byte:76}, End:hcl.Pos{Line:5, Column:47, Byte:122}}
2026-07-07T23:34:22.268+0800 [TRACE] AttachResourceConfigTransformer: attaching provider meta configs to data.vault_auth_backends.vault-dev-server2
2026-07-07T23:34:22.268+0800 [TRACE] Executing graph transform *terraform.graphTransformerMulti
2026-07-07T23:34:22.268+0800 [TRACE] (graphTransformerMulti) Executing graph transform *terraform.externalProviderTransformer
2026-07-07T23:34:22.268+0800 [TRACE] (graphTransformerMulti) Completed graph transform *terraform.externalProviderTransformer with new graph:
  data.vault_auth_backends.vault-dev-server1 - *terraform.NodeValidatableResource
  data.vault_auth_backends.vault-dev-server2 - *terraform.NodeValidatableResource
  output.vault-server1-auth_list (expand) - *terraform.nodeExpandOutput
  output.vault-server2-auth_list (expand) - *terraform.nodeExpandOutput
  ------
2026-07-07T23:34:22.268+0800 [TRACE] (graphTransformerMulti) Executing graph transform *terraform.ProviderConfigTransformer
2026-07-07T23:34:22.268+0800 [TRACE] ProviderConfigTransformer: attaching to "provider[\"registry.terraform.io/hashicorp/vault\"].vrd1" provider configuration from version.tf:10,1-17
2026-07-07T23:34:22.268+0800 [TRACE] ProviderConfigTransformer: attaching to "provider[\"registry.terraform.io/hashicorp/vault\"].vrd2" provider configuration from version.tf:17,1-17
2026-07-07T23:34:22.269+0800 [TRACE] (graphTransformerMulti) Completed graph transform *terraform.ProviderConfigTransformer with new graph:
  data.vault_auth_backends.vault-dev-server1 - *terraform.NodeValidatableResource
  data.vault_auth_backends.vault-dev-server2 - *terraform.NodeValidatableResource
  output.vault-server1-auth_list (expand) - *terraform.nodeExpandOutput
  output.vault-server2-auth_list (expand) - *terraform.nodeExpandOutput
  provider["registry.terraform.io/hashicorp/vault"] - *terraform.NodeApplyableProvider
  provider["registry.terraform.io/hashicorp/vault"].vrd1 - *terraform.NodeApplyableProvider
  provider["registry.terraform.io/hashicorp/vault"].vrd2 - *terraform.NodeApplyableProvider
  ------
2026-07-07T23:34:22.269+0800 [TRACE] (graphTransformerMulti) Executing graph transform *terraform.MissingProviderTransformer
2026-07-07T23:34:22.269+0800 [TRACE] (graphTransformerMulti) Completed graph transform *terraform.MissingProviderTransformer (no changes)
2026-07-07T23:34:22.269+0800 [TRACE] (graphTransformerMulti) Executing graph transform *terraform.ProviderTransformer
2026-07-07T23:34:22.269+0800 [TRACE] ProviderTransformer: exact match for provider["registry.terraform.io/hashicorp/vault"].vrd2 serving data.vault_auth_backends.vault-dev-server2
2026-07-07T23:34:22.269+0800 [DEBUG] ProviderTransformer: "data.vault_auth_backends.vault-dev-server2" (*terraform.NodeValidatableResource) needs provider["registry.terraform.io/hashicorp/vault"].vrd2
2026-07-07T23:34:22.269+0800 [TRACE] ProviderTransformer: exact match for provider["registry.terraform.io/hashicorp/vault"].vrd1 serving data.vault_auth_backends.vault-dev-server1
2026-07-07T23:34:22.269+0800 [DEBUG] ProviderTransformer: "data.vault_auth_backends.vault-dev-server1" (*terraform.NodeValidatableResource) needs provider["registry.terraform.io/hashicorp/vault"].vrd1
2026-07-07T23:34:22.269+0800 [TRACE] (graphTransformerMulti) Completed graph transform *terraform.ProviderTransformer with new graph:
  data.vault_auth_backends.vault-dev-server1 - *terraform.NodeValidatableResource
    provider["registry.terraform.io/hashicorp/vault"].vrd1 - *terraform.NodeApplyableProvider
  data.vault_auth_backends.vault-dev-server2 - *terraform.NodeValidatableResource
    provider["registry.terraform.io/hashicorp/vault"].vrd2 - *terraform.NodeApplyableProvider
  output.vault-server1-auth_list (expand) - *terraform.nodeExpandOutput
  output.vault-server2-auth_list (expand) - *terraform.nodeExpandOutput
  provider["registry.terraform.io/hashicorp/vault"] - *terraform.NodeApplyableProvider
  provider["registry.terraform.io/hashicorp/vault"].vrd1 - *terraform.NodeApplyableProvider
  provider["registry.terraform.io/hashicorp/vault"].vrd2 - *terraform.NodeApplyableProvider
  ------
2026-07-07T23:34:22.269+0800 [TRACE] (graphTransformerMulti) Executing graph transform *terraform.PruneProviderTransformer
2026-07-07T23:34:22.269+0800 [DEBUG] pruning unused provider["registry.terraform.io/hashicorp/vault"]
2026-07-07T23:34:22.269+0800 [TRACE] (graphTransformerMulti) Completed graph transform *terraform.PruneProviderTransformer with new graph:
  data.vault_auth_backends.vault-dev-server1 - *terraform.NodeValidatableResource
    provider["registry.terraform.io/hashicorp/vault"].vrd1 - *terraform.NodeApplyableProvider
  data.vault_auth_backends.vault-dev-server2 - *terraform.NodeValidatableResource
    provider["registry.terraform.io/hashicorp/vault"].vrd2 - *terraform.NodeApplyableProvider
  output.vault-server1-auth_list (expand) - *terraform.nodeExpandOutput
  output.vault-server2-auth_list (expand) - *terraform.nodeExpandOutput
  provider["registry.terraform.io/hashicorp/vault"].vrd1 - *terraform.NodeApplyableProvider
  provider["registry.terraform.io/hashicorp/vault"].vrd2 - *terraform.NodeApplyableProvider
  ------
2026-07-07T23:34:22.269+0800 [TRACE] Executing graph transform *terraform.RemovedModuleTransformer
2026-07-07T23:34:22.269+0800 [TRACE] Executing graph transform *terraform.AttachSchemaTransformer
2026-07-07T23:34:22.269+0800 [TRACE] terraform.contextPlugins: Schema for provider "registry.terraform.io/hashicorp/vault" is in the global cache
2026-07-07T23:34:22.269+0800 [TRACE] AttachSchemaTransformer: attaching resource schema to data.vault_auth_backends.vault-dev-server2
2026-07-07T23:34:22.269+0800 [TRACE] terraform.contextPlugins: Schema for provider "registry.terraform.io/hashicorp/vault" is in the global cache
2026-07-07T23:34:22.269+0800 [TRACE] AttachSchemaTransformer: attaching provider config schema to provider["registry.terraform.io/hashicorp/vault"].vrd1
2026-07-07T23:34:22.269+0800 [TRACE] terraform.contextPlugins: Schema for provider "registry.terraform.io/hashicorp/vault" is in the global cache
2026-07-07T23:34:22.269+0800 [TRACE] AttachSchemaTransformer: attaching provider config schema to provider["registry.terraform.io/hashicorp/vault"].vrd2
2026-07-07T23:34:22.269+0800 [TRACE] terraform.contextPlugins: Schema for provider "registry.terraform.io/hashicorp/vault" is in the global cache
2026-07-07T23:34:22.269+0800 [TRACE] AttachSchemaTransformer: attaching resource schema to data.vault_auth_backends.vault-dev-server1
2026-07-07T23:34:22.269+0800 [TRACE] Executing graph transform *terraform.ModuleExpansionTransformer
2026-07-07T23:34:22.269+0800 [TRACE] Executing graph transform *terraform.ExternalReferenceTransformer
2026-07-07T23:34:22.269+0800 [TRACE] Executing graph transform *terraform.ReferenceTransformer
2026-07-07T23:34:22.269+0800 [DEBUG] ReferenceTransformer: "provider[\"registry.terraform.io/hashicorp/vault\"].vrd1" references: []
2026-07-07T23:34:22.269+0800 [DEBUG] ReferenceTransformer: "provider[\"registry.terraform.io/hashicorp/vault\"].vrd2" references: []
2026-07-07T23:34:22.269+0800 [DEBUG] ReferenceTransformer: "data.vault_auth_backends.vault-dev-server1" references: []
2026-07-07T23:34:22.269+0800 [DEBUG] ReferenceTransformer: "data.vault_auth_backends.vault-dev-server2" references: []
2026-07-07T23:34:22.269+0800 [DEBUG] ReferenceTransformer: "output.vault-server1-auth_list (expand)" references: [data.vault_auth_backends.vault-dev-server1]
2026-07-07T23:34:22.269+0800 [DEBUG] ReferenceTransformer: "output.vault-server2-auth_list (expand)" references: [data.vault_auth_backends.vault-dev-server2]
2026-07-07T23:34:22.269+0800 [TRACE] Executing graph transform *terraform.AttachDependenciesTransformer
2026-07-07T23:34:22.269+0800 [TRACE] AttachDependenciesTransformer: output.vault-server1-auth_list (expand) depends on [data.vault_auth_backends.vault-dev-server1]
2026-07-07T23:34:22.269+0800 [TRACE] AttachDependenciesTransformer: output.vault-server2-auth_list (expand) depends on [data.vault_auth_backends.vault-dev-server2]
2026-07-07T23:34:22.269+0800 [TRACE] Executing graph transform *terraform.attachDataResourceDependsOnTransformer
2026-07-07T23:34:22.269+0800 [TRACE] attachDataDependenciesTransformer: data.vault_auth_backends.vault-dev-server1 depends on []
2026-07-07T23:34:22.269+0800 [TRACE] attachDataDependenciesTransformer: data.vault_auth_backends.vault-dev-server2 depends on []
2026-07-07T23:34:22.269+0800 [TRACE] Executing graph transform *terraform.DestroyEdgeTransformer
2026-07-07T23:34:22.269+0800 [TRACE] Executing graph transform *terraform.pruneUnusedNodesTransformer
2026-07-07T23:34:22.269+0800 [TRACE] Executing graph transform *terraform.TargetsTransformer
2026-07-07T23:34:22.269+0800 [TRACE] Executing graph transform *terraform.QueryTransformer
2026-07-07T23:34:22.269+0800 [TRACE] Executing graph transform *terraform.ForcedCBDTransformer
2026-07-07T23:34:22.269+0800 [TRACE] ForcedCBDTransformer: "data.vault_auth_backends.vault-dev-server1" (*terraform.NodeValidatableResource) has no CBD descendant, so skipping
2026-07-07T23:34:22.269+0800 [TRACE] ForcedCBDTransformer: "data.vault_auth_backends.vault-dev-server2" (*terraform.NodeValidatableResource) has no CBD descendant, so skipping
2026-07-07T23:34:22.269+0800 [TRACE] Executing graph transform *terraform.ephemeralResourceCloseTransformer
2026-07-07T23:34:22.269+0800 [TRACE] Executing graph transform *terraform.CloseProviderTransformer
2026-07-07T23:34:22.269+0800 [TRACE] Executing graph transform *terraform.CloseRootModuleTransformer
2026-07-07T23:34:22.269+0800 [TRACE] Executing graph transform *terraform.TransitiveReductionTransformer
2026-07-07T23:34:22.269+0800 [TRACE] Completed graph transform:
data.vault_auth_backends.vault-dev-server1 - *terraform.NodeValidatableResource
  provider["registry.terraform.io/hashicorp/vault"].vrd1 - *terraform.NodeApplyableProvider
data.vault_auth_backends.vault-dev-server2 - *terraform.NodeValidatableResource
  provider["registry.terraform.io/hashicorp/vault"].vrd2 - *terraform.NodeApplyableProvider
output.vault-server1-auth_list (expand) - *terraform.nodeExpandOutput
  data.vault_auth_backends.vault-dev-server1 - *terraform.NodeValidatableResource
output.vault-server2-auth_list (expand) - *terraform.nodeExpandOutput
  data.vault_auth_backends.vault-dev-server2 - *terraform.NodeValidatableResource
provider["registry.terraform.io/hashicorp/vault"].vrd1 - *terraform.NodeApplyableProvider
provider["registry.terraform.io/hashicorp/vault"].vrd1 (close) - *terraform.graphNodeCloseProvider
  data.vault_auth_backends.vault-dev-server1 - *terraform.NodeValidatableResource
provider["registry.terraform.io/hashicorp/vault"].vrd2 - *terraform.NodeApplyableProvider
provider["registry.terraform.io/hashicorp/vault"].vrd2 (close) - *terraform.graphNodeCloseProvider
  data.vault_auth_backends.vault-dev-server2 - *terraform.NodeValidatableResource
root - *terraform.nodeCloseModule
  output.vault-server1-auth_list (expand) - *terraform.nodeExpandOutput
  output.vault-server2-auth_list (expand) - *terraform.nodeExpandOutput
  provider["registry.terraform.io/hashicorp/vault"].vrd1 (close) - *terraform.graphNodeCloseProvider
  provider["registry.terraform.io/hashicorp/vault"].vrd2 (close) - *terraform.graphNodeCloseProvider
  ------
2026-07-07T23:34:22.269+0800 [DEBUG] Starting graph walk: walkValidate
2026-07-07T23:34:22.269+0800 [TRACE] vertex "provider[\"registry.terraform.io/hashicorp/vault\"].vrd1": starting visit (*terraform.NodeApplyableProvider)
2026-07-07T23:34:22.269+0800 [TRACE] vertex "provider[\"registry.terraform.io/hashicorp/vault\"].vrd1": belongs to
2026-07-07T23:34:22.269+0800 [TRACE] vertex "provider[\"registry.terraform.io/hashicorp/vault\"].vrd2": starting visit (*terraform.NodeApplyableProvider)
2026-07-07T23:34:22.269+0800 [DEBUG] created provider logger: level=trace
2026-07-07T23:34:22.269+0800 [TRACE] vertex "provider[\"registry.terraform.io/hashicorp/vault\"].vrd2": belongs to
2026-07-07T23:34:22.269+0800 [INFO]  provider: configuring client automatic mTLS
2026-07-07T23:34:22.272+0800 [DEBUG] provider: starting plugin: path=.terraform/providers/registry.terraform.io/hashicorp/vault/5.10.1/linux_amd64/terraform-provider-vault_v5.10.1_x5 args=[".terraform/providers/registry.terraform.io/hashicorp/vault/5.10.1/linux_amd64/terraform-provider-vault_v5.10.1_x5"]
2026-07-07T23:34:22.272+0800 [DEBUG] provider: plugin started: path=.terraform/providers/registry.terraform.io/hashicorp/vault/5.10.1/linux_amd64/terraform-provider-vault_v5.10.1_x5 pid=48660
2026-07-07T23:34:22.272+0800 [DEBUG] provider: waiting for RPC address: plugin=.terraform/providers/registry.terraform.io/hashicorp/vault/5.10.1/linux_amd64/terraform-provider-vault_v5.10.1_x5
2026-07-07T23:34:22.285+0800 [INFO]  provider.terraform-provider-vault_v5.10.1_x5: configuring server automatic mTLS: timestamp="2026-07-07T23:34:22.285+0800"
2026-07-07T23:34:22.292+0800 [DEBUG] provider.terraform-provider-vault_v5.10.1_x5: plugin address: address=/tmp/plugin1583344635 network=unix timestamp="2026-07-07T23:34:22.292+0800"
2026-07-07T23:34:22.292+0800 [DEBUG] provider: using plugin: version=5
2026-07-07T23:34:22.298+0800 [TRACE] BuiltinEvalContext: Initialized "provider[\"registry.terraform.io/hashicorp/vault\"].vrd1" provider for provider["registry.terraform.io/hashicorp/vault"].vrd1
2026-07-07T23:34:22.298+0800 [TRACE] provider.stdio: waiting for stdio data
2026-07-07T23:34:22.298+0800 [TRACE] terraform.contextPlugins: Schema for provider "registry.terraform.io/hashicorp/vault" is in the global cache
2026-07-07T23:34:22.298+0800 [TRACE] NodeApplyableProvider: validating configuration for provider["registry.terraform.io/hashicorp/vault"].vrd1
2026-07-07T23:34:22.298+0800 [DEBUG] created provider logger: level=trace
2026-07-07T23:34:22.298+0800 [INFO]  provider: configuring client automatic mTLS
2026-07-07T23:34:22.300+0800 [DEBUG] provider: starting plugin: path=.terraform/providers/registry.terraform.io/hashicorp/vault/5.10.1/linux_amd64/terraform-provider-vault_v5.10.1_x5 args=[".terraform/providers/registry.terraform.io/hashicorp/vault/5.10.1/linux_amd64/terraform-provider-vault_v5.10.1_x5"]
2026-07-07T23:34:22.301+0800 [DEBUG] provider: plugin started: path=.terraform/providers/registry.terraform.io/hashicorp/vault/5.10.1/linux_amd64/terraform-provider-vault_v5.10.1_x5 pid=48672
2026-07-07T23:34:22.301+0800 [DEBUG] provider: waiting for RPC address: plugin=.terraform/providers/registry.terraform.io/hashicorp/vault/5.10.1/linux_amd64/terraform-provider-vault_v5.10.1_x5
2026-07-07T23:34:22.316+0800 [INFO]  provider.terraform-provider-vault_v5.10.1_x5: configuring server automatic mTLS: timestamp="2026-07-07T23:34:22.316+0800"
2026-07-07T23:34:22.322+0800 [DEBUG] provider: using plugin: version=5
2026-07-07T23:34:22.322+0800 [DEBUG] provider.terraform-provider-vault_v5.10.1_x5: plugin address: address=/tmp/plugin3029602911 network=unix timestamp="2026-07-07T23:34:22.322+0800"
2026-07-07T23:34:22.327+0800 [TRACE] BuiltinEvalContext: Initialized "provider[\"registry.terraform.io/hashicorp/vault\"].vrd2" provider for provider["registry.terraform.io/hashicorp/vault"].vrd2
2026-07-07T23:34:22.327+0800 [TRACE] terraform.contextPlugins: Schema for provider "registry.terraform.io/hashicorp/vault" is in the global cache
2026-07-07T23:34:22.327+0800 [TRACE] NodeApplyableProvider: validating configuration for provider["registry.terraform.io/hashicorp/vault"].vrd2
2026-07-07T23:34:22.327+0800 [TRACE] buildProviderConfig for provider["registry.terraform.io/hashicorp/vault"].vrd2: using explicit config only
2026-07-07T23:34:22.327+0800 [TRACE] GRPCProvider: GetProviderSchema
2026-07-07T23:34:22.327+0800 [TRACE] provider.stdio: waiting for stdio data
2026-07-07T23:34:22.327+0800 [TRACE] GRPCProvider: returning cached schema: EXTRA_VALUE_AT_END=registry.terraform.io/hashicorp/vault
2026-07-07T23:34:22.327+0800 [TRACE] buildProviderConfig for provider["registry.terraform.io/hashicorp/vault"].vrd1: using explicit config only
2026-07-07T23:34:22.327+0800 [TRACE] GRPCProvider: GetProviderSchema
2026-07-07T23:34:22.327+0800 [TRACE] GRPCProvider: returning cached schema: EXTRA_VALUE_AT_END=registry.terraform.io/hashicorp/vault
2026-07-07T23:34:22.327+0800 [TRACE] terraform.contextPlugins: Schema for provider "registry.terraform.io/hashicorp/vault" is in the global cache
2026-07-07T23:34:22.327+0800 [TRACE] terraform.contextPlugins: Schema for provider "registry.terraform.io/hashicorp/vault" is in the global cache
2026-07-07T23:34:22.327+0800 [TRACE] GRPCProvider: ValidateProviderConfig
2026-07-07T23:34:22.327+0800 [TRACE] GRPCProvider: GetProviderSchema
2026-07-07T23:34:22.327+0800 [TRACE] GRPCProvider: returning cached schema: EXTRA_VALUE_AT_END=registry.terraform.io/hashicorp/vault
2026-07-07T23:34:22.328+0800 [TRACE] GRPCProvider: ValidateProviderConfig
2026-07-07T23:34:22.328+0800 [TRACE] GRPCProvider: GetProviderSchema
2026-07-07T23:34:22.328+0800 [TRACE] GRPCProvider: returning cached schema: EXTRA_VALUE_AT_END=registry.terraform.io/hashicorp/vault
2026-07-07T23:34:22.328+0800 [TRACE] provider.terraform-provider-vault_v5.10.1_x5: Received request: tf_provider_addr=registry.terraform.io/hashicorp/vault @caller=github.com/hashicorp/terraform-plugin-go@v0.31.0/tfprotov5/tf5server/server.go:597 @module=sdk.proto tf_proto_version=5.11 tf_req_id=719d6ed1-99c7-1b78-aebb-86777454380e tf_rpc=PrepareProviderConfig timestamp="2026-07-07T23:34:22.328+0800"
2026-07-07T23:34:22.328+0800 [TRACE] provider.terraform-provider-vault_v5.10.1_x5: Skipping protocol data file writing because no data directory is set. Use the TF_LOG_SDK_PROTO_DATA_DIR environment variable to enable this functionality.: @module=sdk.proto tf_proto_version=5.11 tf_provider_addr=registry.terraform.io/hashicorp/vault tf_req_id=719d6ed1-99c7-1b78-aebb-86777454380e tf_rpc=PrepareProviderConfig @caller=github.com/hashicorp/terraform-plugin-go@v0.31.0/internal/logging/protocol_data.go:41 timestamp="2026-07-07T23:34:22.328+0800"
2026-07-07T23:34:22.328+0800 [TRACE] provider.terraform-provider-vault_v5.10.1_x5: Sending request downstream: tf_rpc=PrepareProviderConfig @caller=github.com/hashicorp/terraform-plugin-go@v0.31.0/tfprotov5/internal/tf5serverlogging/downstream_request.go:22 tf_proto_version=5.11 tf_provider_addr=registry.terraform.io/hashicorp/vault @module=sdk.proto tf_req_id=719d6ed1-99c7-1b78-aebb-86777454380e timestamp="2026-07-07T23:34:22.328+0800"
2026-07-07T23:34:22.328+0800 [TRACE] provider.terraform-provider-vault_v5.10.1_x5: calling downstream server: @module=sdk.mux tf_mux_provider="*schema.GRPCProviderServer" tf_rpc=PrepareProviderConfig @caller=github.com/hashicorp/terraform-plugin-mux@v0.23.1/internal/logging/mux.go:19 timestamp="2026-07-07T23:34:22.328+0800"
2026-07-07T23:34:22.328+0800 [TRACE] provider.terraform-provider-vault_v5.10.1_x5: Preparing provider configuration: @module=sdk.helper_schema tf_rpc=PrepareProviderConfig @caller=github.com/hashicorp/terraform-plugin-sdk/v2@v2.40.1/helper/schema/grpc_provider.go:294 tf_mux_provider="*schema.GRPCProviderServer" tf_provider_addr=registry.terraform.io/hashicorp/vault tf_req_id=719d6ed1-99c7-1b78-aebb-86777454380e timestamp="2026-07-07T23:34:22.328+0800"
2026-07-07T23:34:22.328+0800 [TRACE] provider.terraform-provider-vault_v5.10.1_x5: Received request: tf_proto_version=5.11 tf_provider_addr=registry.terraform.io/hashicorp/vault tf_req_id=f04c4e82-03c7-6c70-9efa-e5f84839e927 @module=sdk.proto tf_rpc=PrepareProviderConfig @caller=github.com/hashicorp/terraform-plugin-go@v0.31.0/tfprotov5/tf5server/server.go:597 timestamp="2026-07-07T23:34:22.328+0800"
2026-07-07T23:34:22.328+0800 [TRACE] provider.terraform-provider-vault_v5.10.1_x5: Skipping protocol data file writing because no data directory is set. Use the TF_LOG_SDK_PROTO_DATA_DIR environment variable to enable this functionality.: tf_provider_addr=registry.terraform.io/hashicorp/vault @module=sdk.proto tf_proto_version=5.11 tf_req_id=f04c4e82-03c7-6c70-9efa-e5f84839e927 tf_rpc=PrepareProviderConfig @caller=github.com/hashicorp/terraform-plugin-go@v0.31.0/internal/logging/protocol_data.go:41 timestamp="2026-07-07T23:34:22.328+0800"
2026-07-07T23:34:22.328+0800 [TRACE] provider.terraform-provider-vault_v5.10.1_x5: Sending request downstream: @caller=github.com/hashicorp/terraform-plugin-go@v0.31.0/tfprotov5/internal/tf5serverlogging/downstream_request.go:22 tf_proto_version=5.11 tf_provider_addr=registry.terraform.io/hashicorp/vault tf_rpc=PrepareProviderConfig @module=sdk.proto tf_req_id=f04c4e82-03c7-6c70-9efa-e5f84839e927 timestamp="2026-07-07T23:34:22.328+0800"
2026-07-07T23:34:22.328+0800 [TRACE] provider.terraform-provider-vault_v5.10.1_x5: calling downstream server: tf_mux_provider="*schema.GRPCProviderServer" tf_rpc=PrepareProviderConfig @caller=github.com/hashicorp/terraform-plugin-mux@v0.23.1/internal/logging/mux.go:19 @module=sdk.mux timestamp="2026-07-07T23:34:22.328+0800"
2026-07-07T23:34:22.328+0800 [TRACE] provider.terraform-provider-vault_v5.10.1_x5: Preparing provider configuration: tf_req_id=f04c4e82-03c7-6c70-9efa-e5f84839e927 tf_rpc=PrepareProviderConfig tf_mux_provider="*schema.GRPCProviderServer" @caller=github.com/hashicorp/terraform-plugin-sdk/v2@v2.40.1/helper/schema/grpc_provider.go:294 @module=sdk.helper_schema tf_provider_addr=registry.terraform.io/hashicorp/vault timestamp="2026-07-07T23:34:22.328+0800"
2026-07-07T23:34:22.328+0800 [TRACE] provider.terraform-provider-vault_v5.10.1_x5: Calling downstream: @caller=github.com/hashicorp/terraform-plugin-sdk/v2@v2.40.1/helper/schema/grpc_provider.go:382 @module=sdk.helper_schema tf_req_id=719d6ed1-99c7-1b78-aebb-86777454380e tf_mux_provider="*schema.GRPCProviderServer" tf_provider_addr=registry.terraform.io/hashicorp/vault tf_rpc=PrepareProviderConfig timestamp="2026-07-07T23:34:22.328+0800"
2026-07-07T23:34:22.328+0800 [TRACE] provider.terraform-provider-vault_v5.10.1_x5: Calling downstream: @caller=github.com/hashicorp/terraform-plugin-sdk/v2@v2.40.1/helper/schema/grpc_provider.go:382 @module=sdk.helper_schema tf_mux_provider="*schema.GRPCProviderServer" tf_rpc=PrepareProviderConfig tf_provider_addr=registry.terraform.io/hashicorp/vault tf_req_id=f04c4e82-03c7-6c70-9efa-e5f84839e927 timestamp="2026-07-07T23:34:22.328+0800"
2026-07-07T23:34:22.330+0800 [TRACE] provider.terraform-provider-vault_v5.10.1_x5: Called downstream: tf_mux_provider="*schema.GRPCProviderServer" tf_req_id=f04c4e82-03c7-6c70-9efa-e5f84839e927 @caller=github.com/hashicorp/terraform-plugin-sdk/v2@v2.40.1/helper/schema/grpc_provider.go:384 @module=sdk.helper_schema tf_provider_addr=registry.terraform.io/hashicorp/vault tf_rpc=PrepareProviderConfig timestamp="2026-07-07T23:34:22.330+0800"
2026-07-07T23:34:22.330+0800 [TRACE] provider.terraform-provider-vault_v5.10.1_x5: calling downstream server: @caller=github.com/hashicorp/terraform-plugin-mux@v0.23.1/internal/logging/mux.go:19 @module=sdk.mux tf_mux_provider="*proto5server.Server" tf_rpc=PrepareProviderConfig timestamp="2026-07-07T23:34:22.330+0800"
2026-07-07T23:34:22.330+0800 [TRACE] provider.terraform-provider-vault_v5.10.1_x5: Checking ProviderSchema lock: tf_mux_provider="*proto5server.Server" tf_provider_addr=registry.terraform.io/hashicorp/vault tf_rpc=PrepareProviderConfig @caller=github.com/hashicorp/terraform-plugin-framework@v1.19.0/internal/fwserver/server.go:499 @module=sdk.framework tf_req_id=f04c4e82-03c7-6c70-9efa-e5f84839e927 timestamp="2026-07-07T23:34:22.330+0800"
2026-07-07T23:34:22.330+0800 [TRACE] provider.terraform-provider-vault_v5.10.1_x5: Calling provider defined Provider Schema: @caller=github.com/hashicorp/terraform-plugin-framework@v1.19.0/internal/fwserver/server.go:510 tf_rpc=PrepareProviderConfig @module=sdk.framework tf_mux_provider="*proto5server.Server" tf_provider_addr=registry.terraform.io/hashicorp/vault tf_req_id=f04c4e82-03c7-6c70-9efa-e5f84839e927 timestamp="2026-07-07T23:34:22.330+0800"
2026-07-07T23:34:22.330+0800 [TRACE] provider.terraform-provider-vault_v5.10.1_x5: Called downstream: tf_mux_provider="*schema.GRPCProviderServer" tf_provider_addr=registry.terraform.io/hashicorp/vault @module=sdk.helper_schema tf_req_id=719d6ed1-99c7-1b78-aebb-86777454380e tf_rpc=PrepareProviderConfig @caller=github.com/hashicorp/terraform-plugin-sdk/v2@v2.40.1/helper/schema/grpc_provider.go:384 timestamp="2026-07-07T23:34:22.330+0800"
2026-07-07T23:34:22.330+0800 [TRACE] provider.terraform-provider-vault_v5.10.1_x5: calling downstream server: @module=sdk.mux tf_mux_provider="*proto5server.Server" tf_rpc=PrepareProviderConfig @caller=github.com/hashicorp/terraform-plugin-mux@v0.23.1/internal/logging/mux.go:19 timestamp="2026-07-07T23:34:22.330+0800"
2026-07-07T23:34:22.330+0800 [TRACE] provider.terraform-provider-vault_v5.10.1_x5: Checking ProviderSchema lock: @caller=github.com/hashicorp/terraform-plugin-framework@v1.19.0/internal/fwserver/server.go:499 @module=sdk.framework tf_mux_provider="*proto5server.Server" tf_req_id=719d6ed1-99c7-1b78-aebb-86777454380e tf_rpc=PrepareProviderConfig tf_provider_addr=registry.terraform.io/hashicorp/vault timestamp="2026-07-07T23:34:22.330+0800"
2026-07-07T23:34:22.330+0800 [TRACE] provider.terraform-provider-vault_v5.10.1_x5: Calling provider defined Provider Schema: tf_mux_provider="*proto5server.Server" tf_provider_addr=registry.terraform.io/hashicorp/vault tf_req_id=719d6ed1-99c7-1b78-aebb-86777454380e @caller=github.com/hashicorp/terraform-plugin-framework@v1.19.0/internal/fwserver/server.go:510 @module=sdk.framework tf_rpc=PrepareProviderConfig timestamp="2026-07-07T23:34:22.330+0800"
2026-07-07T23:34:22.330+0800 [TRACE] provider.terraform-provider-vault_v5.10.1_x5: Called provider defined Provider Schema: @caller=github.com/hashicorp/terraform-plugin-framework@v1.19.0/internal/fwserver/server.go:512 tf_mux_provider="*proto5server.Server" @module=sdk.framework tf_provider_addr=registry.terraform.io/hashicorp/vault tf_req_id=719d6ed1-99c7-1b78-aebb-86777454380e tf_rpc=PrepareProviderConfig timestamp="2026-07-07T23:34:22.330+0800"
2026-07-07T23:34:22.330+0800 [TRACE] provider.terraform-provider-vault_v5.10.1_x5: Called provider defined Provider Schema: tf_provider_addr=registry.terraform.io/hashicorp/vault tf_req_id=f04c4e82-03c7-6c70-9efa-e5f84839e927 tf_rpc=PrepareProviderConfig @caller=github.com/hashicorp/terraform-plugin-framework@v1.19.0/internal/fwserver/server.go:512 @module=sdk.framework tf_mux_provider="*proto5server.Server" timestamp="2026-07-07T23:34:22.330+0800"
2026-07-07T23:34:22.330+0800 [TRACE] provider.terraform-provider-vault_v5.10.1_x5: Transforming empty block to null block: @module=sdk.framework description=configuration tf_provider_addr=registry.terraform.io/hashicorp/vault tf_attribute_path=auth_login_cert tf_mux_provider="*proto5server.Server" tf_req_id=f04c4e82-03c7-6c70-9efa-e5f84839e927 tf_rpc=PrepareProviderConfig @caller=github.com/hashicorp/terraform-plugin-framework@v1.19.0/internal/fwschemadata/data_nullify_collection_blocks.go:91 timestamp="2026-07-07T23:34:22.330+0800"
2026-07-07T23:34:22.330+0800 [TRACE] provider.terraform-provider-vault_v5.10.1_x5: Transforming empty block to null block: @caller=github.com/hashicorp/terraform-plugin-framework@v1.19.0/internal/fwschemadata/data_nullify_collection_blocks.go:91 tf_req_id=719d6ed1-99c7-1b78-aebb-86777454380e tf_rpc=PrepareProviderConfig @module=sdk.framework description=configuration tf_attribute_path=auth_login_azure tf_mux_provider="*proto5server.Server" tf_provider_addr=registry.terraform.io/hashicorp/vault timestamp="2026-07-07T23:34:22.330+0800"
2026-07-07T23:34:22.330+0800 [TRACE] provider.terraform-provider-vault_v5.10.1_x5: Transforming empty block to null block: tf_attribute_path=auth_login_kerberos tf_mux_provider="*proto5server.Server" tf_rpc=PrepareProviderConfig description=configuration tf_provider_addr=registry.terraform.io/hashicorp/vault tf_req_id=f04c4e82-03c7-6c70-9efa-e5f84839e927 @caller=github.com/hashicorp/terraform-plugin-framework@v1.19.0/internal/fwschemadata/data_nullify_collection_blocks.go:91 @module=sdk.framework timestamp="2026-07-07T23:34:22.330+0800"
2026-07-07T23:34:22.330+0800 [TRACE] provider.terraform-provider-vault_v5.10.1_x5: Transforming empty block to null block: tf_provider_addr=registry.terraform.io/hashicorp/vault tf_rpc=PrepareProviderConfig @caller=github.com/hashicorp/terraform-plugin-framework@v1.19.0/internal/fwschemadata/data_nullify_collection_blocks.go:91 @module=sdk.framework tf_req_id=719d6ed1-99c7-1b78-aebb-86777454380e description=configuration tf_attribute_path=auth_login_kerberos tf_mux_provider="*proto5server.Server" timestamp="2026-07-07T23:34:22.330+0800"
2026-07-07T23:34:22.330+0800 [TRACE] provider.terraform-provider-vault_v5.10.1_x5: Transforming empty block to null block: @caller=github.com/hashicorp/terraform-plugin-framework@v1.19.0/internal/fwschemadata/data_nullify_collection_blocks.go:91 @module=sdk.framework description=configuration tf_mux_provider="*proto5server.Server" tf_req_id=f04c4e82-03c7-6c70-9efa-e5f84839e927 tf_rpc=PrepareProviderConfig tf_attribute_path=auth_login tf_provider_addr=registry.terraform.io/hashicorp/vault timestamp="2026-07-07T23:34:22.330+0800"
2026-07-07T23:34:22.330+0800 [TRACE] provider.terraform-provider-vault_v5.10.1_x5: Transforming empty block to null block: @caller=github.com/hashicorp/terraform-plugin-framework@v1.19.0/internal/fwschemadata/data_nullify_collection_blocks.go:91 tf_mux_provider="*proto5server.Server" tf_req_id=719d6ed1-99c7-1b78-aebb-86777454380e tf_rpc=PrepareProviderConfig @module=sdk.framework description=configuration tf_attribute_path=auth_login_oci tf_provider_addr=registry.terraform.io/hashicorp/vault timestamp="2026-07-07T23:34:22.330+0800"
2026-07-07T23:34:22.330+0800 [TRACE] provider.terraform-provider-vault_v5.10.1_x5: Transforming empty block to null block: @caller=github.com/hashicorp/terraform-plugin-framework@v1.19.0/internal/fwschemadata/data_nullify_collection_blocks.go:91 tf_mux_provider="*proto5server.Server" @module=sdk.framework description=configuration tf_attribute_path=auth_login_gcp tf_provider_addr=registry.terraform.io/hashicorp/vault tf_req_id=f04c4e82-03c7-6c70-9efa-e5f84839e927 tf_rpc=PrepareProviderConfig timestamp="2026-07-07T23:34:22.330+0800"
2026-07-07T23:34:22.330+0800 [TRACE] provider.terraform-provider-vault_v5.10.1_x5: Transforming empty block to null block: @caller=github.com/hashicorp/terraform-plugin-framework@v1.19.0/internal/fwschemadata/data_nullify_collection_blocks.go:91 description=configuration tf_attribute_path=auth_login_userpass tf_mux_provider="*proto5server.Server" tf_provider_addr=registry.terraform.io/hashicorp/vault tf_rpc=PrepareProviderConfig @module=sdk.framework tf_req_id=719d6ed1-99c7-1b78-aebb-86777454380e timestamp="2026-07-07T23:34:22.330+0800"
2026-07-07T23:34:22.330+0800 [TRACE] provider.terraform-provider-vault_v5.10.1_x5: Transforming empty block to null block: tf_attribute_path=auth_login_radius tf_mux_provider="*proto5server.Server" tf_provider_addr=registry.terraform.io/hashicorp/vault tf_req_id=f04c4e82-03c7-6c70-9efa-e5f84839e927 tf_rpc=PrepareProviderConfig @caller=github.com/hashicorp/terraform-plugin-framework@v1.19.0/internal/fwschemadata/data_nullify_collection_blocks.go:91 @module=sdk.framework description=configuration timestamp="2026-07-07T23:34:22.330+0800"
2026-07-07T23:34:22.330+0800 [TRACE] provider.terraform-provider-vault_v5.10.1_x5: Transforming empty block to null block: @caller=github.com/hashicorp/terraform-plugin-framework@v1.19.0/internal/fwschemadata/data_nullify_collection_blocks.go:91 description=configuration tf_provider_addr=registry.terraform.io/hashicorp/vault tf_req_id=719d6ed1-99c7-1b78-aebb-86777454380e @module=sdk.framework tf_attribute_path=auth_login_aws tf_mux_provider="*proto5server.Server" tf_rpc=PrepareProviderConfig timestamp="2026-07-07T23:34:22.330+0800"
2026-07-07T23:34:22.330+0800 [TRACE] provider.terraform-provider-vault_v5.10.1_x5: Transforming empty block to null block: tf_req_id=f04c4e82-03c7-6c70-9efa-e5f84839e927 tf_rpc=PrepareProviderConfig tf_attribute_path=auth_login_token_file @caller=github.com/hashicorp/terraform-plugin-framework@v1.19.0/internal/fwschemadata/data_nullify_collection_blocks.go:91 @module=sdk.framework description=configuration tf_mux_provider="*proto5server.Server" tf_provider_addr=registry.terraform.io/hashicorp/vault timestamp="2026-07-07T23:34:22.330+0800"
2026-07-07T23:34:22.330+0800 [TRACE] provider.terraform-provider-vault_v5.10.1_x5: Transforming empty block to null block: @caller=github.com/hashicorp/terraform-plugin-framework@v1.19.0/internal/fwschemadata/data_nullify_collection_blocks.go:91 @module=sdk.framework tf_attribute_path=auth_login_oidc tf_mux_provider="*proto5server.Server" tf_provider_addr=registry.terraform.io/hashicorp/vault tf_rpc=PrepareProviderConfig description=configuration tf_req_id=719d6ed1-99c7-1b78-aebb-86777454380e timestamp="2026-07-07T23:34:22.330+0800"
2026-07-07T23:34:22.330+0800 [TRACE] provider.terraform-provider-vault_v5.10.1_x5: Transforming empty block to null block: @module=sdk.framework tf_attribute_path=auth_login_azure tf_mux_provider="*proto5server.Server" tf_req_id=f04c4e82-03c7-6c70-9efa-e5f84839e927 description=configuration tf_provider_addr=registry.terraform.io/hashicorp/vault tf_rpc=PrepareProviderConfig @caller=github.com/hashicorp/terraform-plugin-framework@v1.19.0/internal/fwschemadata/data_nullify_collection_blocks.go:91 timestamp="2026-07-07T23:34:22.330+0800"
2026-07-07T23:34:22.330+0800 [TRACE] provider.terraform-provider-vault_v5.10.1_x5: Transforming empty block to null block: tf_rpc=PrepareProviderConfig @module=sdk.framework tf_mux_provider="*proto5server.Server" @caller=github.com/hashicorp/terraform-plugin-framework@v1.19.0/internal/fwschemadata/data_nullify_collection_blocks.go:91 description=configuration tf_attribute_path=auth_login_token_file tf_provider_addr=registry.terraform.io/hashicorp/vault tf_req_id=719d6ed1-99c7-1b78-aebb-86777454380e timestamp="2026-07-07T23:34:22.330+0800"
2026-07-07T23:34:22.330+0800 [TRACE] provider.terraform-provider-vault_v5.10.1_x5: Transforming empty block to null block: @module=sdk.framework tf_mux_provider="*proto5server.Server" tf_req_id=719d6ed1-99c7-1b78-aebb-86777454380e @caller=github.com/hashicorp/terraform-plugin-framework@v1.19.0/internal/fwschemadata/data_nullify_collection_blocks.go:91 description=configuration tf_attribute_path=auth_login_jwt tf_provider_addr=registry.terraform.io/hashicorp/vault tf_rpc=PrepareProviderConfig timestamp="2026-07-07T23:34:22.330+0800"
2026-07-07T23:34:22.330+0800 [TRACE] provider.terraform-provider-vault_v5.10.1_x5: Transforming empty block to null block: tf_attribute_path=auth_login tf_mux_provider="*proto5server.Server" tf_provider_addr=registry.terraform.io/hashicorp/vault tf_req_id=719d6ed1-99c7-1b78-aebb-86777454380e @caller=github.com/hashicorp/terraform-plugin-framework@v1.19.0/internal/fwschemadata/data_nullify_collection_blocks.go:91 @module=sdk.framework description=configuration tf_rpc=PrepareProviderConfig timestamp="2026-07-07T23:34:22.330+0800"
2026-07-07T23:34:22.330+0800 [TRACE] provider.terraform-provider-vault_v5.10.1_x5: Transforming empty block to null block: tf_provider_addr=registry.terraform.io/hashicorp/vault tf_rpc=PrepareProviderConfig @caller=github.com/hashicorp/terraform-plugin-framework@v1.19.0/internal/fwschemadata/data_nullify_collection_blocks.go:91 description=configuration tf_attribute_path=auth_login_radius tf_req_id=719d6ed1-99c7-1b78-aebb-86777454380e @module=sdk.framework tf_mux_provider="*proto5server.Server" timestamp="2026-07-07T23:34:22.330+0800"
2026-07-07T23:34:22.330+0800 [TRACE] provider.terraform-provider-vault_v5.10.1_x5: Transforming empty block to null block: @caller=github.com/hashicorp/terraform-plugin-framework@v1.19.0/internal/fwschemadata/data_nullify_collection_blocks.go:91 @module=sdk.framework tf_mux_provider="*proto5server.Server" tf_provider_addr=registry.terraform.io/hashicorp/vault description=configuration tf_attribute_path=headers tf_req_id=719d6ed1-99c7-1b78-aebb-86777454380e tf_rpc=PrepareProviderConfig timestamp="2026-07-07T23:34:22.330+0800"
2026-07-07T23:34:22.331+0800 [TRACE] provider.terraform-provider-vault_v5.10.1_x5: Transforming empty block to null block: description=configuration tf_attribute_path=auth_login_cert tf_provider_addr=registry.terraform.io/hashicorp/vault tf_req_id=719d6ed1-99c7-1b78-aebb-86777454380e @module=sdk.framework tf_mux_provider="*proto5server.Server" tf_rpc=PrepareProviderConfig @caller=github.com/hashicorp/terraform-plugin-framework@v1.19.0/internal/fwschemadata/data_nullify_collection_blocks.go:91 timestamp="2026-07-07T23:34:22.330+0800"
2026-07-07T23:34:22.331+0800 [TRACE] provider.terraform-provider-vault_v5.10.1_x5: Transforming empty block to null block: tf_mux_provider="*proto5server.Server" tf_provider_addr=registry.terraform.io/hashicorp/vault tf_req_id=f04c4e82-03c7-6c70-9efa-e5f84839e927 @caller=github.com/hashicorp/terraform-plugin-framework@v1.19.0/internal/fwschemadata/data_nullify_collection_blocks.go:91 description=configuration tf_rpc=PrepareProviderConfig @module=sdk.framework tf_attribute_path=headers timestamp="2026-07-07T23:34:22.330+0800"
2026-07-07T23:34:22.331+0800 [TRACE] provider.terraform-provider-vault_v5.10.1_x5: Transforming empty block to null block: description=configuration tf_req_id=719d6ed1-99c7-1b78-aebb-86777454380e @module=sdk.framework tf_attribute_path=auth_login_gcp tf_mux_provider="*proto5server.Server" tf_provider_addr=registry.terraform.io/hashicorp/vault tf_rpc=PrepareProviderConfig @caller=github.com/hashicorp/terraform-plugin-framework@v1.19.0/internal/fwschemadata/data_nullify_collection_blocks.go:91 timestamp="2026-07-07T23:34:22.330+0800"
2026-07-07T23:34:22.331+0800 [TRACE] provider.terraform-provider-vault_v5.10.1_x5: Transforming empty block to null block: tf_rpc=PrepareProviderConfig @caller=github.com/hashicorp/terraform-plugin-framework@v1.19.0/internal/fwschemadata/data_nullify_collection_blocks.go:91 @module=sdk.framework description=configuration tf_attribute_path=client_auth tf_mux_provider="*proto5server.Server" tf_provider_addr=registry.terraform.io/hashicorp/vault tf_req_id=719d6ed1-99c7-1b78-aebb-86777454380e timestamp="2026-07-07T23:34:22.331+0800"
2026-07-07T23:34:22.331+0800 [TRACE] provider.terraform-provider-vault_v5.10.1_x5: Calling provider defined validator.String: description="must be a valid semantic version" tf_provider_addr=registry.terraform.io/hashicorp/vault tf_req_id=719d6ed1-99c7-1b78-aebb-86777454380e tf_attribute_path=vault_version_override tf_mux_provider="*proto5server.Server" tf_rpc=PrepareProviderConfig @caller=github.com/hashicorp/terraform-plugin-framework@v1.19.0/internal/fwserver/attribute_validation.go:908 @module=sdk.framework timestamp="2026-07-07T23:34:22.331+0800"
2026-07-07T23:34:22.331+0800 [TRACE] provider.terraform-provider-vault_v5.10.1_x5: Transforming empty block to null block: tf_attribute_path=client_auth tf_mux_provider="*proto5server.Server" tf_provider_addr=registry.terraform.io/hashicorp/vault tf_req_id=f04c4e82-03c7-6c70-9efa-e5f84839e927 @module=sdk.framework description=configuration tf_rpc=PrepareProviderConfig @caller=github.com/hashicorp/terraform-plugin-framework@v1.19.0/internal/fwschemadata/data_nullify_collection_blocks.go:91 timestamp="2026-07-07T23:34:22.330+0800"
2026-07-07T23:34:22.331+0800 [TRACE] provider.terraform-provider-vault_v5.10.1_x5: Transforming empty block to null block: tf_mux_provider="*proto5server.Server" tf_provider_addr=registry.terraform.io/hashicorp/vault tf_req_id=f04c4e82-03c7-6c70-9efa-e5f84839e927 @caller=github.com/hashicorp/terraform-plugin-framework@v1.19.0/internal/fwschemadata/data_nullify_collection_blocks.go:91 description=configuration tf_attribute_path=auth_login_userpass tf_rpc=PrepareProviderConfig @module=sdk.framework timestamp="2026-07-07T23:34:22.330+0800"
2026-07-07T23:34:22.331+0800 [TRACE] provider.terraform-provider-vault_v5.10.1_x5: Called provider defined validator.String: tf_attribute_path=vault_version_override tf_mux_provider="*proto5server.Server" @module=sdk.framework description="must be a valid semantic version" tf_provider_addr=registry.terraform.io/hashicorp/vault tf_req_id=719d6ed1-99c7-1b78-aebb-86777454380e tf_rpc=PrepareProviderConfig @caller=github.com/hashicorp/terraform-plugin-framework@v1.19.0/internal/fwserver/attribute_validation.go:918 timestamp="2026-07-07T23:34:22.331+0800"
2026-07-07T23:34:22.331+0800 [TRACE] provider.terraform-provider-vault_v5.10.1_x5: Type implements TypeWithValidate: tf_req_id=719d6ed1-99c7-1b78-aebb-86777454380e tf_attribute_path=max_lease_ttl_seconds tf_provider_addr=registry.terraform.io/hashicorp/vault tf_rpc=PrepareProviderConfig @caller=github.com/hashicorp/terraform-plugin-framework@v1.19.0/internal/fwschemadata/data_value.go:116 @module=sdk.framework tf_mux_provider="*proto5server.Server" timestamp="2026-07-07T23:34:22.331+0800"
2026-07-07T23:34:22.331+0800 [TRACE] provider.terraform-provider-vault_v5.10.1_x5: Calling provider defined Type Validate: tf_mux_provider="*proto5server.Server" tf_provider_addr=registry.terraform.io/hashicorp/vault tf_rpc=PrepareProviderConfig @caller=github.com/hashicorp/terraform-plugin-framework@v1.19.0/internal/fwschemadata/data_value.go:117 tf_req_id=719d6ed1-99c7-1b78-aebb-86777454380e @module=sdk.framework tf_attribute_path=max_lease_ttl_seconds timestamp="2026-07-07T23:34:22.331+0800"
2026-07-07T23:34:22.331+0800 [TRACE] provider.terraform-provider-vault_v5.10.1_x5: Transforming empty block to null block: @module=sdk.framework tf_attribute_path=auth_login_aws tf_req_id=f04c4e82-03c7-6c70-9efa-e5f84839e927 tf_rpc=PrepareProviderConfig @caller=github.com/hashicorp/terraform-plugin-framework@v1.19.0/internal/fwschemadata/data_nullify_collection_blocks.go:91 description=configuration tf_mux_provider="*proto5server.Server" tf_provider_addr=registry.terraform.io/hashicorp/vault timestamp="2026-07-07T23:34:22.330+0800"
2026-07-07T23:34:22.331+0800 [TRACE] provider.terraform-provider-vault_v5.10.1_x5: Called provider defined Type Validate: tf_attribute_path=max_lease_ttl_seconds @caller=github.com/hashicorp/terraform-plugin-framework@v1.19.0/internal/fwschemadata/data_value.go:121 @module=sdk.framework tf_mux_provider="*proto5server.Server" tf_provider_addr=registry.terraform.io/hashicorp/vault tf_req_id=719d6ed1-99c7-1b78-aebb-86777454380e tf_rpc=PrepareProviderConfig timestamp="2026-07-07T23:34:22.331+0800"
2026-07-07T23:34:22.331+0800 [TRACE] provider.terraform-provider-vault_v5.10.1_x5: Transforming empty block to null block: @caller=github.com/hashicorp/terraform-plugin-framework@v1.19.0/internal/fwschemadata/data_nullify_collection_blocks.go:91 @module=sdk.framework description=configuration tf_provider_addr=registry.terraform.io/hashicorp/vault tf_rpc=PrepareProviderConfig tf_attribute_path=auth_login_jwt tf_mux_provider="*proto5server.Server" tf_req_id=f04c4e82-03c7-6c70-9efa-e5f84839e927 timestamp="2026-07-07T23:34:22.330+0800"
2026-07-07T23:34:22.331+0800 [TRACE] provider.terraform-provider-vault_v5.10.1_x5: Type implements TypeWithValidate: tf_rpc=PrepareProviderConfig @caller=github.com/hashicorp/terraform-plugin-framework@v1.19.0/internal/fwschemadata/data_value.go:116 @module=sdk.framework tf_attribute_path=max_retries tf_mux_provider="*proto5server.Server" tf_provider_addr=registry.terraform.io/hashicorp/vault tf_req_id=719d6ed1-99c7-1b78-aebb-86777454380e timestamp="2026-07-07T23:34:22.331+0800"
2026-07-07T23:34:22.331+0800 [TRACE] provider.terraform-provider-vault_v5.10.1_x5: Transforming empty block to null block: @module=sdk.framework tf_attribute_path=auth_login_oci tf_rpc=PrepareProviderConfig @caller=github.com/hashicorp/terraform-plugin-framework@v1.19.0/internal/fwschemadata/data_nullify_collection_blocks.go:91 description=configuration tf_mux_provider="*proto5server.Server" tf_provider_addr=registry.terraform.io/hashicorp/vault tf_req_id=f04c4e82-03c7-6c70-9efa-e5f84839e927 timestamp="2026-07-07T23:34:22.330+0800"
2026-07-07T23:34:22.331+0800 [TRACE] provider.terraform-provider-vault_v5.10.1_x5: Calling provider defined Type Validate: tf_req_id=719d6ed1-99c7-1b78-aebb-86777454380e @caller=github.com/hashicorp/terraform-plugin-framework@v1.19.0/internal/fwschemadata/data_value.go:117 tf_mux_provider="*proto5server.Server" tf_rpc=PrepareProviderConfig @module=sdk.framework tf_attribute_path=max_retries tf_provider_addr=registry.terraform.io/hashicorp/vault timestamp="2026-07-07T23:34:22.331+0800"
2026-07-07T23:34:22.331+0800 [TRACE] provider.terraform-provider-vault_v5.10.1_x5: Transforming empty block to null block: tf_attribute_path=auth_login_oidc tf_mux_provider="*proto5server.Server" tf_rpc=PrepareProviderConfig @caller=github.com/hashicorp/terraform-plugin-framework@v1.19.0/internal/fwschemadata/data_nullify_collection_blocks.go:91 @module=sdk.framework description=configuration tf_provider_addr=registry.terraform.io/hashicorp/vault tf_req_id=f04c4e82-03c7-6c70-9efa-e5f84839e927 timestamp="2026-07-07T23:34:22.331+0800"
2026-07-07T23:34:22.331+0800 [TRACE] provider.terraform-provider-vault_v5.10.1_x5: Called provider defined Type Validate: @caller=github.com/hashicorp/terraform-plugin-framework@v1.19.0/internal/fwschemadata/data_value.go:121 @module=sdk.framework tf_attribute_path=max_retries tf_rpc=PrepareProviderConfig tf_mux_provider="*proto5server.Server" tf_provider_addr=registry.terraform.io/hashicorp/vault tf_req_id=719d6ed1-99c7-1b78-aebb-86777454380e timestamp="2026-07-07T23:34:22.331+0800"
2026-07-07T23:34:22.331+0800 [TRACE] provider.terraform-provider-vault_v5.10.1_x5: Type implements TypeWithValidate: tf_rpc=PrepareProviderConfig @caller=github.com/hashicorp/terraform-plugin-framework@v1.19.0/internal/fwschemadata/data_value.go:116 tf_attribute_path=max_retries_ccc tf_provider_addr=registry.terraform.io/hashicorp/vault @module=sdk.framework tf_mux_provider="*proto5server.Server" tf_req_id=719d6ed1-99c7-1b78-aebb-86777454380e timestamp="2026-07-07T23:34:22.331+0800"
2026-07-07T23:34:22.331+0800 [TRACE] provider.terraform-provider-vault_v5.10.1_x5: Calling provider defined Type Validate: @module=sdk.framework tf_attribute_path=max_retries_ccc tf_mux_provider="*proto5server.Server" tf_provider_addr=registry.terraform.io/hashicorp/vault tf_req_id=719d6ed1-99c7-1b78-aebb-86777454380e @caller=github.com/hashicorp/terraform-plugin-framework@v1.19.0/internal/fwschemadata/data_value.go:117 tf_rpc=PrepareProviderConfig timestamp="2026-07-07T23:34:22.331+0800"
2026-07-07T23:34:22.331+0800 [TRACE] provider.terraform-provider-vault_v5.10.1_x5: Calling provider defined validator.String: description="must be a valid semantic version" tf_attribute_path=vault_version_override tf_mux_provider="*proto5server.Server" tf_req_id=f04c4e82-03c7-6c70-9efa-e5f84839e927 @module=sdk.framework tf_provider_addr=registry.terraform.io/hashicorp/vault tf_rpc=PrepareProviderConfig @caller=github.com/hashicorp/terraform-plugin-framework@v1.19.0/internal/fwserver/attribute_validation.go:908 timestamp="2026-07-07T23:34:22.331+0800"
2026-07-07T23:34:22.331+0800 [TRACE] provider.terraform-provider-vault_v5.10.1_x5: Called provider defined Type Validate: tf_mux_provider="*proto5server.Server" tf_req_id=719d6ed1-99c7-1b78-aebb-86777454380e @caller=github.com/hashicorp/terraform-plugin-framework@v1.19.0/internal/fwschemadata/data_value.go:121 @module=sdk.framework tf_attribute_path=max_retries_ccc tf_provider_addr=registry.terraform.io/hashicorp/vault tf_rpc=PrepareProviderConfig timestamp="2026-07-07T23:34:22.331+0800"
2026-07-07T23:34:22.331+0800 [TRACE] provider.terraform-provider-vault_v5.10.1_x5: Called provider defined validator.String: @caller=github.com/hashicorp/terraform-plugin-framework@v1.19.0/internal/fwserver/attribute_validation.go:918 @module=sdk.framework description="must be a valid semantic version" tf_mux_provider="*proto5server.Server" tf_req_id=f04c4e82-03c7-6c70-9efa-e5f84839e927 tf_attribute_path=vault_version_override tf_provider_addr=registry.terraform.io/hashicorp/vault tf_rpc=PrepareProviderConfig timestamp="2026-07-07T23:34:22.331+0800"
2026-07-07T23:34:22.331+0800 [TRACE] provider.terraform-provider-vault_v5.10.1_x5: Type implements TypeWithValidate: tf_rpc=PrepareProviderConfig @module=sdk.framework tf_mux_provider="*proto5server.Server" tf_provider_addr=registry.terraform.io/hashicorp/vault tf_req_id=719d6ed1-99c7-1b78-aebb-86777454380e @caller=github.com/hashicorp/terraform-plugin-framework@v1.19.0/internal/fwschemadata/data_value.go:116 timestamp="2026-07-07T23:34:22.331+0800"
2026-07-07T23:34:22.331+0800 [TRACE] provider.terraform-provider-vault_v5.10.1_x5: Type implements TypeWithValidate: tf_provider_addr=registry.terraform.io/hashicorp/vault tf_req_id=f04c4e82-03c7-6c70-9efa-e5f84839e927 tf_mux_provider="*proto5server.Server" tf_rpc=PrepareProviderConfig @caller=github.com/hashicorp/terraform-plugin-framework@v1.19.0/internal/fwschemadata/data_value.go:116 @module=sdk.framework tf_attribute_path=max_lease_ttl_seconds timestamp="2026-07-07T23:34:22.331+0800"
2026-07-07T23:34:22.331+0800 [TRACE] provider.terraform-provider-vault_v5.10.1_x5: Calling provider defined Type Validate: @caller=github.com/hashicorp/terraform-plugin-framework@v1.19.0/internal/fwschemadata/data_value.go:117 @module=sdk.framework tf_mux_provider="*proto5server.Server" tf_req_id=719d6ed1-99c7-1b78-aebb-86777454380e tf_rpc=PrepareProviderConfig tf_provider_addr=registry.terraform.io/hashicorp/vault timestamp="2026-07-07T23:34:22.331+0800"
2026-07-07T23:34:22.331+0800 [TRACE] provider.terraform-provider-vault_v5.10.1_x5: Calling provider defined Type Validate: tf_attribute_path=max_lease_ttl_seconds tf_mux_provider="*proto5server.Server" tf_provider_addr=registry.terraform.io/hashicorp/vault tf_req_id=f04c4e82-03c7-6c70-9efa-e5f84839e927 @caller=github.com/hashicorp/terraform-plugin-framework@v1.19.0/internal/fwschemadata/data_value.go:117 tf_rpc=PrepareProviderConfig @module=sdk.framework timestamp="2026-07-07T23:34:22.331+0800"
2026-07-07T23:34:22.331+0800 [TRACE] provider.terraform-provider-vault_v5.10.1_x5: Called provider defined Type Validate: @caller=github.com/hashicorp/terraform-plugin-framework@v1.19.0/internal/fwschemadata/data_value.go:121 @module=sdk.framework tf_mux_provider="*proto5server.Server" tf_rpc=PrepareProviderConfig tf_provider_addr=registry.terraform.io/hashicorp/vault tf_req_id=719d6ed1-99c7-1b78-aebb-86777454380e timestamp="2026-07-07T23:34:22.331+0800"
2026-07-07T23:34:22.331+0800 [TRACE] provider.terraform-provider-vault_v5.10.1_x5: Called provider defined Type Validate: @caller=github.com/hashicorp/terraform-plugin-framework@v1.19.0/internal/fwschemadata/data_value.go:121 @module=sdk.framework tf_mux_provider="*proto5server.Server" tf_provider_addr=registry.terraform.io/hashicorp/vault tf_req_id=f04c4e82-03c7-6c70-9efa-e5f84839e927 tf_rpc=PrepareProviderConfig tf_attribute_path=max_lease_ttl_seconds timestamp="2026-07-07T23:34:22.331+0800"
2026-07-07T23:34:22.331+0800 [TRACE] provider.terraform-provider-vault_v5.10.1_x5: Type implements TypeWithValidate: @module=sdk.framework tf_mux_provider="*proto5server.Server" tf_provider_addr=registry.terraform.io/hashicorp/vault tf_req_id=719d6ed1-99c7-1b78-aebb-86777454380e tf_rpc=PrepareProviderConfig @caller=github.com/hashicorp/terraform-plugin-framework@v1.19.0/internal/fwschemadata/data_value.go:116 timestamp="2026-07-07T23:34:22.331+0800"
2026-07-07T23:34:22.331+0800 [TRACE] provider.terraform-provider-vault_v5.10.1_x5: Type implements TypeWithValidate: @caller=github.com/hashicorp/terraform-plugin-framework@v1.19.0/internal/fwschemadata/data_value.go:116 @module=sdk.framework tf_provider_addr=registry.terraform.io/hashicorp/vault tf_req_id=f04c4e82-03c7-6c70-9efa-e5f84839e927 tf_rpc=PrepareProviderConfig tf_attribute_path=max_retries tf_mux_provider="*proto5server.Server" timestamp="2026-07-07T23:34:22.331+0800"
2026-07-07T23:34:22.331+0800 [TRACE] provider.terraform-provider-vault_v5.10.1_x5: Calling provider defined Type Validate: @caller=github.com/hashicorp/terraform-plugin-framework@v1.19.0/internal/fwschemadata/data_value.go:117 tf_mux_provider="*proto5server.Server" tf_provider_addr=registry.terraform.io/hashicorp/vault tf_req_id=719d6ed1-99c7-1b78-aebb-86777454380e tf_rpc=PrepareProviderConfig @module=sdk.framework timestamp="2026-07-07T23:34:22.331+0800"
2026-07-07T23:34:22.331+0800 [TRACE] provider.terraform-provider-vault_v5.10.1_x5: Calling provider defined Type Validate: tf_provider_addr=registry.terraform.io/hashicorp/vault tf_req_id=f04c4e82-03c7-6c70-9efa-e5f84839e927 tf_mux_provider="*proto5server.Server" tf_rpc=PrepareProviderConfig @caller=github.com/hashicorp/terraform-plugin-framework@v1.19.0/internal/fwschemadata/data_value.go:117 @module=sdk.framework tf_attribute_path=max_retries timestamp="2026-07-07T23:34:22.331+0800"
2026-07-07T23:34:22.331+0800 [TRACE] provider.terraform-provider-vault_v5.10.1_x5: Called provider defined Type Validate: tf_mux_provider="*proto5server.Server" tf_provider_addr=registry.terraform.io/hashicorp/vault tf_req_id=719d6ed1-99c7-1b78-aebb-86777454380e @caller=github.com/hashicorp/terraform-plugin-framework@v1.19.0/internal/fwschemadata/data_value.go:121 @module=sdk.framework tf_rpc=PrepareProviderConfig timestamp="2026-07-07T23:34:22.331+0800"
2026-07-07T23:34:22.331+0800 [TRACE] provider.terraform-provider-vault_v5.10.1_x5: Called provider defined Type Validate: @caller=github.com/hashicorp/terraform-plugin-framework@v1.19.0/internal/fwschemadata/data_value.go:121 @module=sdk.framework tf_attribute_path=max_retries tf_mux_provider="*proto5server.Server" tf_rpc=PrepareProviderConfig tf_provider_addr=registry.terraform.io/hashicorp/vault tf_req_id=f04c4e82-03c7-6c70-9efa-e5f84839e927 timestamp="2026-07-07T23:34:22.331+0800"
2026-07-07T23:34:22.331+0800 [TRACE] provider.terraform-provider-vault_v5.10.1_x5: Type implements TypeWithValidate: @caller=github.com/hashicorp/terraform-plugin-framework@v1.19.0/internal/fwschemadata/data_value.go:116 tf_mux_provider="*proto5server.Server" @module=sdk.framework tf_provider_addr=registry.terraform.io/hashicorp/vault tf_req_id=719d6ed1-99c7-1b78-aebb-86777454380e tf_rpc=PrepareProviderConfig timestamp="2026-07-07T23:34:22.331+0800"
2026-07-07T23:34:22.331+0800 [TRACE] provider.terraform-provider-vault_v5.10.1_x5: Type implements TypeWithValidate: tf_attribute_path=max_retries_ccc tf_mux_provider="*proto5server.Server" tf_provider_addr=registry.terraform.io/hashicorp/vault tf_rpc=PrepareProviderConfig @caller=github.com/hashicorp/terraform-plugin-framework@v1.19.0/internal/fwschemadata/data_value.go:116 @module=sdk.framework tf_req_id=f04c4e82-03c7-6c70-9efa-e5f84839e927 timestamp="2026-07-07T23:34:22.331+0800"
2026-07-07T23:34:22.331+0800 [TRACE] provider.terraform-provider-vault_v5.10.1_x5: Calling provider defined Type Validate: @caller=github.com/hashicorp/terraform-plugin-framework@v1.19.0/internal/fwschemadata/data_value.go:117 tf_mux_provider="*proto5server.Server" tf_rpc=PrepareProviderConfig @module=sdk.framework tf_provider_addr=registry.terraform.io/hashicorp/vault tf_req_id=719d6ed1-99c7-1b78-aebb-86777454380e timestamp="2026-07-07T23:34:22.331+0800"
2026-07-07T23:34:22.331+0800 [TRACE] provider.terraform-provider-vault_v5.10.1_x5: Calling provider defined Type Validate: @caller=github.com/hashicorp/terraform-plugin-framework@v1.19.0/internal/fwschemadata/data_value.go:117 @module=sdk.framework tf_attribute_path=max_retries_ccc tf_mux_provider="*proto5server.Server" tf_provider_addr=registry.terraform.io/hashicorp/vault tf_rpc=PrepareProviderConfig tf_req_id=f04c4e82-03c7-6c70-9efa-e5f84839e927 timestamp="2026-07-07T23:34:22.331+0800"
2026-07-07T23:34:22.331+0800 [TRACE] provider.terraform-provider-vault_v5.10.1_x5: Called provider defined Type Validate: @module=sdk.framework tf_provider_addr=registry.terraform.io/hashicorp/vault tf_rpc=PrepareProviderConfig @caller=github.com/hashicorp/terraform-plugin-framework@v1.19.0/internal/fwschemadata/data_value.go:121 tf_mux_provider="*proto5server.Server" tf_req_id=719d6ed1-99c7-1b78-aebb-86777454380e timestamp="2026-07-07T23:34:22.331+0800"
2026-07-07T23:34:22.331+0800 [TRACE] provider.terraform-provider-vault_v5.10.1_x5: Called provider defined Type Validate: @caller=github.com/hashicorp/terraform-plugin-framework@v1.19.0/internal/fwschemadata/data_value.go:121 tf_attribute_path=max_retries_ccc tf_mux_provider="*proto5server.Server" tf_req_id=f04c4e82-03c7-6c70-9efa-e5f84839e927 @module=sdk.framework tf_provider_addr=registry.terraform.io/hashicorp/vault tf_rpc=PrepareProviderConfig timestamp="2026-07-07T23:34:22.331+0800"
2026-07-07T23:34:22.331+0800 [TRACE] provider.terraform-provider-vault_v5.10.1_x5: Type implements TypeWithValidate: @module=sdk.framework tf_mux_provider="*proto5server.Server" tf_provider_addr=registry.terraform.io/hashicorp/vault tf_req_id=f04c4e82-03c7-6c70-9efa-e5f84839e927 tf_rpc=PrepareProviderConfig @caller=github.com/hashicorp/terraform-plugin-framework@v1.19.0/internal/fwschemadata/data_value.go:116 timestamp="2026-07-07T23:34:22.331+0800"
2026-07-07T23:34:22.331+0800 [TRACE] provider.terraform-provider-vault_v5.10.1_x5: Calling provider defined Type Validate: tf_provider_addr=registry.terraform.io/hashicorp/vault tf_req_id=f04c4e82-03c7-6c70-9efa-e5f84839e927 @caller=github.com/hashicorp/terraform-plugin-framework@v1.19.0/internal/fwschemadata/data_value.go:117 @module=sdk.framework tf_mux_provider="*proto5server.Server" tf_rpc=PrepareProviderConfig timestamp="2026-07-07T23:34:22.331+0800"
2026-07-07T23:34:22.331+0800 [TRACE] provider.terraform-provider-vault_v5.10.1_x5: Called provider defined Type Validate: tf_mux_provider="*proto5server.Server" tf_rpc=PrepareProviderConfig @module=sdk.framework tf_provider_addr=registry.terraform.io/hashicorp/vault tf_req_id=f04c4e82-03c7-6c70-9efa-e5f84839e927 @caller=github.com/hashicorp/terraform-plugin-framework@v1.19.0/internal/fwschemadata/data_value.go:121 timestamp="2026-07-07T23:34:22.331+0800"
2026-07-07T23:34:22.331+0800 [TRACE] provider.terraform-provider-vault_v5.10.1_x5: Type implements TypeWithValidate: tf_mux_provider="*proto5server.Server" tf_req_id=719d6ed1-99c7-1b78-aebb-86777454380e @module=sdk.framework tf_provider_addr=registry.terraform.io/hashicorp/vault tf_rpc=PrepareProviderConfig @caller=github.com/hashicorp/terraform-plugin-framework@v1.19.0/internal/fwschemadata/data_value.go:116 timestamp="2026-07-07T23:34:22.331+0800"
2026-07-07T23:34:22.331+0800 [TRACE] provider.terraform-provider-vault_v5.10.1_x5: Type implements TypeWithValidate: @caller=github.com/hashicorp/terraform-plugin-framework@v1.19.0/internal/fwschemadata/data_value.go:116 tf_provider_addr=registry.terraform.io/hashicorp/vault tf_rpc=PrepareProviderConfig @module=sdk.framework tf_mux_provider="*proto5server.Server" tf_req_id=f04c4e82-03c7-6c70-9efa-e5f84839e927 timestamp="2026-07-07T23:34:22.331+0800"
2026-07-07T23:34:22.331+0800 [TRACE] provider.terraform-provider-vault_v5.10.1_x5: Calling provider defined Type Validate: tf_mux_provider="*proto5server.Server" tf_req_id=f04c4e82-03c7-6c70-9efa-e5f84839e927 tf_rpc=PrepareProviderConfig @caller=github.com/hashicorp/terraform-plugin-framework@v1.19.0/internal/fwschemadata/data_value.go:117 @module=sdk.framework tf_provider_addr=registry.terraform.io/hashicorp/vault timestamp="2026-07-07T23:34:22.331+0800"
2026-07-07T23:34:22.331+0800 [TRACE] provider.terraform-provider-vault_v5.10.1_x5: Called provider defined Type Validate: @caller=github.com/hashicorp/terraform-plugin-framework@v1.19.0/internal/fwschemadata/data_value.go:121 @module=sdk.framework tf_mux_provider="*proto5server.Server" tf_rpc=PrepareProviderConfig tf_provider_addr=registry.terraform.io/hashicorp/vault tf_req_id=f04c4e82-03c7-6c70-9efa-e5f84839e927 timestamp="2026-07-07T23:34:22.331+0800"
2026-07-07T23:34:22.331+0800 [TRACE] provider.terraform-provider-vault_v5.10.1_x5: Calling provider defined Type Validate: tf_mux_provider="*proto5server.Server" tf_rpc=PrepareProviderConfig @caller=github.com/hashicorp/terraform-plugin-framework@v1.19.0/internal/fwschemadata/data_value.go:117 @module=sdk.framework tf_provider_addr=registry.terraform.io/hashicorp/vault tf_req_id=719d6ed1-99c7-1b78-aebb-86777454380e timestamp="2026-07-07T23:34:22.331+0800"
2026-07-07T23:34:22.331+0800 [TRACE] provider.terraform-provider-vault_v5.10.1_x5: Type implements TypeWithValidate: @caller=github.com/hashicorp/terraform-plugin-framework@v1.19.0/internal/fwschemadata/data_value.go:116 tf_provider_addr=registry.terraform.io/hashicorp/vault tf_req_id=f04c4e82-03c7-6c70-9efa-e5f84839e927 tf_rpc=PrepareProviderConfig @module=sdk.framework tf_mux_provider="*proto5server.Server" timestamp="2026-07-07T23:34:22.331+0800"
2026-07-07T23:34:22.331+0800 [TRACE] provider.terraform-provider-vault_v5.10.1_x5: Calling provider defined Type Validate: @module=sdk.framework tf_mux_provider="*proto5server.Server" tf_req_id=f04c4e82-03c7-6c70-9efa-e5f84839e927 tf_rpc=PrepareProviderConfig @caller=github.com/hashicorp/terraform-plugin-framework@v1.19.0/internal/fwschemadata/data_value.go:117 tf_provider_addr=registry.terraform.io/hashicorp/vault timestamp="2026-07-07T23:34:22.331+0800"
2026-07-07T23:34:22.331+0800 [TRACE] provider.terraform-provider-vault_v5.10.1_x5: Called provider defined Type Validate: tf_mux_provider="*proto5server.Server" tf_provider_addr=registry.terraform.io/hashicorp/vault tf_req_id=f04c4e82-03c7-6c70-9efa-e5f84839e927 tf_rpc=PrepareProviderConfig @caller=github.com/hashicorp/terraform-plugin-framework@v1.19.0/internal/fwschemadata/data_value.go:121 @module=sdk.framework timestamp="2026-07-07T23:34:22.331+0800"
2026-07-07T23:34:22.331+0800 [TRACE] provider.terraform-provider-vault_v5.10.1_x5: Called provider defined Type Validate: @caller=github.com/hashicorp/terraform-plugin-framework@v1.19.0/internal/fwschemadata/data_value.go:121 @module=sdk.framework tf_provider_addr=registry.terraform.io/hashicorp/vault tf_mux_provider="*proto5server.Server" tf_req_id=719d6ed1-99c7-1b78-aebb-86777454380e tf_rpc=PrepareProviderConfig timestamp="2026-07-07T23:34:22.331+0800"
2026-07-07T23:34:22.331+0800 [TRACE] provider.terraform-provider-vault_v5.10.1_x5: Type implements TypeWithValidate: @caller=github.com/hashicorp/terraform-plugin-framework@v1.19.0/internal/fwschemadata/data_value.go:116 tf_provider_addr=registry.terraform.io/hashicorp/vault tf_req_id=719d6ed1-99c7-1b78-aebb-86777454380e @module=sdk.framework tf_mux_provider="*proto5server.Server" tf_rpc=PrepareProviderConfig timestamp="2026-07-07T23:34:22.331+0800"
2026-07-07T23:34:22.331+0800 [TRACE] provider.terraform-provider-vault_v5.10.1_x5: Type implements TypeWithValidate: tf_provider_addr=registry.terraform.io/hashicorp/vault @caller=github.com/hashicorp/terraform-plugin-framework@v1.19.0/internal/fwschemadata/data_value.go:116 tf_req_id=f04c4e82-03c7-6c70-9efa-e5f84839e927 tf_rpc=PrepareProviderConfig @module=sdk.framework tf_mux_provider="*proto5server.Server" timestamp="2026-07-07T23:34:22.331+0800"
2026-07-07T23:34:22.331+0800 [TRACE] provider.terraform-provider-vault_v5.10.1_x5: Calling provider defined Type Validate: tf_req_id=f04c4e82-03c7-6c70-9efa-e5f84839e927 @module=sdk.framework tf_provider_addr=registry.terraform.io/hashicorp/vault tf_rpc=PrepareProviderConfig @caller=github.com/hashicorp/terraform-plugin-framework@v1.19.0/internal/fwschemadata/data_value.go:117 tf_mux_provider="*proto5server.Server" timestamp="2026-07-07T23:34:22.331+0800"
2026-07-07T23:34:22.331+0800 [TRACE] provider.terraform-provider-vault_v5.10.1_x5: Called provider defined Type Validate: tf_provider_addr=registry.terraform.io/hashicorp/vault tf_req_id=f04c4e82-03c7-6c70-9efa-e5f84839e927 tf_rpc=PrepareProviderConfig @caller=github.com/hashicorp/terraform-plugin-framework@v1.19.0/internal/fwschemadata/data_value.go:121 @module=sdk.framework tf_mux_provider="*proto5server.Server" timestamp="2026-07-07T23:34:22.331+0800"
2026-07-07T23:34:22.331+0800 [TRACE] provider.terraform-provider-vault_v5.10.1_x5: Type implements TypeWithValidate: tf_req_id=f04c4e82-03c7-6c70-9efa-e5f84839e927 @module=sdk.framework tf_mux_provider="*proto5server.Server" tf_provider_addr=registry.terraform.io/hashicorp/vault tf_rpc=PrepareProviderConfig @caller=github.com/hashicorp/terraform-plugin-framework@v1.19.0/internal/fwschemadata/data_value.go:116 timestamp="2026-07-07T23:34:22.331+0800"
2026-07-07T23:34:22.331+0800 [TRACE] provider.terraform-provider-vault_v5.10.1_x5: Calling provider defined Type Validate: @module=sdk.framework tf_rpc=PrepareProviderConfig @caller=github.com/hashicorp/terraform-plugin-framework@v1.19.0/internal/fwschemadata/data_value.go:117 tf_mux_provider="*proto5server.Server" tf_provider_addr=registry.terraform.io/hashicorp/vault tf_req_id=719d6ed1-99c7-1b78-aebb-86777454380e timestamp="2026-07-07T23:34:22.331+0800"
2026-07-07T23:34:22.331+0800 [TRACE] provider.terraform-provider-vault_v5.10.1_x5: Calling provider defined Type Validate: @caller=github.com/hashicorp/terraform-plugin-framework@v1.19.0/internal/fwschemadata/data_value.go:117 tf_mux_provider="*proto5server.Server" tf_provider_addr=registry.terraform.io/hashicorp/vault @module=sdk.framework tf_req_id=f04c4e82-03c7-6c70-9efa-e5f84839e927 tf_rpc=PrepareProviderConfig timestamp="2026-07-07T23:34:22.331+0800"
2026-07-07T23:34:22.331+0800 [TRACE] provider.terraform-provider-vault_v5.10.1_x5: Called provider defined Type Validate: tf_rpc=PrepareProviderConfig @caller=github.com/hashicorp/terraform-plugin-framework@v1.19.0/internal/fwschemadata/data_value.go:121 @module=sdk.framework tf_mux_provider="*proto5server.Server" tf_req_id=f04c4e82-03c7-6c70-9efa-e5f84839e927 tf_provider_addr=registry.terraform.io/hashicorp/vault timestamp="2026-07-07T23:34:22.331+0800"
2026-07-07T23:34:22.331+0800 [TRACE] provider.terraform-provider-vault_v5.10.1_x5: Called provider defined Type Validate: @module=sdk.framework tf_mux_provider="*proto5server.Server" tf_req_id=719d6ed1-99c7-1b78-aebb-86777454380e @caller=github.com/hashicorp/terraform-plugin-framework@v1.19.0/internal/fwschemadata/data_value.go:121 tf_provider_addr=registry.terraform.io/hashicorp/vault tf_rpc=PrepareProviderConfig timestamp="2026-07-07T23:34:22.331+0800"
2026-07-07T23:34:22.331+0800 [TRACE] provider.terraform-provider-vault_v5.10.1_x5: Type implements TypeWithValidate: @caller=github.com/hashicorp/terraform-plugin-framework@v1.19.0/internal/fwschemadata/data_value.go:116 tf_mux_provider="*proto5server.Server" tf_provider_addr=registry.terraform.io/hashicorp/vault @module=sdk.framework tf_req_id=f04c4e82-03c7-6c70-9efa-e5f84839e927 tf_rpc=PrepareProviderConfig timestamp="2026-07-07T23:34:22.331+0800"
2026-07-07T23:34:22.331+0800 [TRACE] provider.terraform-provider-vault_v5.10.1_x5: Type implements TypeWithValidate: tf_mux_provider="*proto5server.Server" tf_provider_addr=registry.terraform.io/hashicorp/vault tf_rpc=PrepareProviderConfig tf_req_id=719d6ed1-99c7-1b78-aebb-86777454380e @caller=github.com/hashicorp/terraform-plugin-framework@v1.19.0/internal/fwschemadata/data_value.go:116 @module=sdk.framework timestamp="2026-07-07T23:34:22.331+0800"
2026-07-07T23:34:22.331+0800 [TRACE] provider.terraform-provider-vault_v5.10.1_x5: Calling provider defined Type Validate: @module=sdk.framework tf_mux_provider="*proto5server.Server" tf_provider_addr=registry.terraform.io/hashicorp/vault tf_rpc=PrepareProviderConfig @caller=github.com/hashicorp/terraform-plugin-framework@v1.19.0/internal/fwschemadata/data_value.go:117 tf_req_id=f04c4e82-03c7-6c70-9efa-e5f84839e927 timestamp="2026-07-07T23:34:22.331+0800"
2026-07-07T23:34:22.331+0800 [TRACE] provider.terraform-provider-vault_v5.10.1_x5: Calling provider defined Type Validate: @module=sdk.framework tf_mux_provider="*proto5server.Server" tf_req_id=719d6ed1-99c7-1b78-aebb-86777454380e @caller=github.com/hashicorp/terraform-plugin-framework@v1.19.0/internal/fwschemadata/data_value.go:117 tf_provider_addr=registry.terraform.io/hashicorp/vault tf_rpc=PrepareProviderConfig timestamp="2026-07-07T23:34:22.331+0800"
2026-07-07T23:34:22.331+0800 [TRACE] provider.terraform-provider-vault_v5.10.1_x5: Called provider defined Type Validate: tf_req_id=f04c4e82-03c7-6c70-9efa-e5f84839e927 @caller=github.com/hashicorp/terraform-plugin-framework@v1.19.0/internal/fwschemadata/data_value.go:121 @module=sdk.framework tf_mux_provider="*proto5server.Server" tf_rpc=PrepareProviderConfig tf_provider_addr=registry.terraform.io/hashicorp/vault timestamp="2026-07-07T23:34:22.331+0800"
2026-07-07T23:34:22.331+0800 [TRACE] provider.terraform-provider-vault_v5.10.1_x5: Called provider defined Type Validate: tf_mux_provider="*proto5server.Server" tf_rpc=PrepareProviderConfig @module=sdk.framework tf_provider_addr=registry.terraform.io/hashicorp/vault tf_req_id=719d6ed1-99c7-1b78-aebb-86777454380e @caller=github.com/hashicorp/terraform-plugin-framework@v1.19.0/internal/fwschemadata/data_value.go:121 timestamp="2026-07-07T23:34:22.331+0800"
2026-07-07T23:34:22.331+0800 [TRACE] provider.terraform-provider-vault_v5.10.1_x5: Type implements TypeWithValidate: @caller=github.com/hashicorp/terraform-plugin-framework@v1.19.0/internal/fwschemadata/data_value.go:116 tf_mux_provider="*proto5server.Server" tf_provider_addr=registry.terraform.io/hashicorp/vault tf_req_id=719d6ed1-99c7-1b78-aebb-86777454380e @module=sdk.framework tf_rpc=PrepareProviderConfig timestamp="2026-07-07T23:34:22.331+0800"
2026-07-07T23:34:22.332+0800 [TRACE] provider.terraform-provider-vault_v5.10.1_x5: Calling provider defined Type Validate: tf_rpc=PrepareProviderConfig @module=sdk.framework tf_mux_provider="*proto5server.Server" tf_provider_addr=registry.terraform.io/hashicorp/vault tf_req_id=719d6ed1-99c7-1b78-aebb-86777454380e @caller=github.com/hashicorp/terraform-plugin-framework@v1.19.0/internal/fwschemadata/data_value.go:117 timestamp="2026-07-07T23:34:22.331+0800"
2026-07-07T23:34:22.332+0800 [TRACE] provider.terraform-provider-vault_v5.10.1_x5: Called provider defined Type Validate: tf_req_id=719d6ed1-99c7-1b78-aebb-86777454380e @caller=github.com/hashicorp/terraform-plugin-framework@v1.19.0/internal/fwschemadata/data_value.go:121 @module=sdk.framework tf_mux_provider="*proto5server.Server" tf_provider_addr=registry.terraform.io/hashicorp/vault tf_rpc=PrepareProviderConfig timestamp="2026-07-07T23:34:22.331+0800"
2026-07-07T23:34:22.332+0800 [TRACE] provider.terraform-provider-vault_v5.10.1_x5: Type implements TypeWithValidate: @caller=github.com/hashicorp/terraform-plugin-framework@v1.19.0/internal/fwschemadata/data_value.go:116 tf_mux_provider="*proto5server.Server" tf_req_id=719d6ed1-99c7-1b78-aebb-86777454380e @module=sdk.framework tf_provider_addr=registry.terraform.io/hashicorp/vault tf_rpc=PrepareProviderConfig timestamp="2026-07-07T23:34:22.331+0800"
2026-07-07T23:34:22.332+0800 [TRACE] provider.terraform-provider-vault_v5.10.1_x5: Calling provider defined Type Validate: tf_provider_addr=registry.terraform.io/hashicorp/vault @module=sdk.framework tf_req_id=719d6ed1-99c7-1b78-aebb-86777454380e tf_rpc=PrepareProviderConfig @caller=github.com/hashicorp/terraform-plugin-framework@v1.19.0/internal/fwschemadata/data_value.go:117 tf_mux_provider="*proto5server.Server" timestamp="2026-07-07T23:34:22.331+0800"
2026-07-07T23:34:22.332+0800 [TRACE] provider.terraform-provider-vault_v5.10.1_x5: Called provider defined Type Validate: tf_mux_provider="*proto5server.Server" tf_rpc=PrepareProviderConfig @caller=github.com/hashicorp/terraform-plugin-framework@v1.19.0/internal/fwschemadata/data_value.go:121 @module=sdk.framework tf_provider_addr=registry.terraform.io/hashicorp/vault tf_req_id=719d6ed1-99c7-1b78-aebb-86777454380e timestamp="2026-07-07T23:34:22.331+0800"
2026-07-07T23:34:22.332+0800 [TRACE] provider.terraform-provider-vault_v5.10.1_x5: Type implements TypeWithValidate: tf_req_id=719d6ed1-99c7-1b78-aebb-86777454380e tf_rpc=PrepareProviderConfig @caller=github.com/hashicorp/terraform-plugin-framework@v1.19.0/internal/fwschemadata/data_value.go:116 @module=sdk.framework tf_mux_provider="*proto5server.Server" tf_provider_addr=registry.terraform.io/hashicorp/vault timestamp="2026-07-07T23:34:22.331+0800"
2026-07-07T23:34:22.332+0800 [TRACE] provider.terraform-provider-vault_v5.10.1_x5: Calling provider defined Type Validate: @module=sdk.framework tf_provider_addr=registry.terraform.io/hashicorp/vault tf_req_id=719d6ed1-99c7-1b78-aebb-86777454380e @caller=github.com/hashicorp/terraform-plugin-framework@v1.19.0/internal/fwschemadata/data_value.go:117 tf_mux_provider="*proto5server.Server" tf_rpc=PrepareProviderConfig timestamp="2026-07-07T23:34:22.331+0800"
2026-07-07T23:34:22.332+0800 [TRACE] provider.terraform-provider-vault_v5.10.1_x5: Called provider defined Type Validate: @module=sdk.framework tf_mux_provider="*proto5server.Server" tf_provider_addr=registry.terraform.io/hashicorp/vault tf_rpc=PrepareProviderConfig tf_req_id=719d6ed1-99c7-1b78-aebb-86777454380e @caller=github.com/hashicorp/terraform-plugin-framework@v1.19.0/internal/fwschemadata/data_value.go:121 timestamp="2026-07-07T23:34:22.331+0800"
2026-07-07T23:34:22.332+0800 [TRACE] provider.terraform-provider-vault_v5.10.1_x5: Type implements TypeWithValidate: @module=sdk.framework tf_mux_provider="*proto5server.Server" tf_provider_addr=registry.terraform.io/hashicorp/vault tf_rpc=PrepareProviderConfig @caller=github.com/hashicorp/terraform-plugin-framework@v1.19.0/internal/fwschemadata/data_value.go:116 tf_req_id=719d6ed1-99c7-1b78-aebb-86777454380e timestamp="2026-07-07T23:34:22.331+0800"
2026-07-07T23:34:22.331+0800 [TRACE] provider.terraform-provider-vault_v5.10.1_x5: Type implements TypeWithValidate: @caller=github.com/hashicorp/terraform-plugin-framework@v1.19.0/internal/fwschemadata/data_value.go:116 tf_mux_provider="*proto5server.Server" tf_provider_addr=registry.terraform.io/hashicorp/vault tf_req_id=f04c4e82-03c7-6c70-9efa-e5f84839e927 @module=sdk.framework tf_rpc=PrepareProviderConfig timestamp="2026-07-07T23:34:22.331+0800"
2026-07-07T23:34:22.332+0800 [TRACE] provider.terraform-provider-vault_v5.10.1_x5: Calling provider defined Type Validate: tf_mux_provider="*proto5server.Server" tf_provider_addr=registry.terraform.io/hashicorp/vault tf_rpc=PrepareProviderConfig @caller=github.com/hashicorp/terraform-plugin-framework@v1.19.0/internal/fwschemadata/data_value.go:117 @module=sdk.framework tf_req_id=719d6ed1-99c7-1b78-aebb-86777454380e timestamp="2026-07-07T23:34:22.331+0800"
2026-07-07T23:34:22.332+0800 [TRACE] provider.terraform-provider-vault_v5.10.1_x5: Called provider defined Type Validate: tf_provider_addr=registry.terraform.io/hashicorp/vault @caller=github.com/hashicorp/terraform-plugin-framework@v1.19.0/internal/fwschemadata/data_value.go:121 @module=sdk.framework tf_mux_provider="*proto5server.Server" tf_req_id=719d6ed1-99c7-1b78-aebb-86777454380e tf_rpc=PrepareProviderConfig timestamp="2026-07-07T23:34:22.331+0800"
2026-07-07T23:34:22.332+0800 [TRACE] provider.terraform-provider-vault_v5.10.1_x5: Calling provider defined Type Validate: tf_mux_provider="*proto5server.Server" tf_req_id=f04c4e82-03c7-6c70-9efa-e5f84839e927 @caller=github.com/hashicorp/terraform-plugin-framework@v1.19.0/internal/fwschemadata/data_value.go:117 @module=sdk.framework tf_provider_addr=registry.terraform.io/hashicorp/vault tf_rpc=PrepareProviderConfig timestamp="2026-07-07T23:34:22.331+0800"
2026-07-07T23:34:22.332+0800 [TRACE] provider.terraform-provider-vault_v5.10.1_x5: Type implements TypeWithValidate: @module=sdk.framework tf_mux_provider="*proto5server.Server" tf_provider_addr=registry.terraform.io/hashicorp/vault tf_req_id=719d6ed1-99c7-1b78-aebb-86777454380e tf_rpc=PrepareProviderConfig @caller=github.com/hashicorp/terraform-plugin-framework@v1.19.0/internal/fwschemadata/data_value.go:116 timestamp="2026-07-07T23:34:22.331+0800"
2026-07-07T23:34:22.332+0800 [TRACE] provider.terraform-provider-vault_v5.10.1_x5: Called provider defined Type Validate: @caller=github.com/hashicorp/terraform-plugin-framework@v1.19.0/internal/fwschemadata/data_value.go:121 @module=sdk.framework tf_provider_addr=registry.terraform.io/hashicorp/vault tf_rpc=PrepareProviderConfig tf_mux_provider="*proto5server.Server" tf_req_id=f04c4e82-03c7-6c70-9efa-e5f84839e927 timestamp="2026-07-07T23:34:22.331+0800"
2026-07-07T23:34:22.332+0800 [TRACE] provider.terraform-provider-vault_v5.10.1_x5: Calling provider defined Type Validate: @module=sdk.framework tf_provider_addr=registry.terraform.io/hashicorp/vault @caller=github.com/hashicorp/terraform-plugin-framework@v1.19.0/internal/fwschemadata/data_value.go:117 tf_mux_provider="*proto5server.Server" tf_req_id=719d6ed1-99c7-1b78-aebb-86777454380e tf_rpc=PrepareProviderConfig timestamp="2026-07-07T23:34:22.331+0800"
2026-07-07T23:34:22.332+0800 [TRACE] provider.terraform-provider-vault_v5.10.1_x5: Called provider defined Type Validate: tf_mux_provider="*proto5server.Server" tf_provider_addr=registry.terraform.io/hashicorp/vault tf_req_id=719d6ed1-99c7-1b78-aebb-86777454380e tf_rpc=PrepareProviderConfig @caller=github.com/hashicorp/terraform-plugin-framework@v1.19.0/internal/fwschemadata/data_value.go:121 @module=sdk.framework timestamp="2026-07-07T23:34:22.331+0800"
2026-07-07T23:34:22.332+0800 [TRACE] provider.terraform-provider-vault_v5.10.1_x5: Type implements TypeWithValidate: tf_req_id=719d6ed1-99c7-1b78-aebb-86777454380e @module=sdk.framework tf_mux_provider="*proto5server.Server" tf_provider_addr=registry.terraform.io/hashicorp/vault tf_rpc=PrepareProviderConfig @caller=github.com/hashicorp/terraform-plugin-framework@v1.19.0/internal/fwschemadata/data_value.go:116 timestamp="2026-07-07T23:34:22.331+0800"
2026-07-07T23:34:22.332+0800 [TRACE] provider.terraform-provider-vault_v5.10.1_x5: Calling provider defined Type Validate: @caller=github.com/hashicorp/terraform-plugin-framework@v1.19.0/internal/fwschemadata/data_value.go:117 tf_mux_provider="*proto5server.Server" tf_rpc=PrepareProviderConfig @module=sdk.framework tf_provider_addr=registry.terraform.io/hashicorp/vault tf_req_id=719d6ed1-99c7-1b78-aebb-86777454380e timestamp="2026-07-07T23:34:22.331+0800"
2026-07-07T23:34:22.332+0800 [TRACE] provider.terraform-provider-vault_v5.10.1_x5: Type implements TypeWithValidate: @module=sdk.framework tf_mux_provider="*proto5server.Server" tf_req_id=f04c4e82-03c7-6c70-9efa-e5f84839e927 @caller=github.com/hashicorp/terraform-plugin-framework@v1.19.0/internal/fwschemadata/data_value.go:116 tf_provider_addr=registry.terraform.io/hashicorp/vault tf_rpc=PrepareProviderConfig timestamp="2026-07-07T23:34:22.331+0800"
2026-07-07T23:34:22.332+0800 [TRACE] provider.terraform-provider-vault_v5.10.1_x5: Called provider defined Type Validate: @caller=github.com/hashicorp/terraform-plugin-framework@v1.19.0/internal/fwschemadata/data_value.go:121 tf_provider_addr=registry.terraform.io/hashicorp/vault tf_rpc=PrepareProviderConfig @module=sdk.framework tf_mux_provider="*proto5server.Server" tf_req_id=719d6ed1-99c7-1b78-aebb-86777454380e timestamp="2026-07-07T23:34:22.331+0800"
2026-07-07T23:34:22.332+0800 [TRACE] provider.terraform-provider-vault_v5.10.1_x5: Calling provider defined Type Validate: tf_mux_provider="*proto5server.Server" tf_req_id=f04c4e82-03c7-6c70-9efa-e5f84839e927 tf_rpc=PrepareProviderConfig @caller=github.com/hashicorp/terraform-plugin-framework@v1.19.0/internal/fwschemadata/data_value.go:117 @module=sdk.framework tf_provider_addr=registry.terraform.io/hashicorp/vault timestamp="2026-07-07T23:34:22.331+0800"
2026-07-07T23:34:22.332+0800 [TRACE] provider.terraform-provider-vault_v5.10.1_x5: Calling provider defined validator.List: description="list must contain at most 1 elements" tf_mux_provider="*proto5server.Server" tf_req_id=719d6ed1-99c7-1b78-aebb-86777454380e tf_rpc=PrepareProviderConfig @caller=github.com/hashicorp/terraform-plugin-framework@v1.19.0/internal/fwserver/block_validation.go:221 @module=sdk.framework tf_provider_addr=registry.terraform.io/hashicorp/vault timestamp="2026-07-07T23:34:22.331+0800"
2026-07-07T23:34:22.332+0800 [TRACE] provider.terraform-provider-vault_v5.10.1_x5: Called provider defined Type Validate: @module=sdk.framework tf_req_id=f04c4e82-03c7-6c70-9efa-e5f84839e927 @caller=github.com/hashicorp/terraform-plugin-framework@v1.19.0/internal/fwschemadata/data_value.go:121 tf_mux_provider="*proto5server.Server" tf_provider_addr=registry.terraform.io/hashicorp/vault tf_rpc=PrepareProviderConfig timestamp="2026-07-07T23:34:22.331+0800"
2026-07-07T23:34:22.332+0800 [TRACE] provider.terraform-provider-vault_v5.10.1_x5: Called provider defined validator.List: @caller=github.com/hashicorp/terraform-plugin-framework@v1.19.0/internal/fwserver/block_validation.go:231 @module=sdk.framework description="list must contain at most 1 elements" tf_mux_provider="*proto5server.Server" tf_provider_addr=registry.terraform.io/hashicorp/vault tf_req_id=719d6ed1-99c7-1b78-aebb-86777454380e tf_rpc=PrepareProviderConfig timestamp="2026-07-07T23:34:22.331+0800"
2026-07-07T23:34:22.332+0800 [TRACE] provider.terraform-provider-vault_v5.10.1_x5: Type implements TypeWithValidate: tf_rpc=PrepareProviderConfig @caller=github.com/hashicorp/terraform-plugin-framework@v1.19.0/internal/fwschemadata/data_value.go:116 tf_mux_provider="*proto5server.Server" tf_provider_addr=registry.terraform.io/hashicorp/vault tf_req_id=f04c4e82-03c7-6c70-9efa-e5f84839e927 @module=sdk.framework timestamp="2026-07-07T23:34:22.331+0800"
2026-07-07T23:34:22.332+0800 [TRACE] provider.terraform-provider-vault_v5.10.1_x5: Calling provider defined Type Validate: @module=sdk.framework tf_mux_provider="*proto5server.Server" tf_provider_addr=registry.terraform.io/hashicorp/vault tf_rpc=PrepareProviderConfig @caller=github.com/hashicorp/terraform-plugin-framework@v1.19.0/internal/fwschemadata/data_value.go:117 tf_req_id=f04c4e82-03c7-6c70-9efa-e5f84839e927 timestamp="2026-07-07T23:34:22.331+0800"
2026-07-07T23:34:22.332+0800 [TRACE] provider.terraform-provider-vault_v5.10.1_x5: Called provider defined Type Validate: @caller=github.com/hashicorp/terraform-plugin-framework@v1.19.0/internal/fwschemadata/data_value.go:121 @module=sdk.framework tf_req_id=f04c4e82-03c7-6c70-9efa-e5f84839e927 tf_rpc=PrepareProviderConfig tf_mux_provider="*proto5server.Server" tf_provider_addr=registry.terraform.io/hashicorp/vault timestamp="2026-07-07T23:34:22.331+0800"
2026-07-07T23:34:22.332+0800 [TRACE] provider.terraform-provider-vault_v5.10.1_x5: Type implements TypeWithValidate: @module=sdk.framework tf_mux_provider="*proto5server.Server" tf_provider_addr=registry.terraform.io/hashicorp/vault tf_rpc=PrepareProviderConfig @caller=github.com/hashicorp/terraform-plugin-framework@v1.19.0/internal/fwschemadata/data_value.go:116 tf_req_id=f04c4e82-03c7-6c70-9efa-e5f84839e927 timestamp="2026-07-07T23:34:22.331+0800"
2026-07-07T23:34:22.332+0800 [TRACE] provider.terraform-provider-vault_v5.10.1_x5: Type implements TypeWithValidate: @caller=github.com/hashicorp/terraform-plugin-framework@v1.19.0/internal/fwschemadata/data_value.go:116 @module=sdk.framework tf_mux_provider="*proto5server.Server" tf_provider_addr=registry.terraform.io/hashicorp/vault tf_req_id=719d6ed1-99c7-1b78-aebb-86777454380e tf_rpc=PrepareProviderConfig timestamp="2026-07-07T23:34:22.331+0800"
2026-07-07T23:34:22.332+0800 [TRACE] provider.terraform-provider-vault_v5.10.1_x5: Calling provider defined Type Validate: tf_rpc=PrepareProviderConfig @caller=github.com/hashicorp/terraform-plugin-framework@v1.19.0/internal/fwschemadata/data_value.go:117 @module=sdk.framework tf_mux_provider="*proto5server.Server" tf_req_id=f04c4e82-03c7-6c70-9efa-e5f84839e927 tf_provider_addr=registry.terraform.io/hashicorp/vault timestamp="2026-07-07T23:34:22.331+0800"
2026-07-07T23:34:22.332+0800 [TRACE] provider.terraform-provider-vault_v5.10.1_x5: Calling provider defined Type Validate: @module=sdk.framework tf_req_id=719d6ed1-99c7-1b78-aebb-86777454380e @caller=github.com/hashicorp/terraform-plugin-framework@v1.19.0/internal/fwschemadata/data_value.go:117 tf_mux_provider="*proto5server.Server" tf_provider_addr=registry.terraform.io/hashicorp/vault tf_rpc=PrepareProviderConfig timestamp="2026-07-07T23:34:22.331+0800"
2026-07-07T23:34:22.332+0800 [TRACE] provider.terraform-provider-vault_v5.10.1_x5: Called provider defined Type Validate: tf_mux_provider="*proto5server.Server" tf_rpc=PrepareProviderConfig @caller=github.com/hashicorp/terraform-plugin-framework@v1.19.0/internal/fwschemadata/data_value.go:121 tf_provider_addr=registry.terraform.io/hashicorp/vault tf_req_id=f04c4e82-03c7-6c70-9efa-e5f84839e927 @module=sdk.framework timestamp="2026-07-07T23:34:22.331+0800"
2026-07-07T23:34:22.332+0800 [TRACE] provider.terraform-provider-vault_v5.10.1_x5: Called provider defined Type Validate: tf_rpc=PrepareProviderConfig tf_mux_provider="*proto5server.Server" tf_req_id=719d6ed1-99c7-1b78-aebb-86777454380e @caller=github.com/hashicorp/terraform-plugin-framework@v1.19.0/internal/fwschemadata/data_value.go:121 @module=sdk.framework tf_provider_addr=registry.terraform.io/hashicorp/vault timestamp="2026-07-07T23:34:22.331+0800"
2026-07-07T23:34:22.332+0800 [TRACE] provider.terraform-provider-vault_v5.10.1_x5: Type implements TypeWithValidate: @module=sdk.framework tf_rpc=PrepareProviderConfig tf_mux_provider="*proto5server.Server" tf_provider_addr=registry.terraform.io/hashicorp/vault tf_req_id=f04c4e82-03c7-6c70-9efa-e5f84839e927 @caller=github.com/hashicorp/terraform-plugin-framework@v1.19.0/internal/fwschemadata/data_value.go:116 timestamp="2026-07-07T23:34:22.331+0800"
2026-07-07T23:34:22.332+0800 [TRACE] provider.terraform-provider-vault_v5.10.1_x5: Type implements TypeWithValidate: @module=sdk.framework tf_provider_addr=registry.terraform.io/hashicorp/vault tf_rpc=PrepareProviderConfig @caller=github.com/hashicorp/terraform-plugin-framework@v1.19.0/internal/fwschemadata/data_value.go:116 tf_mux_provider="*proto5server.Server" tf_req_id=719d6ed1-99c7-1b78-aebb-86777454380e timestamp="2026-07-07T23:34:22.331+0800"
2026-07-07T23:34:22.332+0800 [TRACE] provider.terraform-provider-vault_v5.10.1_x5: Calling provider defined Type Validate: tf_provider_addr=registry.terraform.io/hashicorp/vault tf_rpc=PrepareProviderConfig @caller=github.com/hashicorp/terraform-plugin-framework@v1.19.0/internal/fwschemadata/data_value.go:117 @module=sdk.framework tf_req_id=f04c4e82-03c7-6c70-9efa-e5f84839e927 tf_mux_provider="*proto5server.Server" timestamp="2026-07-07T23:34:22.331+0800"
2026-07-07T23:34:22.332+0800 [TRACE] provider.terraform-provider-vault_v5.10.1_x5: Calling provider defined Type Validate: @caller=github.com/hashicorp/terraform-plugin-framework@v1.19.0/internal/fwschemadata/data_value.go:117 @module=sdk.framework tf_mux_provider="*proto5server.Server" tf_provider_addr=registry.terraform.io/hashicorp/vault tf_req_id=719d6ed1-99c7-1b78-aebb-86777454380e tf_rpc=PrepareProviderConfig timestamp="2026-07-07T23:34:22.331+0800"
2026-07-07T23:34:22.332+0800 [TRACE] provider.terraform-provider-vault_v5.10.1_x5: Called provider defined Type Validate: tf_mux_provider="*proto5server.Server" tf_rpc=PrepareProviderConfig @module=sdk.framework tf_provider_addr=registry.terraform.io/hashicorp/vault tf_req_id=f04c4e82-03c7-6c70-9efa-e5f84839e927 @caller=github.com/hashicorp/terraform-plugin-framework@v1.19.0/internal/fwschemadata/data_value.go:121 timestamp="2026-07-07T23:34:22.331+0800"
2026-07-07T23:34:22.332+0800 [TRACE] provider.terraform-provider-vault_v5.10.1_x5: Called provider defined Type Validate: @module=sdk.framework tf_provider_addr=registry.terraform.io/hashicorp/vault tf_req_id=719d6ed1-99c7-1b78-aebb-86777454380e tf_rpc=PrepareProviderConfig tf_mux_provider="*proto5server.Server" @caller=github.com/hashicorp/terraform-plugin-framework@v1.19.0/internal/fwschemadata/data_value.go:121 timestamp="2026-07-07T23:34:22.331+0800"
2026-07-07T23:34:22.332+0800 [TRACE] provider.terraform-provider-vault_v5.10.1_x5: Type implements TypeWithValidate: tf_provider_addr=registry.terraform.io/hashicorp/vault tf_req_id=f04c4e82-03c7-6c70-9efa-e5f84839e927 tf_rpc=PrepareProviderConfig @caller=github.com/hashicorp/terraform-plugin-framework@v1.19.0/internal/fwschemadata/data_value.go:116 @module=sdk.framework tf_mux_provider="*proto5server.Server" timestamp="2026-07-07T23:34:22.331+0800"
2026-07-07T23:34:22.332+0800 [TRACE] provider.terraform-provider-vault_v5.10.1_x5: Transforming null block to empty block: tf_mux_provider="*proto5server.Server" tf_provider_addr=registry.terraform.io/hashicorp/vault tf_req_id=719d6ed1-99c7-1b78-aebb-86777454380e @caller=github.com/hashicorp/terraform-plugin-framework@v1.19.0/internal/fwschemadata/data_reify_null_collection_blocks.go:63 @module=sdk.framework description=configuration tf_attribute_path=auth_login_userpass tf_rpc=PrepareProviderConfig timestamp="2026-07-07T23:34:22.332+0800"
2026-07-07T23:34:22.332+0800 [TRACE] provider.terraform-provider-vault_v5.10.1_x5: Calling provider defined Type Validate: @module=sdk.framework tf_mux_provider="*proto5server.Server" tf_provider_addr=registry.terraform.io/hashicorp/vault tf_req_id=f04c4e82-03c7-6c70-9efa-e5f84839e927 tf_rpc=PrepareProviderConfig @caller=github.com/hashicorp/terraform-plugin-framework@v1.19.0/internal/fwschemadata/data_value.go:117 timestamp="2026-07-07T23:34:22.331+0800"
2026-07-07T23:34:22.332+0800 [TRACE] provider.terraform-provider-vault_v5.10.1_x5: Transforming null block to empty block: tf_provider_addr=registry.terraform.io/hashicorp/vault @caller=github.com/hashicorp/terraform-plugin-framework@v1.19.0/internal/fwschemadata/data_reify_null_collection_blocks.go:63 @module=sdk.framework tf_mux_provider="*proto5server.Server" tf_req_id=719d6ed1-99c7-1b78-aebb-86777454380e tf_rpc=PrepareProviderConfig description=configuration tf_attribute_path=auth_login_aws timestamp="2026-07-07T23:34:22.332+0800"
2026-07-07T23:34:22.332+0800 [TRACE] provider.terraform-provider-vault_v5.10.1_x5: Called provider defined Type Validate: tf_mux_provider="*proto5server.Server" tf_provider_addr=registry.terraform.io/hashicorp/vault tf_req_id=f04c4e82-03c7-6c70-9efa-e5f84839e927 @caller=github.com/hashicorp/terraform-plugin-framework@v1.19.0/internal/fwschemadata/data_value.go:121 @module=sdk.framework tf_rpc=PrepareProviderConfig timestamp="2026-07-07T23:34:22.331+0800"
2026-07-07T23:34:22.332+0800 [TRACE] provider.terraform-provider-vault_v5.10.1_x5: Type implements TypeWithValidate: @module=sdk.framework tf_mux_provider="*proto5server.Server" tf_rpc=PrepareProviderConfig @caller=github.com/hashicorp/terraform-plugin-framework@v1.19.0/internal/fwschemadata/data_value.go:116 tf_provider_addr=registry.terraform.io/hashicorp/vault tf_req_id=f04c4e82-03c7-6c70-9efa-e5f84839e927 timestamp="2026-07-07T23:34:22.331+0800"
2026-07-07T23:34:22.332+0800 [TRACE] provider.terraform-provider-vault_v5.10.1_x5: Transforming null block to empty block: tf_rpc=PrepareProviderConfig @caller=github.com/hashicorp/terraform-plugin-framework@v1.19.0/internal/fwschemadata/data_reify_null_collection_blocks.go:63 @module=sdk.framework description=configuration tf_attribute_path=auth_login_gcp tf_mux_provider="*proto5server.Server" tf_provider_addr=registry.terraform.io/hashicorp/vault tf_req_id=719d6ed1-99c7-1b78-aebb-86777454380e timestamp="2026-07-07T23:34:22.332+0800"
2026-07-07T23:34:22.332+0800 [TRACE] provider.terraform-provider-vault_v5.10.1_x5: Calling provider defined Type Validate: tf_mux_provider="*proto5server.Server" tf_req_id=f04c4e82-03c7-6c70-9efa-e5f84839e927 @module=sdk.framework tf_provider_addr=registry.terraform.io/hashicorp/vault tf_rpc=PrepareProviderConfig @caller=github.com/hashicorp/terraform-plugin-framework@v1.19.0/internal/fwschemadata/data_value.go:117 timestamp="2026-07-07T23:34:22.331+0800"
2026-07-07T23:34:22.332+0800 [TRACE] provider.terraform-provider-vault_v5.10.1_x5: Called provider defined Type Validate: @caller=github.com/hashicorp/terraform-plugin-framework@v1.19.0/internal/fwschemadata/data_value.go:121 tf_mux_provider="*proto5server.Server" tf_provider_addr=registry.terraform.io/hashicorp/vault @module=sdk.framework tf_req_id=f04c4e82-03c7-6c70-9efa-e5f84839e927 tf_rpc=PrepareProviderConfig timestamp="2026-07-07T23:34:22.331+0800"
2026-07-07T23:34:22.332+0800 [TRACE] provider.terraform-provider-vault_v5.10.1_x5: Transforming null block to empty block: @module=sdk.framework tf_attribute_path=client_auth tf_provider_addr=registry.terraform.io/hashicorp/vault tf_req_id=719d6ed1-99c7-1b78-aebb-86777454380e @caller=github.com/hashicorp/terraform-plugin-framework@v1.19.0/internal/fwschemadata/data_reify_null_collection_blocks.go:63 description=configuration tf_mux_provider="*proto5server.Server" tf_rpc=PrepareProviderConfig timestamp="2026-07-07T23:34:22.332+0800"
2026-07-07T23:34:22.332+0800 [TRACE] provider.terraform-provider-vault_v5.10.1_x5: Type implements TypeWithValidate: @caller=github.com/hashicorp/terraform-plugin-framework@v1.19.0/internal/fwschemadata/data_value.go:116 @module=sdk.framework tf_provider_addr=registry.terraform.io/hashicorp/vault tf_rpc=PrepareProviderConfig tf_mux_provider="*proto5server.Server" tf_req_id=f04c4e82-03c7-6c70-9efa-e5f84839e927 timestamp="2026-07-07T23:34:22.331+0800"
2026-07-07T23:34:22.332+0800 [TRACE] provider.terraform-provider-vault_v5.10.1_x5: Transforming null block to empty block: tf_attribute_path=auth_login_radius tf_provider_addr=registry.terraform.io/hashicorp/vault tf_req_id=719d6ed1-99c7-1b78-aebb-86777454380e tf_rpc=PrepareProviderConfig @caller=github.com/hashicorp/terraform-plugin-framework@v1.19.0/internal/fwschemadata/data_reify_null_collection_blocks.go:63 @module=sdk.framework description=configuration tf_mux_provider="*proto5server.Server" timestamp="2026-07-07T23:34:22.332+0800"
2026-07-07T23:34:22.332+0800 [TRACE] provider.terraform-provider-vault_v5.10.1_x5: Calling provider defined Type Validate: tf_mux_provider="*proto5server.Server" tf_req_id=f04c4e82-03c7-6c70-9efa-e5f84839e927 @caller=github.com/hashicorp/terraform-plugin-framework@v1.19.0/internal/fwschemadata/data_value.go:117 @module=sdk.framework tf_provider_addr=registry.terraform.io/hashicorp/vault tf_rpc=PrepareProviderConfig timestamp="2026-07-07T23:34:22.331+0800"
2026-07-07T23:34:22.332+0800 [TRACE] provider.terraform-provider-vault_v5.10.1_x5: Called provider defined Type Validate: tf_mux_provider="*proto5server.Server" tf_provider_addr=registry.terraform.io/hashicorp/vault tf_req_id=f04c4e82-03c7-6c70-9efa-e5f84839e927 @caller=github.com/hashicorp/terraform-plugin-framework@v1.19.0/internal/fwschemadata/data_value.go:121 tf_rpc=PrepareProviderConfig @module=sdk.framework timestamp="2026-07-07T23:34:22.331+0800"
2026-07-07T23:34:22.332+0800 [TRACE] provider.terraform-provider-vault_v5.10.1_x5: Transforming null block to empty block: @caller=github.com/hashicorp/terraform-plugin-framework@v1.19.0/internal/fwschemadata/data_reify_null_collection_blocks.go:63 @module=sdk.framework description=configuration tf_req_id=719d6ed1-99c7-1b78-aebb-86777454380e tf_rpc=PrepareProviderConfig tf_attribute_path=headers tf_mux_provider="*proto5server.Server" tf_provider_addr=registry.terraform.io/hashicorp/vault timestamp="2026-07-07T23:34:22.332+0800"
2026-07-07T23:34:22.332+0800 [TRACE] provider.terraform-provider-vault_v5.10.1_x5: Calling provider defined validator.List: @module=sdk.framework tf_provider_addr=registry.terraform.io/hashicorp/vault tf_req_id=f04c4e82-03c7-6c70-9efa-e5f84839e927 tf_rpc=PrepareProviderConfig @caller=github.com/hashicorp/terraform-plugin-framework@v1.19.0/internal/fwserver/block_validation.go:221 description="list must contain at most 1 elements" tf_mux_provider="*proto5server.Server" timestamp="2026-07-07T23:34:22.331+0800"
2026-07-07T23:34:22.332+0800 [TRACE] provider.terraform-provider-vault_v5.10.1_x5: Transforming null block to empty block: tf_req_id=719d6ed1-99c7-1b78-aebb-86777454380e description=configuration tf_attribute_path=auth_login_azure tf_mux_provider="*proto5server.Server" tf_rpc=PrepareProviderConfig @caller=github.com/hashicorp/terraform-plugin-framework@v1.19.0/internal/fwschemadata/data_reify_null_collection_blocks.go:63 @module=sdk.framework tf_provider_addr=registry.terraform.io/hashicorp/vault timestamp="2026-07-07T23:34:22.332+0800"
2026-07-07T23:34:22.332+0800 [TRACE] provider.terraform-provider-vault_v5.10.1_x5: Called provider defined validator.List: tf_req_id=f04c4e82-03c7-6c70-9efa-e5f84839e927 tf_rpc=PrepareProviderConfig @caller=github.com/hashicorp/terraform-plugin-framework@v1.19.0/internal/fwserver/block_validation.go:231 @module=sdk.framework description="list must contain at most 1 elements" tf_mux_provider="*proto5server.Server" tf_provider_addr=registry.terraform.io/hashicorp/vault timestamp="2026-07-07T23:34:22.331+0800"
2026-07-07T23:34:22.332+0800 [TRACE] provider.terraform-provider-vault_v5.10.1_x5: Transforming null block to empty block: tf_rpc=PrepareProviderConfig @caller=github.com/hashicorp/terraform-plugin-framework@v1.19.0/internal/fwschemadata/data_reify_null_collection_blocks.go:63 @module=sdk.framework tf_mux_provider="*proto5server.Server" tf_provider_addr=registry.terraform.io/hashicorp/vault tf_req_id=719d6ed1-99c7-1b78-aebb-86777454380e description=configuration tf_attribute_path=auth_login_kerberos timestamp="2026-07-07T23:34:22.332+0800"
2026-07-07T23:34:22.332+0800 [TRACE] provider.terraform-provider-vault_v5.10.1_x5: Transforming null block to empty block: @module=sdk.framework tf_mux_provider="*proto5server.Server" tf_rpc=PrepareProviderConfig @caller=github.com/hashicorp/terraform-plugin-framework@v1.19.0/internal/fwschemadata/data_reify_null_collection_blocks.go:63 description=configuration tf_attribute_path=auth_login_aws tf_provider_addr=registry.terraform.io/hashicorp/vault tf_req_id=f04c4e82-03c7-6c70-9efa-e5f84839e927 timestamp="2026-07-07T23:34:22.331+0800"
2026-07-07T23:34:22.332+0800 [TRACE] provider.terraform-provider-vault_v5.10.1_x5: Transforming null block to empty block: description=configuration tf_rpc=PrepareProviderConfig @caller=github.com/hashicorp/terraform-plugin-framework@v1.19.0/internal/fwschemadata/data_reify_null_collection_blocks.go:63 @module=sdk.framework tf_attribute_path=auth_login_cert tf_mux_provider="*proto5server.Server" tf_provider_addr=registry.terraform.io/hashicorp/vault tf_req_id=719d6ed1-99c7-1b78-aebb-86777454380e timestamp="2026-07-07T23:34:22.332+0800"
2026-07-07T23:34:22.332+0800 [TRACE] provider.terraform-provider-vault_v5.10.1_x5: Transforming null block to empty block: @caller=github.com/hashicorp/terraform-plugin-framework@v1.19.0/internal/fwschemadata/data_reify_null_collection_blocks.go:63 @module=sdk.framework description=configuration tf_attribute_path=auth_login_radius tf_rpc=PrepareProviderConfig tf_mux_provider="*proto5server.Server" tf_provider_addr=registry.terraform.io/hashicorp/vault tf_req_id=f04c4e82-03c7-6c70-9efa-e5f84839e927 timestamp="2026-07-07T23:34:22.331+0800"
2026-07-07T23:34:22.332+0800 [TRACE] provider.terraform-provider-vault_v5.10.1_x5: Transforming null block to empty block: @caller=github.com/hashicorp/terraform-plugin-framework@v1.19.0/internal/fwschemadata/data_reify_null_collection_blocks.go:63 description=configuration tf_mux_provider="*proto5server.Server" @module=sdk.framework tf_attribute_path=auth_login_token_file tf_provider_addr=registry.terraform.io/hashicorp/vault tf_req_id=f04c4e82-03c7-6c70-9efa-e5f84839e927 tf_rpc=PrepareProviderConfig timestamp="2026-07-07T23:34:22.331+0800"
2026-07-07T23:34:22.332+0800 [TRACE] provider.terraform-provider-vault_v5.10.1_x5: Transforming null block to empty block: @caller=github.com/hashicorp/terraform-plugin-framework@v1.19.0/internal/fwschemadata/data_reify_null_collection_blocks.go:63 description=configuration tf_attribute_path=auth_login_oci tf_provider_addr=registry.terraform.io/hashicorp/vault tf_rpc=PrepareProviderConfig @module=sdk.framework tf_mux_provider="*proto5server.Server" tf_req_id=f04c4e82-03c7-6c70-9efa-e5f84839e927 timestamp="2026-07-07T23:34:22.331+0800"
2026-07-07T23:34:22.332+0800 [TRACE] provider.terraform-provider-vault_v5.10.1_x5: Transforming null block to empty block: tf_rpc=PrepareProviderConfig @module=sdk.framework tf_provider_addr=registry.terraform.io/hashicorp/vault @caller=github.com/hashicorp/terraform-plugin-framework@v1.19.0/internal/fwschemadata/data_reify_null_collection_blocks.go:63 description=configuration tf_attribute_path=auth_login_cert tf_mux_provider="*proto5server.Server" tf_req_id=f04c4e82-03c7-6c70-9efa-e5f84839e927 timestamp="2026-07-07T23:34:22.331+0800"
2026-07-07T23:34:22.332+0800 [TRACE] provider.terraform-provider-vault_v5.10.1_x5: Transforming null block to empty block: description=configuration tf_attribute_path=auth_login_userpass tf_mux_provider="*proto5server.Server" @caller=github.com/hashicorp/terraform-plugin-framework@v1.19.0/internal/fwschemadata/data_reify_null_collection_blocks.go:63 @module=sdk.framework tf_provider_addr=registry.terraform.io/hashicorp/vault tf_req_id=f04c4e82-03c7-6c70-9efa-e5f84839e927 tf_rpc=PrepareProviderConfig timestamp="2026-07-07T23:34:22.331+0800"
2026-07-07T23:34:22.332+0800 [TRACE] provider.terraform-provider-vault_v5.10.1_x5: Transforming null block to empty block: @caller=github.com/hashicorp/terraform-plugin-framework@v1.19.0/internal/fwschemadata/data_reify_null_collection_blocks.go:63 tf_provider_addr=registry.terraform.io/hashicorp/vault tf_req_id=f04c4e82-03c7-6c70-9efa-e5f84839e927 tf_rpc=PrepareProviderConfig @module=sdk.framework description=configuration tf_attribute_path=auth_login_oidc tf_mux_provider="*proto5server.Server" timestamp="2026-07-07T23:34:22.331+0800"
2026-07-07T23:34:22.332+0800 [TRACE] provider.terraform-provider-vault_v5.10.1_x5: Transforming null block to empty block: tf_req_id=719d6ed1-99c7-1b78-aebb-86777454380e @module=sdk.framework description=configuration tf_mux_provider="*proto5server.Server" tf_rpc=PrepareProviderConfig @caller=github.com/hashicorp/terraform-plugin-framework@v1.19.0/internal/fwschemadata/data_reify_null_collection_blocks.go:63 tf_attribute_path=auth_login tf_provider_addr=registry.terraform.io/hashicorp/vault timestamp="2026-07-07T23:34:22.332+0800"
2026-07-07T23:34:22.332+0800 [TRACE] provider.terraform-provider-vault_v5.10.1_x5: Transforming null block to empty block: tf_provider_addr=registry.terraform.io/hashicorp/vault tf_rpc=PrepareProviderConfig @caller=github.com/hashicorp/terraform-plugin-framework@v1.19.0/internal/fwschemadata/data_reify_null_collection_blocks.go:63 @module=sdk.framework description=configuration tf_attribute_path=auth_login tf_req_id=f04c4e82-03c7-6c70-9efa-e5f84839e927 tf_mux_provider="*proto5server.Server" timestamp="2026-07-07T23:34:22.332+0800"
2026-07-07T23:34:22.332+0800 [TRACE] provider.terraform-provider-vault_v5.10.1_x5: Transforming null block to empty block: @caller=github.com/hashicorp/terraform-plugin-framework@v1.19.0/internal/fwschemadata/data_reify_null_collection_blocks.go:63 @module=sdk.framework description=configuration tf_attribute_path=auth_login_oci tf_mux_provider="*proto5server.Server" tf_provider_addr=registry.terraform.io/hashicorp/vault tf_req_id=719d6ed1-99c7-1b78-aebb-86777454380e tf_rpc=PrepareProviderConfig timestamp="2026-07-07T23:34:22.332+0800"
2026-07-07T23:34:22.332+0800 [TRACE] provider.terraform-provider-vault_v5.10.1_x5: Transforming null block to empty block: @caller=github.com/hashicorp/terraform-plugin-framework@v1.19.0/internal/fwschemadata/data_reify_null_collection_blocks.go:63 @module=sdk.framework description=configuration tf_mux_provider="*proto5server.Server" tf_attribute_path=auth_login_azure tf_provider_addr=registry.terraform.io/hashicorp/vault tf_req_id=f04c4e82-03c7-6c70-9efa-e5f84839e927 tf_rpc=PrepareProviderConfig timestamp="2026-07-07T23:34:22.332+0800"
2026-07-07T23:34:22.332+0800 [TRACE] provider.terraform-provider-vault_v5.10.1_x5: Transforming null block to empty block: description=configuration tf_attribute_path=client_auth tf_provider_addr=registry.terraform.io/hashicorp/vault @caller=github.com/hashicorp/terraform-plugin-framework@v1.19.0/internal/fwschemadata/data_reify_null_collection_blocks.go:63 @module=sdk.framework tf_mux_provider="*proto5server.Server" tf_req_id=f04c4e82-03c7-6c70-9efa-e5f84839e927 tf_rpc=PrepareProviderConfig timestamp="2026-07-07T23:34:22.332+0800"
2026-07-07T23:34:22.332+0800 [TRACE] provider.terraform-provider-vault_v5.10.1_x5: Transforming null block to empty block: tf_provider_addr=registry.terraform.io/hashicorp/vault @caller=github.com/hashicorp/terraform-plugin-framework@v1.19.0/internal/fwschemadata/data_reify_null_collection_blocks.go:63 @module=sdk.framework description=configuration tf_attribute_path=auth_login_jwt tf_req_id=f04c4e82-03c7-6c70-9efa-e5f84839e927 tf_rpc=PrepareProviderConfig tf_mux_provider="*proto5server.Server" timestamp="2026-07-07T23:34:22.332+0800"
2026-07-07T23:34:22.332+0800 [TRACE] provider.terraform-provider-vault_v5.10.1_x5: Transforming null block to empty block: tf_attribute_path=auth_login_kerberos tf_req_id=f04c4e82-03c7-6c70-9efa-e5f84839e927 tf_rpc=PrepareProviderConfig description=configuration tf_mux_provider="*proto5server.Server" tf_provider_addr=registry.terraform.io/hashicorp/vault @caller=github.com/hashicorp/terraform-plugin-framework@v1.19.0/internal/fwschemadata/data_reify_null_collection_blocks.go:63 @module=sdk.framework timestamp="2026-07-07T23:34:22.332+0800"
2026-07-07T23:34:22.332+0800 [TRACE] provider.terraform-provider-vault_v5.10.1_x5: Transforming null block to empty block: @module=sdk.framework description=configuration tf_provider_addr=registry.terraform.io/hashicorp/vault tf_req_id=f04c4e82-03c7-6c70-9efa-e5f84839e927 @caller=github.com/hashicorp/terraform-plugin-framework@v1.19.0/internal/fwschemadata/data_reify_null_collection_blocks.go:63 tf_attribute_path=headers tf_mux_provider="*proto5server.Server" tf_rpc=PrepareProviderConfig timestamp="2026-07-07T23:34:22.332+0800"
2026-07-07T23:34:22.332+0800 [TRACE] provider.terraform-provider-vault_v5.10.1_x5: Transforming null block to empty block: @caller=github.com/hashicorp/terraform-plugin-framework@v1.19.0/internal/fwschemadata/data_reify_null_collection_blocks.go:63 @module=sdk.framework tf_attribute_path=auth_login_gcp tf_mux_provider="*proto5server.Server" tf_provider_addr=registry.terraform.io/hashicorp/vault description=configuration tf_req_id=f04c4e82-03c7-6c70-9efa-e5f84839e927 tf_rpc=PrepareProviderConfig timestamp="2026-07-07T23:34:22.332+0800"
2026-07-07T23:34:22.332+0800 [TRACE] provider.terraform-provider-vault_v5.10.1_x5: Received downstream response: tf_rpc=PrepareProviderConfig @caller=github.com/hashicorp/terraform-plugin-go@v0.31.0/tfprotov5/internal/tf5serverlogging/downstream_request.go:61 tf_proto_version=5.11 tf_provider_addr=registry.terraform.io/hashicorp/vault tf_req_duration_ms=3 @module=sdk.proto diagnostic_error_count=0 diagnostic_warning_count=0 tf_req_id=f04c4e82-03c7-6c70-9efa-e5f84839e927 timestamp="2026-07-07T23:34:22.332+0800"
2026-07-07T23:34:22.332+0800 [TRACE] provider.terraform-provider-vault_v5.10.1_x5: Served request: @caller=github.com/hashicorp/terraform-plugin-go@v0.31.0/tfprotov5/tf5server/server.go:618 @module=sdk.proto tf_req_id=f04c4e82-03c7-6c70-9efa-e5f84839e927 tf_rpc=PrepareProviderConfig tf_proto_version=5.11 tf_provider_addr=registry.terraform.io/hashicorp/vault timestamp="2026-07-07T23:34:22.332+0800"
2026-07-07T23:34:22.332+0800 [TRACE] vertex "provider[\"registry.terraform.io/hashicorp/vault\"].vrd1": visit complete
2026-07-07T23:34:22.332+0800 [TRACE] provider.terraform-provider-vault_v5.10.1_x5: Transforming null block to empty block: @caller=github.com/hashicorp/terraform-plugin-framework@v1.19.0/internal/fwschemadata/data_reify_null_collection_blocks.go:63 @module=sdk.framework description=configuration tf_attribute_path=auth_login_oidc tf_mux_provider="*proto5server.Server" tf_req_id=719d6ed1-99c7-1b78-aebb-86777454380e tf_rpc=PrepareProviderConfig tf_provider_addr=registry.terraform.io/hashicorp/vault timestamp="2026-07-07T23:34:22.332+0800"
2026-07-07T23:34:22.332+0800 [TRACE] vertex "data.vault_auth_backends.vault-dev-server1": starting visit (*terraform.NodeValidatableResource)
2026-07-07T23:34:22.332+0800 [TRACE] vertex "data.vault_auth_backends.vault-dev-server1": belongs to
2026-07-07T23:34:22.332+0800 [TRACE] provider.terraform-provider-vault_v5.10.1_x5: Transforming null block to empty block: description=configuration tf_mux_provider="*proto5server.Server" @caller=github.com/hashicorp/terraform-plugin-framework@v1.19.0/internal/fwschemadata/data_reify_null_collection_blocks.go:63 @module=sdk.framework tf_attribute_path=auth_login_jwt tf_provider_addr=registry.terraform.io/hashicorp/vault tf_req_id=719d6ed1-99c7-1b78-aebb-86777454380e tf_rpc=PrepareProviderConfig timestamp="2026-07-07T23:34:22.332+0800"
2026-07-07T23:34:22.332+0800 [TRACE] provider.terraform-provider-vault_v5.10.1_x5: Transforming null block to empty block: description=configuration tf_attribute_path=auth_login_token_file tf_req_id=719d6ed1-99c7-1b78-aebb-86777454380e tf_rpc=PrepareProviderConfig @module=sdk.framework tf_mux_provider="*proto5server.Server" tf_provider_addr=registry.terraform.io/hashicorp/vault @caller=github.com/hashicorp/terraform-plugin-framework@v1.19.0/internal/fwschemadata/data_reify_null_collection_blocks.go:63 timestamp="2026-07-07T23:34:22.332+0800"
2026-07-07T23:34:22.332+0800 [TRACE] provider.terraform-provider-vault_v5.10.1_x5: Received downstream response: diagnostic_warning_count=0 tf_req_duration_ms=4 tf_req_id=719d6ed1-99c7-1b78-aebb-86777454380e tf_rpc=PrepareProviderConfig @caller=github.com/hashicorp/terraform-plugin-go@v0.31.0/tfprotov5/internal/tf5serverlogging/downstream_request.go:61 @module=sdk.proto diagnostic_error_count=0 tf_proto_version=5.11 tf_provider_addr=registry.terraform.io/hashicorp/vault timestamp="2026-07-07T23:34:22.332+0800"
2026-07-07T23:34:22.332+0800 [TRACE] provider.terraform-provider-vault_v5.10.1_x5: Served request: tf_provider_addr=registry.terraform.io/hashicorp/vault @caller=github.com/hashicorp/terraform-plugin-go@v0.31.0/tfprotov5/tf5server/server.go:618 @module=sdk.proto tf_proto_version=5.11 tf_req_id=719d6ed1-99c7-1b78-aebb-86777454380e tf_rpc=PrepareProviderConfig timestamp="2026-07-07T23:34:22.332+0800"
2026-07-07T23:34:22.332+0800 [TRACE] terraform.contextPlugins: Schema for provider "registry.terraform.io/hashicorp/vault" is in the global cache
2026-07-07T23:34:22.332+0800 [TRACE] terraform.contextPlugins: Schema for provider "registry.terraform.io/hashicorp/vault" is in the global cache
2026-07-07T23:34:22.332+0800 [TRACE] vertex "provider[\"registry.terraform.io/hashicorp/vault\"].vrd2": visit complete
2026-07-07T23:34:22.332+0800 [TRACE] GRPCProvider: ValidateDataResourceConfig
2026-07-07T23:34:22.332+0800 [TRACE] GRPCProvider: GetProviderSchema
2026-07-07T23:34:22.332+0800 [TRACE] vertex "data.vault_auth_backends.vault-dev-server2": starting visit (*terraform.NodeValidatableResource)
2026-07-07T23:34:22.332+0800 [TRACE] GRPCProvider: returning cached schema: EXTRA_VALUE_AT_END=registry.terraform.io/hashicorp/vault
2026-07-07T23:34:22.332+0800 [TRACE] vertex "data.vault_auth_backends.vault-dev-server2": belongs to
2026-07-07T23:34:22.332+0800 [TRACE] terraform.contextPlugins: Schema for provider "registry.terraform.io/hashicorp/vault" is in the global cache
2026-07-07T23:34:22.332+0800 [TRACE] terraform.contextPlugins: Schema for provider "registry.terraform.io/hashicorp/vault" is in the global cache
2026-07-07T23:34:22.333+0800 [TRACE] GRPCProvider: ValidateDataResourceConfig
2026-07-07T23:34:22.333+0800 [TRACE] GRPCProvider: GetProviderSchema
2026-07-07T23:34:22.333+0800 [TRACE] GRPCProvider: returning cached schema: EXTRA_VALUE_AT_END=registry.terraform.io/hashicorp/vault
2026-07-07T23:34:22.333+0800 [TRACE] provider.terraform-provider-vault_v5.10.1_x5: Received request: @module=sdk.proto tf_data_source_type=vault_auth_backends tf_req_id=f21481be-5bb4-c4f4-af14-6baac18b61b6 @caller=github.com/hashicorp/terraform-plugin-go@v0.31.0/tfprotov5/tf5server/server.go:697 tf_proto_version=5.11 tf_provider_addr=registry.terraform.io/hashicorp/vault tf_rpc=ValidateDataSourceConfig timestamp="2026-07-07T23:34:22.333+0800"
2026-07-07T23:34:22.333+0800 [TRACE] provider.terraform-provider-vault_v5.10.1_x5: Sending request downstream: tf_rpc=ValidateDataSourceConfig @module=sdk.proto tf_data_source_type=vault_auth_backends tf_proto_version=5.11 tf_provider_addr=registry.terraform.io/hashicorp/vault @caller=github.com/hashicorp/terraform-plugin-go@v0.31.0/tfprotov5/internal/tf5serverlogging/downstream_request.go:22 tf_req_id=f21481be-5bb4-c4f4-af14-6baac18b61b6 timestamp="2026-07-07T23:34:22.333+0800"
2026-07-07T23:34:22.333+0800 [TRACE] provider.terraform-provider-vault_v5.10.1_x5: starting underlying server discovery via GetMetadata or GetProviderSchema: tf_rpc=ValidateDataSourceConfig @caller=github.com/hashicorp/terraform-plugin-mux@v0.23.1/internal/logging/mux.go:19 @module=sdk.mux timestamp="2026-07-07T23:34:22.333+0800"
2026-07-07T23:34:22.333+0800 [TRACE] provider.terraform-provider-vault_v5.10.1_x5: calling GetMetadata for discovery: @caller=github.com/hashicorp/terraform-plugin-mux@v0.23.1/internal/logging/mux.go:19 @module=sdk.mux tf_mux_provider="*schema.GRPCProviderServer" tf_rpc=GetMetadata timestamp="2026-07-07T23:34:22.333+0800"
2026-07-07T23:34:22.333+0800 [TRACE] provider.terraform-provider-vault_v5.10.1_x5: Getting provider metadata: @module=sdk.helper_schema tf_mux_provider="*schema.GRPCProviderServer" tf_req_id=f21481be-5bb4-c4f4-af14-6baac18b61b6 @caller=github.com/hashicorp/terraform-plugin-sdk/v2@v2.40.1/helper/schema/grpc_provider.go:196 tf_data_source_type=vault_auth_backends tf_provider_addr=registry.terraform.io/hashicorp/vault tf_rpc=GetMetadata timestamp="2026-07-07T23:34:22.333+0800"
2026-07-07T23:34:22.333+0800 [TRACE] provider.terraform-provider-vault_v5.10.1_x5: calling GetMetadata for discovery: @module=sdk.mux tf_mux_provider="*proto5server.Server" tf_rpc=GetMetadata @caller=github.com/hashicorp/terraform-plugin-mux@v0.23.1/internal/logging/mux.go:19 timestamp="2026-07-07T23:34:22.333+0800"
2026-07-07T23:34:22.333+0800 [TRACE] provider.terraform-provider-vault_v5.10.1_x5: Checking ActionFuncs lock: tf_provider_addr=registry.terraform.io/hashicorp/vault tf_req_id=f21481be-5bb4-c4f4-af14-6baac18b61b6 tf_rpc=GetMetadata @caller=github.com/hashicorp/terraform-plugin-framework@v1.19.0/internal/fwserver/server_actions.go:38 @module=sdk.framework tf_data_source_type=vault_auth_backends tf_mux_provider="*proto5server.Server" timestamp="2026-07-07T23:34:22.333+0800"
2026-07-07T23:34:22.333+0800 [TRACE] provider.terraform-provider-vault_v5.10.1_x5: Checking ProviderTypeName lock: @caller=github.com/hashicorp/terraform-plugin-framework@v1.19.0/internal/fwserver/server.go:476 tf_data_source_type=vault_auth_backends tf_provider_addr=registry.terraform.io/hashicorp/vault tf_req_id=f21481be-5bb4-c4f4-af14-6baac18b61b6 @module=sdk.framework tf_mux_provider="*proto5server.Server" tf_rpc=GetMetadata timestamp="2026-07-07T23:34:22.333+0800"
2026-07-07T23:34:22.333+0800 [TRACE] provider.terraform-provider-vault_v5.10.1_x5: Calling provider defined Provider Metadata: @caller=github.com/hashicorp/terraform-plugin-framework@v1.19.0/internal/fwserver/server.go:487 @module=sdk.framework tf_mux_provider="*proto5server.Server" tf_provider_addr=registry.terraform.io/hashicorp/vault tf_req_id=f21481be-5bb4-c4f4-af14-6baac18b61b6 tf_data_source_type=vault_auth_backends tf_rpc=GetMetadata timestamp="2026-07-07T23:34:22.333+0800"
2026-07-07T23:34:22.333+0800 [TRACE] provider.terraform-provider-vault_v5.10.1_x5: Called provider defined Provider Metadata: @caller=github.com/hashicorp/terraform-plugin-framework@v1.19.0/internal/fwserver/server.go:489 @module=sdk.framework tf_data_source_type=vault_auth_backends tf_mux_provider="*proto5server.Server" tf_provider_addr=registry.terraform.io/hashicorp/vault tf_req_id=f21481be-5bb4-c4f4-af14-6baac18b61b6 tf_rpc=GetMetadata timestamp="2026-07-07T23:34:22.333+0800"
2026-07-07T23:34:22.333+0800 [TRACE] provider.terraform-provider-vault_v5.10.1_x5: Checking DataSourceTypes lock: @caller=github.com/hashicorp/terraform-plugin-framework@v1.19.0/internal/fwserver/server.go:320 @module=sdk.framework tf_data_source_type=vault_auth_backends tf_provider_addr=registry.terraform.io/hashicorp/vault tf_req_id=f21481be-5bb4-c4f4-af14-6baac18b61b6 tf_mux_provider="*proto5server.Server" tf_rpc=GetMetadata timestamp="2026-07-07T23:34:22.333+0800"
2026-07-07T23:34:22.333+0800 [TRACE] provider.terraform-provider-vault_v5.10.1_x5: Checking ProviderTypeName lock: @module=sdk.framework tf_data_source_type=vault_auth_backends tf_provider_addr=registry.terraform.io/hashicorp/vault tf_req_id=f21481be-5bb4-c4f4-af14-6baac18b61b6 @caller=github.com/hashicorp/terraform-plugin-framework@v1.19.0/internal/fwserver/server.go:476 tf_mux_provider="*proto5server.Server" tf_rpc=GetMetadata timestamp="2026-07-07T23:34:22.333+0800"
2026-07-07T23:34:22.333+0800 [TRACE] provider.terraform-provider-vault_v5.10.1_x5: Calling provider defined Provider DataSources: @caller=github.com/hashicorp/terraform-plugin-framework@v1.19.0/internal/fwserver/server.go:331 tf_data_source_type=vault_auth_backends tf_mux_provider="*proto5server.Server" tf_provider_addr=registry.terraform.io/hashicorp/vault tf_req_id=f21481be-5bb4-c4f4-af14-6baac18b61b6 @module=sdk.framework tf_rpc=GetMetadata timestamp="2026-07-07T23:34:22.333+0800"
2026-07-07T23:34:22.333+0800 [TRACE] provider.terraform-provider-vault_v5.10.1_x5: Called provider defined Provider DataSources: @module=sdk.framework tf_provider_addr=registry.terraform.io/hashicorp/vault tf_req_id=f21481be-5bb4-c4f4-af14-6baac18b61b6 tf_rpc=GetMetadata @caller=github.com/hashicorp/terraform-plugin-framework@v1.19.0/internal/fwserver/server.go:333 tf_data_source_type=vault_auth_backends tf_mux_provider="*proto5server.Server" timestamp="2026-07-07T23:34:22.333+0800"
2026-07-07T23:34:22.333+0800 [TRACE] provider.terraform-provider-vault_v5.10.1_x5: Found data source type: tf_data_source_type=vault_activation_flags tf_provider_addr=registry.terraform.io/hashicorp/vault tf_req_id=f21481be-5bb4-c4f4-af14-6baac18b61b6 tf_rpc=GetMetadata @module=sdk.framework tf_mux_provider="*proto5server.Server" @caller=github.com/hashicorp/terraform-plugin-framework@v1.19.0/internal/fwserver/server.go:354 timestamp="2026-07-07T23:34:22.333+0800"
2026-07-07T23:34:22.333+0800 [TRACE] provider.terraform-provider-vault_v5.10.1_x5: Found data source type: @module=sdk.framework tf_data_source_type=vault_pki_external_ca_secret_backend_order_challenge tf_mux_provider="*proto5server.Server" @caller=github.com/hashicorp/terraform-plugin-framework@v1.19.0/internal/fwserver/server.go:354 tf_provider_addr=registry.terraform.io/hashicorp/vault tf_req_id=f21481be-5bb4-c4f4-af14-6baac18b61b6 tf_rpc=GetMetadata timestamp="2026-07-07T23:34:22.333+0800"
2026-07-07T23:34:22.333+0800 [TRACE] provider.terraform-provider-vault_v5.10.1_x5: Found data source type: tf_mux_provider="*proto5server.Server" tf_provider_addr=registry.terraform.io/hashicorp/vault tf_req_id=f21481be-5bb4-c4f4-af14-6baac18b61b6 tf_rpc=GetMetadata @caller=github.com/hashicorp/terraform-plugin-framework@v1.19.0/internal/fwserver/server.go:354 @module=sdk.framework tf_data_source_type=vault_plugin_runtimes timestamp="2026-07-07T23:34:22.333+0800"
2026-07-07T23:34:22.333+0800 [TRACE] provider.terraform-provider-vault_v5.10.1_x5: Found data source type: tf_data_source_type=vault_sys_config_cors tf_mux_provider="*proto5server.Server" tf_req_id=f21481be-5bb4-c4f4-af14-6baac18b61b6 @module=sdk.framework tf_provider_addr=registry.terraform.io/hashicorp/vault tf_rpc=GetMetadata @caller=github.com/hashicorp/terraform-plugin-framework@v1.19.0/internal/fwserver/server.go:354 timestamp="2026-07-07T23:34:22.333+0800"
2026-07-07T23:34:22.333+0800 [TRACE] provider.terraform-provider-vault_v5.10.1_x5: Checking EphemeralResourceFuncs lock: @caller=github.com/hashicorp/terraform-plugin-framework@v1.19.0/internal/fwserver/server_ephemeralresources.go:38 @module=sdk.framework tf_provider_addr=registry.terraform.io/hashicorp/vault tf_req_id=f21481be-5bb4-c4f4-af14-6baac18b61b6 tf_data_source_type=vault_auth_backends tf_mux_provider="*proto5server.Server" tf_rpc=GetMetadata timestamp="2026-07-07T23:34:22.333+0800"
2026-07-07T23:34:22.333+0800 [TRACE] provider.terraform-provider-vault_v5.10.1_x5: Checking ProviderTypeName lock: tf_req_id=f21481be-5bb4-c4f4-af14-6baac18b61b6 tf_data_source_type=vault_auth_backends tf_mux_provider="*proto5server.Server" tf_provider_addr=registry.terraform.io/hashicorp/vault tf_rpc=GetMetadata @caller=github.com/hashicorp/terraform-plugin-framework@v1.19.0/internal/fwserver/server.go:476 @module=sdk.framework timestamp="2026-07-07T23:34:22.333+0800"
2026-07-07T23:34:22.333+0800 [TRACE] provider.terraform-provider-vault_v5.10.1_x5: Calling provider defined Provider EphemeralResources: tf_mux_provider="*proto5server.Server" tf_data_source_type=vault_auth_backends tf_provider_addr=registry.terraform.io/hashicorp/vault tf_req_id=f21481be-5bb4-c4f4-af14-6baac18b61b6 tf_rpc=GetMetadata @caller=github.com/hashicorp/terraform-plugin-framework@v1.19.0/internal/fwserver/server_ephemeralresources.go:57 @module=sdk.framework timestamp="2026-07-07T23:34:22.333+0800"
2026-07-07T23:34:22.333+0800 [TRACE] provider.terraform-provider-vault_v5.10.1_x5: Called provider defined Provider EphemeralResources: @caller=github.com/hashicorp/terraform-plugin-framework@v1.19.0/internal/fwserver/server_ephemeralresources.go:59 @module=sdk.framework tf_data_source_type=vault_auth_backends tf_req_id=f21481be-5bb4-c4f4-af14-6baac18b61b6 tf_mux_provider="*proto5server.Server" tf_provider_addr=registry.terraform.io/hashicorp/vault tf_rpc=GetMetadata timestamp="2026-07-07T23:34:22.333+0800"
2026-07-07T23:34:22.333+0800 [TRACE] provider.terraform-provider-vault_v5.10.1_x5: Found ephemeral resource type: tf_data_source_type=vault_auth_backends tf_req_id=f21481be-5bb4-c4f4-af14-6baac18b61b6 @caller=github.com/hashicorp/terraform-plugin-framework@v1.19.0/internal/fwserver/server_ephemeralresources.go:80 tf_ephemeral_resource_type=vault_kv_secret_v2 tf_mux_provider="*proto5server.Server" tf_provider_addr=registry.terraform.io/hashicorp/vault tf_rpc=GetMetadata @module=sdk.framework timestamp="2026-07-07T23:34:22.333+0800"
2026-07-07T23:34:22.333+0800 [TRACE] provider.terraform-provider-vault_v5.10.1_x5: Found ephemeral resource type: tf_req_id=f21481be-5bb4-c4f4-af14-6baac18b61b6 @module=sdk.framework tf_data_source_type=vault_auth_backends tf_ephemeral_resource_type=vault_database_secret tf_mux_provider="*proto5server.Server" tf_provider_addr=registry.terraform.io/hashicorp/vault tf_rpc=GetMetadata @caller=github.com/hashicorp/terraform-plugin-framework@v1.19.0/internal/fwserver/server_ephemeralresources.go:80 timestamp="2026-07-07T23:34:22.333+0800"
2026-07-07T23:34:22.333+0800 [TRACE] provider.terraform-provider-vault_v5.10.1_x5: Found ephemeral resource type: @caller=github.com/hashicorp/terraform-plugin-framework@v1.19.0/internal/fwserver/server_ephemeralresources.go:80 @module=sdk.framework tf_data_source_type=vault_auth_backends tf_req_id=f21481be-5bb4-c4f4-af14-6baac18b61b6 tf_ephemeral_resource_type=vault_generic_secret tf_mux_provider="*proto5server.Server" tf_provider_addr=registry.terraform.io/hashicorp/vault tf_rpc=GetMetadata timestamp="2026-07-07T23:34:22.333+0800"
2026-07-07T23:34:22.333+0800 [TRACE] provider.terraform-provider-vault_v5.10.1_x5: Found ephemeral resource type: tf_req_id=f21481be-5bb4-c4f4-af14-6baac18b61b6 tf_rpc=GetMetadata @caller=github.com/hashicorp/terraform-plugin-framework@v1.19.0/internal/fwserver/server_ephemeralresources.go:80 @module=sdk.framework tf_data_source_type=vault_auth_backends tf_ephemeral_resource_type=vault_azure_static_credentials tf_mux_provider="*proto5server.Server" tf_provider_addr=registry.terraform.io/hashicorp/vault timestamp="2026-07-07T23:34:22.333+0800"
2026-07-07T23:34:22.333+0800 [TRACE] provider.terraform-provider-vault_v5.10.1_x5: Found ephemeral resource type: tf_ephemeral_resource_type=vault_azure_access_credentials tf_req_id=f21481be-5bb4-c4f4-af14-6baac18b61b6 tf_mux_provider="*proto5server.Server" tf_provider_addr=registry.terraform.io/hashicorp/vault tf_rpc=GetMetadata @caller=github.com/hashicorp/terraform-plugin-framework@v1.19.0/internal/fwserver/server_ephemeralresources.go:80 @module=sdk.framework tf_data_source_type=vault_auth_backends timestamp="2026-07-07T23:34:22.333+0800"
2026-07-07T23:34:22.333+0800 [TRACE] provider.terraform-provider-vault_v5.10.1_x5: Found ephemeral resource type: @caller=github.com/hashicorp/terraform-plugin-framework@v1.19.0/internal/fwserver/server_ephemeralresources.go:80 @module=sdk.framework tf_data_source_type=vault_auth_backends tf_mux_provider="*proto5server.Server" tf_provider_addr=registry.terraform.io/hashicorp/vault tf_ephemeral_resource_type=vault_gcp_service_account_key tf_req_id=f21481be-5bb4-c4f4-af14-6baac18b61b6 tf_rpc=GetMetadata timestamp="2026-07-07T23:34:22.333+0800"
2026-07-07T23:34:22.333+0800 [TRACE] provider.terraform-provider-vault_v5.10.1_x5: Found ephemeral resource type: @caller=github.com/hashicorp/terraform-plugin-framework@v1.19.0/internal/fwserver/server_ephemeralresources.go:80 @module=sdk.framework tf_req_id=f21481be-5bb4-c4f4-af14-6baac18b61b6 tf_rpc=GetMetadata tf_data_source_type=vault_auth_backends tf_ephemeral_resource_type=vault_gcp_oauth2_access_token tf_mux_provider="*proto5server.Server" tf_provider_addr=registry.terraform.io/hashicorp/vault timestamp="2026-07-07T23:34:22.333+0800"
2026-07-07T23:34:22.333+0800 [TRACE] provider.terraform-provider-vault_v5.10.1_x5: Found ephemeral resource type: tf_mux_provider="*proto5server.Server" tf_rpc=GetMetadata @caller=github.com/hashicorp/terraform-plugin-framework@v1.19.0/internal/fwserver/server_ephemeralresources.go:80 @module=sdk.framework tf_ephemeral_resource_type=vault_aws_access_credentials tf_provider_addr=registry.terraform.io/hashicorp/vault tf_req_id=f21481be-5bb4-c4f4-af14-6baac18b61b6 tf_data_source_type=vault_auth_backends timestamp="2026-07-07T23:34:22.333+0800"
2026-07-07T23:34:22.333+0800 [TRACE] provider.terraform-provider-vault_v5.10.1_x5: Found ephemeral resource type: tf_data_source_type=vault_auth_backends tf_ephemeral_resource_type=vault_aws_static_access_credentials tf_mux_provider="*proto5server.Server" tf_provider_addr=registry.terraform.io/hashicorp/vault tf_req_id=f21481be-5bb4-c4f4-af14-6baac18b61b6 tf_rpc=GetMetadata @caller=github.com/hashicorp/terraform-plugin-framework@v1.19.0/internal/fwserver/server_ephemeralresources.go:80 @module=sdk.framework timestamp="2026-07-07T23:34:22.333+0800"
2026-07-07T23:34:22.333+0800 [TRACE] provider.terraform-provider-vault_v5.10.1_x5: Found ephemeral resource type: tf_req_id=f21481be-5bb4-c4f4-af14-6baac18b61b6 tf_data_source_type=vault_auth_backends tf_ephemeral_resource_type=vault_alicloud_access_credentials tf_mux_provider="*proto5server.Server" tf_provider_addr=registry.terraform.io/hashicorp/vault tf_rpc=GetMetadata @caller=github.com/hashicorp/terraform-plugin-framework@v1.19.0/internal/fwserver/server_ephemeralresources.go:80 @module=sdk.framework timestamp="2026-07-07T23:34:22.333+0800"
2026-07-07T23:34:22.333+0800 [TRACE] provider.terraform-provider-vault_v5.10.1_x5: Found ephemeral resource type: @caller=github.com/hashicorp/terraform-plugin-framework@v1.19.0/internal/fwserver/server_ephemeralresources.go:80 tf_data_source_type=vault_auth_backends tf_ephemeral_resource_type=vault_approle_auth_backend_role_secret_id tf_rpc=GetMetadata @module=sdk.framework tf_mux_provider="*proto5server.Server" tf_provider_addr=registry.terraform.io/hashicorp/vault tf_req_id=f21481be-5bb4-c4f4-af14-6baac18b61b6 timestamp="2026-07-07T23:34:22.333+0800"
2026-07-07T23:34:22.333+0800 [TRACE] provider.terraform-provider-vault_v5.10.1_x5: Found ephemeral resource type: tf_provider_addr=registry.terraform.io/hashicorp/vault tf_req_id=f21481be-5bb4-c4f4-af14-6baac18b61b6 @caller=github.com/hashicorp/terraform-plugin-framework@v1.19.0/internal/fwserver/server_ephemeralresources.go:80 tf_data_source_type=vault_auth_backends tf_mux_provider="*proto5server.Server" tf_rpc=GetMetadata @module=sdk.framework tf_ephemeral_resource_type=vault_radius_auth_login timestamp="2026-07-07T23:34:22.333+0800"
2026-07-07T23:34:22.333+0800 [TRACE] provider.terraform-provider-vault_v5.10.1_x5: Found ephemeral resource type: @caller=github.com/hashicorp/terraform-plugin-framework@v1.19.0/internal/fwserver/server_ephemeralresources.go:80 @module=sdk.framework tf_data_source_type=vault_auth_backends tf_provider_addr=registry.terraform.io/hashicorp/vault tf_req_id=f21481be-5bb4-c4f4-af14-6baac18b61b6 tf_rpc=GetMetadata tf_ephemeral_resource_type=vault_kubernetes_service_account_token tf_mux_provider="*proto5server.Server" timestamp="2026-07-07T23:34:22.333+0800"
2026-07-07T23:34:22.333+0800 [TRACE] provider.terraform-provider-vault_v5.10.1_x5: Found ephemeral resource type: tf_mux_provider="*proto5server.Server" tf_req_id=f21481be-5bb4-c4f4-af14-6baac18b61b6 tf_rpc=GetMetadata @module=sdk.framework tf_data_source_type=vault_auth_backends tf_provider_addr=registry.terraform.io/hashicorp/vault @caller=github.com/hashicorp/terraform-plugin-framework@v1.19.0/internal/fwserver/server_ephemeralresources.go:80 tf_ephemeral_resource_type=vault_cf_auth_login timestamp="2026-07-07T23:34:22.333+0800"
2026-07-07T23:34:22.333+0800 [TRACE] provider.terraform-provider-vault_v5.10.1_x5: Found ephemeral resource type: tf_ephemeral_resource_type=vault_userpass_auth_login tf_rpc=GetMetadata @module=sdk.framework tf_data_source_type=vault_auth_backends tf_mux_provider="*proto5server.Server" tf_provider_addr=registry.terraform.io/hashicorp/vault tf_req_id=f21481be-5bb4-c4f4-af14-6baac18b61b6 @caller=github.com/hashicorp/terraform-plugin-framework@v1.19.0/internal/fwserver/server_ephemeralresources.go:80 timestamp="2026-07-07T23:34:22.333+0800"
2026-07-07T23:34:22.333+0800 [TRACE] provider.terraform-provider-vault_v5.10.1_x5: Found ephemeral resource type: tf_ephemeral_resource_type=vault_spiffe_secret_backend_mintjwt tf_mux_provider="*proto5server.Server" tf_provider_addr=registry.terraform.io/hashicorp/vault @caller=github.com/hashicorp/terraform-plugin-framework@v1.19.0/internal/fwserver/server_ephemeralresources.go:80 tf_req_id=f21481be-5bb4-c4f4-af14-6baac18b61b6 tf_rpc=GetMetadata @module=sdk.framework tf_data_source_type=vault_auth_backends timestamp="2026-07-07T23:34:22.333+0800"
2026-07-07T23:34:22.333+0800 [TRACE] provider.terraform-provider-vault_v5.10.1_x5: Found ephemeral resource type: @caller=github.com/hashicorp/terraform-plugin-framework@v1.19.0/internal/fwserver/server_ephemeralresources.go:80 @module=sdk.framework tf_mux_provider="*proto5server.Server" tf_req_id=f21481be-5bb4-c4f4-af14-6baac18b61b6 tf_data_source_type=vault_auth_backends tf_ephemeral_resource_type=vault_terraform_token tf_provider_addr=registry.terraform.io/hashicorp/vault tf_rpc=GetMetadata timestamp="2026-07-07T23:34:22.333+0800"
2026-07-07T23:34:22.333+0800 [TRACE] provider.terraform-provider-vault_v5.10.1_x5: Found ephemeral resource type: @module=sdk.framework tf_data_source_type=vault_auth_backends tf_ephemeral_resource_type=vault_token tf_provider_addr=registry.terraform.io/hashicorp/vault @caller=github.com/hashicorp/terraform-plugin-framework@v1.19.0/internal/fwserver/server_ephemeralresources.go:80 tf_mux_provider="*proto5server.Server" tf_req_id=f21481be-5bb4-c4f4-af14-6baac18b61b6 tf_rpc=GetMetadata timestamp="2026-07-07T23:34:22.333+0800"
2026-07-07T23:34:22.333+0800 [TRACE] provider.terraform-provider-vault_v5.10.1_x5: Found ephemeral resource type: tf_data_source_type=vault_auth_backends tf_provider_addr=registry.terraform.io/hashicorp/vault tf_req_id=f21481be-5bb4-c4f4-af14-6baac18b61b6 @caller=github.com/hashicorp/terraform-plugin-framework@v1.19.0/internal/fwserver/server_ephemeralresources.go:80 @module=sdk.framework tf_ephemeral_resource_type=vault_generic_endpoint tf_mux_provider="*proto5server.Server" tf_rpc=GetMetadata timestamp="2026-07-07T23:34:22.333+0800"
2026-07-07T23:34:22.333+0800 [TRACE] provider.terraform-provider-vault_v5.10.1_x5: Checking FunctionTypes lock: @module=sdk.framework tf_provider_addr=registry.terraform.io/hashicorp/vault tf_req_id=f21481be-5bb4-c4f4-af14-6baac18b61b6 tf_rpc=GetMetadata @caller=github.com/hashicorp/terraform-plugin-framework@v1.19.0/internal/fwserver/server_functions.go:124 tf_data_source_type=vault_auth_backends tf_mux_provider="*proto5server.Server" timestamp="2026-07-07T23:34:22.333+0800"
2026-07-07T23:34:22.333+0800 [TRACE] provider.terraform-provider-vault_v5.10.1_x5: Checking ResourceTypes lock: @module=sdk.framework tf_data_source_type=vault_auth_backends tf_req_id=f21481be-5bb4-c4f4-af14-6baac18b61b6 tf_rpc=GetMetadata @caller=github.com/hashicorp/terraform-plugin-framework@v1.19.0/internal/fwserver/server.go:649 tf_mux_provider="*proto5server.Server" tf_provider_addr=registry.terraform.io/hashicorp/vault timestamp="2026-07-07T23:34:22.333+0800"
2026-07-07T23:34:22.333+0800 [TRACE] provider.terraform-provider-vault_v5.10.1_x5: Checking ProviderTypeName lock: @module=sdk.framework tf_data_source_type=vault_auth_backends tf_mux_provider="*proto5server.Server" tf_provider_addr=registry.terraform.io/hashicorp/vault tf_req_id=f21481be-5bb4-c4f4-af14-6baac18b61b6 @caller=github.com/hashicorp/terraform-plugin-framework@v1.19.0/internal/fwserver/server.go:476 tf_rpc=GetMetadata timestamp="2026-07-07T23:34:22.333+0800"
2026-07-07T23:34:22.333+0800 [TRACE] provider.terraform-provider-vault_v5.10.1_x5: Calling provider defined Provider Resources: @caller=github.com/hashicorp/terraform-plugin-framework@v1.19.0/internal/fwserver/server.go:660 tf_data_source_type=vault_auth_backends tf_mux_provider="*proto5server.Server" tf_provider_addr=registry.terraform.io/hashicorp/vault tf_rpc=GetMetadata @module=sdk.framework tf_req_id=f21481be-5bb4-c4f4-af14-6baac18b61b6 timestamp="2026-07-07T23:34:22.333+0800"
2026-07-07T23:34:22.333+0800 [TRACE] provider.terraform-provider-vault_v5.10.1_x5: Called provider defined Provider Resources: @caller=github.com/hashicorp/terraform-plugin-framework@v1.19.0/internal/fwserver/server.go:662 @module=sdk.framework tf_data_source_type=vault_auth_backends tf_mux_provider="*proto5server.Server" tf_provider_addr=registry.terraform.io/hashicorp/vault tf_req_id=f21481be-5bb4-c4f4-af14-6baac18b61b6 tf_rpc=GetMetadata timestamp="2026-07-07T23:34:22.333+0800"
2026-07-07T23:34:22.333+0800 [TRACE] provider.terraform-provider-vault_v5.10.1_x5: Found resource type: tf_data_source_type=vault_auth_backends tf_mux_provider="*proto5server.Server" tf_provider_addr=registry.terraform.io/hashicorp/vault tf_rpc=GetMetadata @caller=github.com/hashicorp/terraform-plugin-framework@v1.19.0/internal/fwserver/server.go:683 @module=sdk.framework tf_req_id=f21481be-5bb4-c4f4-af14-6baac18b61b6 tf_resource_type=vault_spiffe_auth_backend_config timestamp="2026-07-07T23:34:22.333+0800"
2026-07-07T23:34:22.333+0800 [TRACE] provider.terraform-provider-vault_v5.10.1_x5: Found resource type: @module=sdk.framework tf_data_source_type=vault_auth_backends tf_provider_addr=registry.terraform.io/hashicorp/vault tf_req_id=f21481be-5bb4-c4f4-af14-6baac18b61b6 tf_resource_type=vault_spiffe_auth_backend_role tf_mux_provider="*proto5server.Server" tf_rpc=GetMetadata @caller=github.com/hashicorp/terraform-plugin-framework@v1.19.0/internal/fwserver/server.go:683 timestamp="2026-07-07T23:34:22.333+0800"
2026-07-07T23:34:22.333+0800 [TRACE] provider.terraform-provider-vault_v5.10.1_x5: Found resource type: @caller=github.com/hashicorp/terraform-plugin-framework@v1.19.0/internal/fwserver/server.go:683 @module=sdk.framework tf_mux_provider="*proto5server.Server" tf_provider_addr=registry.terraform.io/hashicorp/vault tf_req_id=f21481be-5bb4-c4f4-af14-6baac18b61b6 tf_data_source_type=vault_auth_backends tf_resource_type=vault_cf_auth_backend_config tf_rpc=GetMetadata timestamp="2026-07-07T23:34:22.333+0800"
2026-07-07T23:34:22.333+0800 [TRACE] provider.terraform-provider-vault_v5.10.1_x5: Found resource type: tf_data_source_type=vault_auth_backends tf_mux_provider="*proto5server.Server" tf_provider_addr=registry.terraform.io/hashicorp/vault tf_req_id=f21481be-5bb4-c4f4-af14-6baac18b61b6 @module=sdk.framework tf_resource_type=vault_cf_auth_backend_role tf_rpc=GetMetadata @caller=github.com/hashicorp/terraform-plugin-framework@v1.19.0/internal/fwserver/server.go:683 timestamp="2026-07-07T23:34:22.333+0800"
2026-07-07T23:34:22.333+0800 [TRACE] provider.terraform-provider-vault_v5.10.1_x5: Found resource type: tf_data_source_type=vault_auth_backends tf_rpc=GetMetadata tf_mux_provider="*proto5server.Server" tf_provider_addr=registry.terraform.io/hashicorp/vault tf_req_id=f21481be-5bb4-c4f4-af14-6baac18b61b6 tf_resource_type=vault_userpass_auth_backend_user @caller=github.com/hashicorp/terraform-plugin-framework@v1.19.0/internal/fwserver/server.go:683 @module=sdk.framework timestamp="2026-07-07T23:34:22.333+0800"
2026-07-07T23:34:22.333+0800 [TRACE] provider.terraform-provider-vault_v5.10.1_x5: Found resource type: @caller=github.com/hashicorp/terraform-plugin-framework@v1.19.0/internal/fwserver/server.go:683 @module=sdk.framework tf_mux_provider="*proto5server.Server" tf_resource_type=vault_spiffe_secret_backend_config tf_data_source_type=vault_auth_backends tf_provider_addr=registry.terraform.io/hashicorp/vault tf_req_id=f21481be-5bb4-c4f4-af14-6baac18b61b6 tf_rpc=GetMetadata timestamp="2026-07-07T23:34:22.333+0800"
2026-07-07T23:34:22.333+0800 [TRACE] provider.terraform-provider-vault_v5.10.1_x5: Found resource type: @caller=github.com/hashicorp/terraform-plugin-framework@v1.19.0/internal/fwserver/server.go:683 @module=sdk.framework tf_mux_provider="*proto5server.Server" tf_req_id=f21481be-5bb4-c4f4-af14-6baac18b61b6 tf_rpc=GetMetadata tf_data_source_type=vault_auth_backends tf_provider_addr=registry.terraform.io/hashicorp/vault tf_resource_type=vault_spiffe_secret_backend_role timestamp="2026-07-07T23:34:22.333+0800"
2026-07-07T23:34:22.333+0800 [TRACE] provider.terraform-provider-vault_v5.10.1_x5: Found resource type: tf_mux_provider="*proto5server.Server" tf_provider_addr=registry.terraform.io/hashicorp/vault tf_resource_type=vault_radius_auth_backend tf_rpc=GetMetadata @caller=github.com/hashicorp/terraform-plugin-framework@v1.19.0/internal/fwserver/server.go:683 tf_data_source_type=vault_auth_backends tf_req_id=f21481be-5bb4-c4f4-af14-6baac18b61b6 @module=sdk.framework timestamp="2026-07-07T23:34:22.333+0800"
2026-07-07T23:34:22.333+0800 [TRACE] provider.terraform-provider-vault_v5.10.1_x5: Found resource type: tf_data_source_type=vault_auth_backends tf_mux_provider="*proto5server.Server" tf_provider_addr=registry.terraform.io/hashicorp/vault tf_req_id=f21481be-5bb4-c4f4-af14-6baac18b61b6 tf_resource_type=vault_radius_auth_backend_user tf_rpc=GetMetadata @caller=github.com/hashicorp/terraform-plugin-framework@v1.19.0/internal/fwserver/server.go:683 @module=sdk.framework timestamp="2026-07-07T23:34:22.333+0800"
2026-07-07T23:34:22.333+0800 [TRACE] provider.terraform-provider-vault_v5.10.1_x5: Found resource type: tf_data_source_type=vault_auth_backends tf_mux_provider="*proto5server.Server" tf_resource_type=vault_password_policy @caller=github.com/hashicorp/terraform-plugin-framework@v1.19.0/internal/fwserver/server.go:683 tf_provider_addr=registry.terraform.io/hashicorp/vault tf_req_id=f21481be-5bb4-c4f4-af14-6baac18b61b6 tf_rpc=GetMetadata @module=sdk.framework timestamp="2026-07-07T23:34:22.333+0800"
2026-07-07T23:34:22.333+0800 [TRACE] provider.terraform-provider-vault_v5.10.1_x5: Found resource type: @caller=github.com/hashicorp/terraform-plugin-framework@v1.19.0/internal/fwserver/server.go:683 @module=sdk.framework tf_data_source_type=vault_auth_backends tf_mux_provider="*proto5server.Server" tf_req_id=f21481be-5bb4-c4f4-af14-6baac18b61b6 tf_provider_addr=registry.terraform.io/hashicorp/vault tf_resource_type=vault_config_ui_default_auth tf_rpc=GetMetadata timestamp="2026-07-07T23:34:22.333+0800"
2026-07-07T23:34:22.333+0800 [TRACE] provider.terraform-provider-vault_v5.10.1_x5: Found resource type: @caller=github.com/hashicorp/terraform-plugin-framework@v1.19.0/internal/fwserver/server.go:683 tf_mux_provider="*proto5server.Server" tf_provider_addr=registry.terraform.io/hashicorp/vault tf_rpc=GetMetadata @module=sdk.framework tf_data_source_type=vault_auth_backends tf_req_id=f21481be-5bb4-c4f4-af14-6baac18b61b6 tf_resource_type=vault_config_group_policy_application timestamp="2026-07-07T23:34:22.333+0800"
2026-07-07T23:34:22.333+0800 [TRACE] provider.terraform-provider-vault_v5.10.1_x5: Found resource type: tf_resource_type=vault_config_ui_header @caller=github.com/hashicorp/terraform-plugin-framework@v1.19.0/internal/fwserver/server.go:683 @module=sdk.framework tf_data_source_type=vault_auth_backends tf_req_id=f21481be-5bb4-c4f4-af14-6baac18b61b6 tf_rpc=GetMetadata tf_mux_provider="*proto5server.Server" tf_provider_addr=registry.terraform.io/hashicorp/vault timestamp="2026-07-07T23:34:22.333+0800"
2026-07-07T23:34:22.333+0800 [TRACE] provider.terraform-provider-vault_v5.10.1_x5: Found resource type: tf_data_source_type=vault_auth_backends tf_mux_provider="*proto5server.Server" tf_rpc=GetMetadata @caller=github.com/hashicorp/terraform-plugin-framework@v1.19.0/internal/fwserver/server.go:683 tf_provider_addr=registry.terraform.io/hashicorp/vault tf_req_id=f21481be-5bb4-c4f4-af14-6baac18b61b6 tf_resource_type=vault_rotation_policy @module=sdk.framework timestamp="2026-07-07T23:34:22.333+0800"
2026-07-07T23:34:22.333+0800 [TRACE] provider.terraform-provider-vault_v5.10.1_x5: Found resource type: tf_rpc=GetMetadata @caller=github.com/hashicorp/terraform-plugin-framework@v1.19.0/internal/fwserver/server.go:683 tf_data_source_type=vault_auth_backends tf_provider_addr=registry.terraform.io/hashicorp/vault tf_req_id=f21481be-5bb4-c4f4-af14-6baac18b61b6 tf_resource_type=vault_quota_config @module=sdk.framework tf_mux_provider="*proto5server.Server" timestamp="2026-07-07T23:34:22.333+0800"
2026-07-07T23:34:22.333+0800 [TRACE] provider.terraform-provider-vault_v5.10.1_x5: Found resource type: @caller=github.com/hashicorp/terraform-plugin-framework@v1.19.0/internal/fwserver/server.go:683 @module=sdk.framework tf_data_source_type=vault_auth_backends tf_mux_provider="*proto5server.Server" tf_provider_addr=registry.terraform.io/hashicorp/vault tf_req_id=f21481be-5bb4-c4f4-af14-6baac18b61b6 tf_rpc=GetMetadata tf_resource_type=vault_plugin_runtime timestamp="2026-07-07T23:34:22.333+0800"
2026-07-07T23:34:22.334+0800 [TRACE] provider.terraform-provider-vault_v5.10.1_x5: Found resource type: tf_mux_provider="*proto5server.Server" tf_rpc=GetMetadata @module=sdk.framework tf_data_source_type=vault_auth_backends tf_provider_addr=registry.terraform.io/hashicorp/vault tf_req_id=f21481be-5bb4-c4f4-af14-6baac18b61b6 tf_resource_type=vault_oauth_resource_server_config_profile @caller=github.com/hashicorp/terraform-plugin-framework@v1.19.0/internal/fwserver/server.go:683 timestamp="2026-07-07T23:34:22.333+0800"
2026-07-07T23:34:22.334+0800 [TRACE] provider.terraform-provider-vault_v5.10.1_x5: Found resource type: @module=sdk.framework tf_data_source_type=vault_auth_backends tf_mux_provider="*proto5server.Server" tf_provider_addr=registry.terraform.io/hashicorp/vault tf_req_id=f21481be-5bb4-c4f4-af14-6baac18b61b6 tf_resource_type=vault_agent_registration @caller=github.com/hashicorp/terraform-plugin-framework@v1.19.0/internal/fwserver/server.go:683 tf_rpc=GetMetadata timestamp="2026-07-07T23:34:22.333+0800"
2026-07-07T23:34:22.334+0800 [TRACE] provider.terraform-provider-vault_v5.10.1_x5: Found resource type: @module=sdk.framework tf_data_source_type=vault_auth_backends tf_mux_provider="*proto5server.Server" tf_provider_addr=registry.terraform.io/hashicorp/vault tf_req_id=f21481be-5bb4-c4f4-af14-6baac18b61b6 tf_resource_type=vault_sys_config_cors @caller=github.com/hashicorp/terraform-plugin-framework@v1.19.0/internal/fwserver/server.go:683 tf_rpc=GetMetadata timestamp="2026-07-07T23:34:22.333+0800"
2026-07-07T23:34:22.334+0800 [TRACE] provider.terraform-provider-vault_v5.10.1_x5: Found resource type: @module=sdk.framework tf_data_source_type=vault_auth_backends tf_provider_addr=registry.terraform.io/hashicorp/vault @caller=github.com/hashicorp/terraform-plugin-framework@v1.19.0/internal/fwserver/server.go:683 tf_mux_provider="*proto5server.Server" tf_req_id=f21481be-5bb4-c4f4-af14-6baac18b61b6 tf_resource_type=vault_config_control_group tf_rpc=GetMetadata timestamp="2026-07-07T23:34:22.333+0800"
2026-07-07T23:34:22.334+0800 [TRACE] provider.terraform-provider-vault_v5.10.1_x5: Found resource type: tf_req_id=f21481be-5bb4-c4f4-af14-6baac18b61b6 tf_mux_provider="*proto5server.Server" tf_provider_addr=registry.terraform.io/hashicorp/vault tf_resource_type=vault_raft_snapshot_agent_config tf_rpc=GetMetadata @caller=github.com/hashicorp/terraform-plugin-framework@v1.19.0/internal/fwserver/server.go:683 @module=sdk.framework tf_data_source_type=vault_auth_backends timestamp="2026-07-07T23:34:22.333+0800"
2026-07-07T23:34:22.334+0800 [TRACE] provider.terraform-provider-vault_v5.10.1_x5: Found resource type: tf_rpc=GetMetadata @caller=github.com/hashicorp/terraform-plugin-framework@v1.19.0/internal/fwserver/server.go:683 @module=sdk.framework tf_data_source_type=vault_auth_backends tf_mux_provider="*proto5server.Server" tf_provider_addr=registry.terraform.io/hashicorp/vault tf_req_id=f21481be-5bb4-c4f4-af14-6baac18b61b6 tf_resource_type=vault_azure_secret_backend_static_role timestamp="2026-07-07T23:34:22.333+0800"
2026-07-07T23:34:22.334+0800 [TRACE] provider.terraform-provider-vault_v5.10.1_x5: Found resource type: tf_resource_type=vault_kmip_secret_listener tf_rpc=GetMetadata @caller=github.com/hashicorp/terraform-plugin-framework@v1.19.0/internal/fwserver/server.go:683 tf_data_source_type=vault_auth_backends tf_mux_provider="*proto5server.Server" tf_provider_addr=registry.terraform.io/hashicorp/vault tf_req_id=f21481be-5bb4-c4f4-af14-6baac18b61b6 @module=sdk.framework timestamp="2026-07-07T23:34:22.333+0800"
2026-07-07T23:34:22.334+0800 [TRACE] provider.terraform-provider-vault_v5.10.1_x5: Found resource type: tf_data_source_type=vault_auth_backends tf_provider_addr=registry.terraform.io/hashicorp/vault tf_req_id=f21481be-5bb4-c4f4-af14-6baac18b61b6 tf_rpc=GetMetadata @caller=github.com/hashicorp/terraform-plugin-framework@v1.19.0/internal/fwserver/server.go:683 @module=sdk.framework tf_mux_provider="*proto5server.Server" tf_resource_type=vault_kmip_secret_ca_generated timestamp="2026-07-07T23:34:22.333+0800"
2026-07-07T23:34:22.334+0800 [TRACE] provider.terraform-provider-vault_v5.10.1_x5: Found resource type: tf_req_id=f21481be-5bb4-c4f4-af14-6baac18b61b6 @module=sdk.framework tf_mux_provider="*proto5server.Server" tf_resource_type=vault_kmip_secret_ca_imported tf_rpc=GetMetadata @caller=github.com/hashicorp/terraform-plugin-framework@v1.19.0/internal/fwserver/server.go:683 tf_data_source_type=vault_auth_backends tf_provider_addr=registry.terraform.io/hashicorp/vault timestamp="2026-07-07T23:34:22.333+0800"
2026-07-07T23:34:22.334+0800 [TRACE] provider.terraform-provider-vault_v5.10.1_x5: Found resource type: @caller=github.com/hashicorp/terraform-plugin-framework@v1.19.0/internal/fwserver/server.go:683 @module=sdk.framework tf_mux_provider="*proto5server.Server" tf_req_id=f21481be-5bb4-c4f4-af14-6baac18b61b6 tf_rpc=GetMetadata tf_data_source_type=vault_auth_backends tf_provider_addr=registry.terraform.io/hashicorp/vault tf_resource_type=vault_os_secret_backend timestamp="2026-07-07T23:34:22.333+0800"
2026-07-07T23:34:22.334+0800 [TRACE] provider.terraform-provider-vault_v5.10.1_x5: Found resource type: @module=sdk.framework tf_provider_addr=registry.terraform.io/hashicorp/vault tf_rpc=GetMetadata @caller=github.com/hashicorp/terraform-plugin-framework@v1.19.0/internal/fwserver/server.go:683 tf_data_source_type=vault_auth_backends tf_mux_provider="*proto5server.Server" tf_req_id=f21481be-5bb4-c4f4-af14-6baac18b61b6 tf_resource_type=vault_os_secret_backend_host timestamp="2026-07-07T23:34:22.333+0800"
2026-07-07T23:34:22.334+0800 [TRACE] provider.terraform-provider-vault_v5.10.1_x5: Found resource type: tf_data_source_type=vault_auth_backends tf_provider_addr=registry.terraform.io/hashicorp/vault tf_req_id=f21481be-5bb4-c4f4-af14-6baac18b61b6 tf_resource_type=vault_os_secret_backend_account tf_mux_provider="*proto5server.Server" tf_rpc=GetMetadata @caller=github.com/hashicorp/terraform-plugin-framework@v1.19.0/internal/fwserver/server.go:683 @module=sdk.framework timestamp="2026-07-07T23:34:22.333+0800"
2026-07-07T23:34:22.334+0800 [TRACE] provider.terraform-provider-vault_v5.10.1_x5: Found resource type: @module=sdk.framework tf_data_source_type=vault_auth_backends tf_mux_provider="*proto5server.Server" tf_rpc=GetMetadata @caller=github.com/hashicorp/terraform-plugin-framework@v1.19.0/internal/fwserver/server.go:683 tf_provider_addr=registry.terraform.io/hashicorp/vault tf_req_id=f21481be-5bb4-c4f4-af14-6baac18b61b6 tf_resource_type=vault_pki_external_ca_secret_backend_acme_account timestamp="2026-07-07T23:34:22.333+0800"
2026-07-07T23:34:22.334+0800 [TRACE] provider.terraform-provider-vault_v5.10.1_x5: Found resource type: tf_req_id=f21481be-5bb4-c4f4-af14-6baac18b61b6 tf_resource_type=vault_pki_external_ca_secret_backend_role tf_provider_addr=registry.terraform.io/hashicorp/vault tf_rpc=GetMetadata @caller=github.com/hashicorp/terraform-plugin-framework@v1.19.0/internal/fwserver/server.go:683 @module=sdk.framework tf_data_source_type=vault_auth_backends tf_mux_provider="*proto5server.Server" timestamp="2026-07-07T23:34:22.333+0800"
2026-07-07T23:34:22.334+0800 [TRACE] provider.terraform-provider-vault_v5.10.1_x5: Found resource type: tf_rpc=GetMetadata @caller=github.com/hashicorp/terraform-plugin-framework@v1.19.0/internal/fwserver/server.go:683 @module=sdk.framework tf_data_source_type=vault_auth_backends tf_provider_addr=registry.terraform.io/hashicorp/vault tf_req_id=f21481be-5bb4-c4f4-af14-6baac18b61b6 tf_resource_type=vault_pki_external_ca_secret_backend_order tf_mux_provider="*proto5server.Server" timestamp="2026-07-07T23:34:22.333+0800"
2026-07-07T23:34:22.334+0800 [TRACE] provider.terraform-provider-vault_v5.10.1_x5: Found resource type: tf_req_id=f21481be-5bb4-c4f4-af14-6baac18b61b6 tf_resource_type=vault_pki_external_ca_secret_backend_order_challenge_fulfilled tf_provider_addr=registry.terraform.io/hashicorp/vault tf_rpc=GetMetadata @caller=github.com/hashicorp/terraform-plugin-framework@v1.19.0/internal/fwserver/server.go:683 @module=sdk.framework tf_data_source_type=vault_auth_backends tf_mux_provider="*proto5server.Server" timestamp="2026-07-07T23:34:22.333+0800"
2026-07-07T23:34:22.334+0800 [TRACE] provider.terraform-provider-vault_v5.10.1_x5: Found resource type: tf_data_source_type=vault_auth_backends tf_mux_provider="*proto5server.Server" tf_req_id=f21481be-5bb4-c4f4-af14-6baac18b61b6 tf_resource_type=vault_pki_external_ca_secret_backend_order_certificate tf_rpc=GetMetadata @caller=github.com/hashicorp/terraform-plugin-framework@v1.19.0/internal/fwserver/server.go:683 @module=sdk.framework tf_provider_addr=registry.terraform.io/hashicorp/vault timestamp="2026-07-07T23:34:22.333+0800"
2026-07-07T23:34:22.334+0800 [TRACE] provider.terraform-provider-vault_v5.10.1_x5: Found resource type: @module=sdk.framework tf_mux_provider="*proto5server.Server" tf_req_id=f21481be-5bb4-c4f4-af14-6baac18b61b6 tf_resource_type=vault_activation_flags @caller=github.com/hashicorp/terraform-plugin-framework@v1.19.0/internal/fwserver/server.go:683 tf_data_source_type=vault_auth_backends tf_provider_addr=registry.terraform.io/hashicorp/vault tf_rpc=GetMetadata timestamp="2026-07-07T23:34:22.333+0800"
2026-07-07T23:34:22.334+0800 [TRACE] provider.terraform-provider-vault_v5.10.1_x5: Found resource type: tf_mux_provider="*proto5server.Server" tf_provider_addr=registry.terraform.io/hashicorp/vault tf_req_id=f21481be-5bb4-c4f4-af14-6baac18b61b6 tf_rpc=GetMetadata @module=sdk.framework tf_data_source_type=vault_auth_backends tf_resource_type=vault_keymgmt_key @caller=github.com/hashicorp/terraform-plugin-framework@v1.19.0/internal/fwserver/server.go:683 timestamp="2026-07-07T23:34:22.333+0800"
2026-07-07T23:34:22.334+0800 [TRACE] provider.terraform-provider-vault_v5.10.1_x5: Found resource type: tf_rpc=GetMetadata @module=sdk.framework tf_provider_addr=registry.terraform.io/hashicorp/vault tf_resource_type=vault_keymgmt_aws_kms @caller=github.com/hashicorp/terraform-plugin-framework@v1.19.0/internal/fwserver/server.go:683 tf_data_source_type=vault_auth_backends tf_mux_provider="*proto5server.Server" tf_req_id=f21481be-5bb4-c4f4-af14-6baac18b61b6 timestamp="2026-07-07T23:34:22.333+0800"
2026-07-07T23:34:22.334+0800 [TRACE] provider.terraform-provider-vault_v5.10.1_x5: Found resource type: tf_mux_provider="*proto5server.Server" tf_resource_type=vault_keymgmt_azure_kms tf_rpc=GetMetadata @caller=github.com/hashicorp/terraform-plugin-framework@v1.19.0/internal/fwserver/server.go:683 @module=sdk.framework tf_data_source_type=vault_auth_backends tf_provider_addr=registry.terraform.io/hashicorp/vault tf_req_id=f21481be-5bb4-c4f4-af14-6baac18b61b6 timestamp="2026-07-07T23:34:22.333+0800"
2026-07-07T23:34:22.334+0800 [TRACE] provider.terraform-provider-vault_v5.10.1_x5: Found resource type: @caller=github.com/hashicorp/terraform-plugin-framework@v1.19.0/internal/fwserver/server.go:683 @module=sdk.framework tf_mux_provider="*proto5server.Server" tf_provider_addr=registry.terraform.io/hashicorp/vault tf_req_id=f21481be-5bb4-c4f4-af14-6baac18b61b6 tf_rpc=GetMetadata tf_data_source_type=vault_auth_backends tf_resource_type=vault_keymgmt_gcp_kms timestamp="2026-07-07T23:34:22.333+0800"
2026-07-07T23:34:22.334+0800 [TRACE] provider.terraform-provider-vault_v5.10.1_x5: Found resource type: @module=sdk.framework tf_mux_provider="*proto5server.Server" tf_req_id=f21481be-5bb4-c4f4-af14-6baac18b61b6 tf_rpc=GetMetadata @caller=github.com/hashicorp/terraform-plugin-framework@v1.19.0/internal/fwserver/server.go:683 tf_data_source_type=vault_auth_backends tf_provider_addr=registry.terraform.io/hashicorp/vault tf_resource_type=vault_keymgmt_key_rotate timestamp="2026-07-07T23:34:22.333+0800"
2026-07-07T23:34:22.334+0800 [TRACE] provider.terraform-provider-vault_v5.10.1_x5: Found resource type: @caller=github.com/hashicorp/terraform-plugin-framework@v1.19.0/internal/fwserver/server.go:683 @module=sdk.framework tf_data_source_type=vault_auth_backends tf_mux_provider="*proto5server.Server" tf_provider_addr=registry.terraform.io/hashicorp/vault tf_req_id=f21481be-5bb4-c4f4-af14-6baac18b61b6 tf_resource_type=vault_keymgmt_distribute_key tf_rpc=GetMetadata timestamp="2026-07-07T23:34:22.333+0800"
2026-07-07T23:34:22.334+0800 [TRACE] provider.terraform-provider-vault_v5.10.1_x5: Found resource type: tf_req_id=f21481be-5bb4-c4f4-af14-6baac18b61b6 @module=sdk.framework tf_provider_addr=registry.terraform.io/hashicorp/vault tf_resource_type=vault_keymgmt_replicate_key tf_rpc=GetMetadata @caller=github.com/hashicorp/terraform-plugin-framework@v1.19.0/internal/fwserver/server.go:683 tf_data_source_type=vault_auth_backends tf_mux_provider="*proto5server.Server" timestamp="2026-07-07T23:34:22.334+0800"
2026-07-07T23:34:22.334+0800 [TRACE] provider.terraform-provider-vault_v5.10.1_x5: Found resource type: tf_req_id=f21481be-5bb4-c4f4-af14-6baac18b61b6 @module=sdk.framework tf_data_source_type=vault_auth_backends tf_mux_provider="*proto5server.Server" tf_provider_addr=registry.terraform.io/hashicorp/vault tf_resource_type=vault_alicloud_secret_backend tf_rpc=GetMetadata @caller=github.com/hashicorp/terraform-plugin-framework@v1.19.0/internal/fwserver/server.go:683 timestamp="2026-07-07T23:34:22.334+0800"
2026-07-07T23:34:22.334+0800 [TRACE] provider.terraform-provider-vault_v5.10.1_x5: Found resource type: tf_mux_provider="*proto5server.Server" tf_req_id=f21481be-5bb4-c4f4-af14-6baac18b61b6 tf_resource_type=vault_alicloud_secret_backend_role @caller=github.com/hashicorp/terraform-plugin-framework@v1.19.0/internal/fwserver/server.go:683 tf_provider_addr=registry.terraform.io/hashicorp/vault tf_rpc=GetMetadata @module=sdk.framework tf_data_source_type=vault_auth_backends timestamp="2026-07-07T23:34:22.334+0800"
2026-07-07T23:34:22.334+0800 [TRACE] provider.terraform-provider-vault_v5.10.1_x5: Checking StateStoreFuncs lock: tf_data_source_type=vault_auth_backends tf_rpc=GetMetadata @caller=github.com/hashicorp/terraform-plugin-framework@v1.19.0/internal/fwserver/server_statestore.go:38 @module=sdk.framework tf_mux_provider="*proto5server.Server" tf_provider_addr=registry.terraform.io/hashicorp/vault tf_req_id=f21481be-5bb4-c4f4-af14-6baac18b61b6 timestamp="2026-07-07T23:34:22.334+0800"
2026-07-07T23:34:22.334+0800 [TRACE] provider.terraform-provider-vault_v5.10.1_x5: Checking ProviderTypeName lock: tf_mux_provider="*proto5server.Server" tf_provider_addr=registry.terraform.io/hashicorp/vault tf_rpc=GetMetadata tf_data_source_type=vault_auth_backends tf_req_id=f21481be-5bb4-c4f4-af14-6baac18b61b6 @caller=github.com/hashicorp/terraform-plugin-framework@v1.19.0/internal/fwserver/server.go:476 @module=sdk.framework timestamp="2026-07-07T23:34:22.334+0800"
2026-07-07T23:34:22.334+0800 [TRACE] provider.terraform-provider-vault_v5.10.1_x5: calling downstream server: @module=sdk.mux tf_mux_provider="*schema.GRPCProviderServer" tf_rpc=ValidateDataSourceConfig @caller=github.com/hashicorp/terraform-plugin-mux@v0.23.1/internal/logging/mux.go:19 timestamp="2026-07-07T23:34:22.334+0800"
2026-07-07T23:34:22.334+0800 [TRACE] provider.terraform-provider-vault_v5.10.1_x5: Calling downstream: @caller=github.com/hashicorp/terraform-plugin-sdk/v2@v2.40.1/helper/schema/grpc_provider.go:464 tf_data_source_type=vault_auth_backends tf_req_id=f21481be-5bb4-c4f4-af14-6baac18b61b6 tf_rpc=ValidateDataSourceConfig @module=sdk.helper_schema tf_mux_provider="*schema.GRPCProviderServer" tf_provider_addr=registry.terraform.io/hashicorp/vault timestamp="2026-07-07T23:34:22.334+0800"
2026-07-07T23:34:22.334+0800 [TRACE] provider.terraform-provider-vault_v5.10.1_x5: Called downstream: tf_data_source_type=vault_auth_backends tf_provider_addr=registry.terraform.io/hashicorp/vault @caller=github.com/hashicorp/terraform-plugin-sdk/v2@v2.40.1/helper/schema/grpc_provider.go:466 @module=sdk.helper_schema tf_mux_provider="*schema.GRPCProviderServer" tf_req_id=f21481be-5bb4-c4f4-af14-6baac18b61b6 tf_rpc=ValidateDataSourceConfig timestamp="2026-07-07T23:34:22.334+0800"
2026-07-07T23:34:22.334+0800 [TRACE] provider.terraform-provider-vault_v5.10.1_x5: Received downstream response: tf_provider_addr=registry.terraform.io/hashicorp/vault diagnostic_error_count=0 diagnostic_warning_count=0 tf_data_source_type=vault_auth_backends tf_req_duration_ms=0 tf_req_id=f21481be-5bb4-c4f4-af14-6baac18b61b6 tf_rpc=ValidateDataSourceConfig @caller=github.com/hashicorp/terraform-plugin-go@v0.31.0/tfprotov5/internal/tf5serverlogging/downstream_request.go:61 @module=sdk.proto tf_proto_version=5.11 timestamp="2026-07-07T23:34:22.334+0800"
2026-07-07T23:34:22.334+0800 [TRACE] provider.terraform-provider-vault_v5.10.1_x5: Served request: tf_data_source_type=vault_auth_backends tf_proto_version=5.11 tf_req_id=f21481be-5bb4-c4f4-af14-6baac18b61b6 @caller=github.com/hashicorp/terraform-plugin-go@v0.31.0/tfprotov5/tf5server/server.go:717 tf_provider_addr=registry.terraform.io/hashicorp/vault tf_rpc=ValidateDataSourceConfig @module=sdk.proto timestamp="2026-07-07T23:34:22.334+0800"
2026-07-07T23:34:22.334+0800 [TRACE] provider.terraform-provider-vault_v5.10.1_x5: Received request: @module=sdk.proto tf_data_source_type=vault_auth_backends tf_provider_addr=registry.terraform.io/hashicorp/vault tf_req_id=d393ab17-99a3-2236-10a7-d10ee67eb3ed @caller=github.com/hashicorp/terraform-plugin-go@v0.31.0/tfprotov5/tf5server/server.go:697 tf_proto_version=5.11 tf_rpc=ValidateDataSourceConfig timestamp="2026-07-07T23:34:22.333+0800"
2026-07-07T23:34:22.334+0800 [TRACE] provider.terraform-provider-vault_v5.10.1_x5: Sending request downstream: tf_proto_version=5.11 tf_rpc=ValidateDataSourceConfig tf_data_source_type=vault_auth_backends tf_provider_addr=registry.terraform.io/hashicorp/vault tf_req_id=d393ab17-99a3-2236-10a7-d10ee67eb3ed @caller=github.com/hashicorp/terraform-plugin-go@v0.31.0/tfprotov5/internal/tf5serverlogging/downstream_request.go:22 @module=sdk.proto timestamp="2026-07-07T23:34:22.333+0800"
2026-07-07T23:34:22.334+0800 [TRACE] provider.terraform-provider-vault_v5.10.1_x5: starting underlying server discovery via GetMetadata or GetProviderSchema: @module=sdk.mux tf_rpc=ValidateDataSourceConfig @caller=github.com/hashicorp/terraform-plugin-mux@v0.23.1/internal/logging/mux.go:19 timestamp="2026-07-07T23:34:22.333+0800"
2026-07-07T23:34:22.334+0800 [TRACE] provider.terraform-provider-vault_v5.10.1_x5: calling GetMetadata for discovery: @module=sdk.mux tf_mux_provider="*schema.GRPCProviderServer" tf_rpc=GetMetadata @caller=github.com/hashicorp/terraform-plugin-mux@v0.23.1/internal/logging/mux.go:19 timestamp="2026-07-07T23:34:22.333+0800"
2026-07-07T23:34:22.334+0800 [TRACE] provider.terraform-provider-vault_v5.10.1_x5: Getting provider metadata: @module=sdk.helper_schema tf_data_source_type=vault_auth_backends tf_mux_provider="*schema.GRPCProviderServer" tf_req_id=d393ab17-99a3-2236-10a7-d10ee67eb3ed tf_rpc=GetMetadata tf_provider_addr=registry.terraform.io/hashicorp/vault @caller=github.com/hashicorp/terraform-plugin-sdk/v2@v2.40.1/helper/schema/grpc_provider.go:196 timestamp="2026-07-07T23:34:22.333+0800"
2026-07-07T23:34:22.334+0800 [TRACE] provider.terraform-provider-vault_v5.10.1_x5: calling GetMetadata for discovery: tf_mux_provider="*proto5server.Server" tf_rpc=GetMetadata @caller=github.com/hashicorp/terraform-plugin-mux@v0.23.1/internal/logging/mux.go:19 @module=sdk.mux timestamp="2026-07-07T23:34:22.333+0800"
2026-07-07T23:34:22.334+0800 [TRACE] provider.terraform-provider-vault_v5.10.1_x5: Checking ActionFuncs lock: tf_provider_addr=registry.terraform.io/hashicorp/vault tf_rpc=GetMetadata @caller=github.com/hashicorp/terraform-plugin-framework@v1.19.0/internal/fwserver/server_actions.go:38 tf_mux_provider="*proto5server.Server" tf_req_id=d393ab17-99a3-2236-10a7-d10ee67eb3ed @module=sdk.framework tf_data_source_type=vault_auth_backends timestamp="2026-07-07T23:34:22.333+0800"
2026-07-07T23:34:22.334+0800 [TRACE] vertex "data.vault_auth_backends.vault-dev-server1": visit complete
2026-07-07T23:34:22.334+0800 [TRACE] provider.terraform-provider-vault_v5.10.1_x5: Checking ProviderTypeName lock: @module=sdk.framework tf_data_source_type=vault_auth_backends tf_req_id=d393ab17-99a3-2236-10a7-d10ee67eb3ed tf_rpc=GetMetadata @caller=github.com/hashicorp/terraform-plugin-framework@v1.19.0/internal/fwserver/server.go:476 tf_mux_provider="*proto5server.Server" tf_provider_addr=registry.terraform.io/hashicorp/vault timestamp="2026-07-07T23:34:22.333+0800"
2026-07-07T23:34:22.334+0800 [TRACE] provider.terraform-provider-vault_v5.10.1_x5: Calling provider defined Provider Metadata: tf_rpc=GetMetadata tf_data_source_type=vault_auth_backends tf_provider_addr=registry.terraform.io/hashicorp/vault @caller=github.com/hashicorp/terraform-plugin-framework@v1.19.0/internal/fwserver/server.go:487 @module=sdk.framework tf_mux_provider="*proto5server.Server" tf_req_id=d393ab17-99a3-2236-10a7-d10ee67eb3ed timestamp="2026-07-07T23:34:22.333+0800"
2026-07-07T23:34:22.334+0800 [TRACE] provider.terraform-provider-vault_v5.10.1_x5: Called provider defined Provider Metadata: tf_rpc=GetMetadata @caller=github.com/hashicorp/terraform-plugin-framework@v1.19.0/internal/fwserver/server.go:489 @module=sdk.framework tf_data_source_type=vault_auth_backends tf_provider_addr=registry.terraform.io/hashicorp/vault tf_mux_provider="*proto5server.Server" tf_req_id=d393ab17-99a3-2236-10a7-d10ee67eb3ed timestamp="2026-07-07T23:34:22.333+0800"
2026-07-07T23:34:22.334+0800 [TRACE] provider.terraform-provider-vault_v5.10.1_x5: Checking DataSourceTypes lock: tf_provider_addr=registry.terraform.io/hashicorp/vault tf_rpc=GetMetadata @caller=github.com/hashicorp/terraform-plugin-framework@v1.19.0/internal/fwserver/server.go:320 tf_data_source_type=vault_auth_backends tf_mux_provider="*proto5server.Server" tf_req_id=d393ab17-99a3-2236-10a7-d10ee67eb3ed @module=sdk.framework timestamp="2026-07-07T23:34:22.333+0800"
2026-07-07T23:34:22.334+0800 [TRACE] provider.terraform-provider-vault_v5.10.1_x5: Checking ProviderTypeName lock: @module=sdk.framework tf_rpc=GetMetadata @caller=github.com/hashicorp/terraform-plugin-framework@v1.19.0/internal/fwserver/server.go:476 tf_data_source_type=vault_auth_backends tf_mux_provider="*proto5server.Server" tf_provider_addr=registry.terraform.io/hashicorp/vault tf_req_id=d393ab17-99a3-2236-10a7-d10ee67eb3ed timestamp="2026-07-07T23:34:22.333+0800"
2026-07-07T23:34:22.334+0800 [TRACE] provider.terraform-provider-vault_v5.10.1_x5: Calling provider defined Provider DataSources: @module=sdk.framework tf_mux_provider="*proto5server.Server" tf_provider_addr=registry.terraform.io/hashicorp/vault tf_rpc=GetMetadata @caller=github.com/hashicorp/terraform-plugin-framework@v1.19.0/internal/fwserver/server.go:331 tf_data_source_type=vault_auth_backends tf_req_id=d393ab17-99a3-2236-10a7-d10ee67eb3ed timestamp="2026-07-07T23:34:22.333+0800"
2026-07-07T23:34:22.334+0800 [TRACE] provider.terraform-provider-vault_v5.10.1_x5: Called provider defined Provider DataSources: tf_provider_addr=registry.terraform.io/hashicorp/vault tf_rpc=GetMetadata tf_data_source_type=vault_auth_backends tf_req_id=d393ab17-99a3-2236-10a7-d10ee67eb3ed @caller=github.com/hashicorp/terraform-plugin-framework@v1.19.0/internal/fwserver/server.go:333 @module=sdk.framework tf_mux_provider="*proto5server.Server" timestamp="2026-07-07T23:34:22.333+0800"
2026-07-07T23:34:22.334+0800 [TRACE] vertex "provider[\"registry.terraform.io/hashicorp/vault\"].vrd1 (close)": starting visit (*terraform.graphNodeCloseProvider)
2026-07-07T23:34:22.334+0800 [TRACE] provider.terraform-provider-vault_v5.10.1_x5: Found data source type: tf_provider_addr=registry.terraform.io/hashicorp/vault tf_req_id=d393ab17-99a3-2236-10a7-d10ee67eb3ed tf_rpc=GetMetadata tf_mux_provider="*proto5server.Server" @caller=github.com/hashicorp/terraform-plugin-framework@v1.19.0/internal/fwserver/server.go:354 @module=sdk.framework tf_data_source_type=vault_activation_flags timestamp="2026-07-07T23:34:22.333+0800"
2026-07-07T23:34:22.334+0800 [TRACE] provider.terraform-provider-vault_v5.10.1_x5: Found data source type: tf_mux_provider="*proto5server.Server" tf_provider_addr=registry.terraform.io/hashicorp/vault tf_req_id=d393ab17-99a3-2236-10a7-d10ee67eb3ed tf_rpc=GetMetadata @caller=github.com/hashicorp/terraform-plugin-framework@v1.19.0/internal/fwserver/server.go:354 tf_data_source_type=vault_pki_external_ca_secret_backend_order_challenge @module=sdk.framework timestamp="2026-07-07T23:34:22.333+0800"
2026-07-07T23:34:22.334+0800 [TRACE] vertex "provider[\"registry.terraform.io/hashicorp/vault\"].vrd1 (close)": does not belong to any module instance
2026-07-07T23:34:22.334+0800 [TRACE] provider.terraform-provider-vault_v5.10.1_x5: Found data source type: @module=sdk.framework tf_data_source_type=vault_plugin_runtimes tf_provider_addr=registry.terraform.io/hashicorp/vault tf_rpc=GetMetadata @caller=github.com/hashicorp/terraform-plugin-framework@v1.19.0/internal/fwserver/server.go:354 tf_mux_provider="*proto5server.Server" tf_req_id=d393ab17-99a3-2236-10a7-d10ee67eb3ed timestamp="2026-07-07T23:34:22.333+0800"
2026-07-07T23:34:22.334+0800 [TRACE] GRPCProvider: Close
2026-07-07T23:34:22.334+0800 [TRACE] provider.terraform-provider-vault_v5.10.1_x5: Found data source type: tf_rpc=GetMetadata @caller=github.com/hashicorp/terraform-plugin-framework@v1.19.0/internal/fwserver/server.go:354 tf_provider_addr=registry.terraform.io/hashicorp/vault tf_req_id=d393ab17-99a3-2236-10a7-d10ee67eb3ed @module=sdk.framework tf_data_source_type=vault_sys_config_cors tf_mux_provider="*proto5server.Server" timestamp="2026-07-07T23:34:22.333+0800"
2026-07-07T23:34:22.334+0800 [TRACE] provider.terraform-provider-vault_v5.10.1_x5: Checking EphemeralResourceFuncs lock: @caller=github.com/hashicorp/terraform-plugin-framework@v1.19.0/internal/fwserver/server_ephemeralresources.go:38 @module=sdk.framework tf_data_source_type=vault_auth_backends tf_mux_provider="*proto5server.Server" tf_provider_addr=registry.terraform.io/hashicorp/vault tf_req_id=d393ab17-99a3-2236-10a7-d10ee67eb3ed tf_rpc=GetMetadata timestamp="2026-07-07T23:34:22.333+0800"
2026-07-07T23:34:22.334+0800 [TRACE] provider.terraform-provider-vault_v5.10.1_x5: Checking ProviderTypeName lock: tf_mux_provider="*proto5server.Server" tf_rpc=GetMetadata @caller=github.com/hashicorp/terraform-plugin-framework@v1.19.0/internal/fwserver/server.go:476 @module=sdk.framework tf_data_source_type=vault_auth_backends tf_provider_addr=registry.terraform.io/hashicorp/vault tf_req_id=d393ab17-99a3-2236-10a7-d10ee67eb3ed timestamp="2026-07-07T23:34:22.333+0800"
2026-07-07T23:34:22.334+0800 [TRACE] provider.terraform-provider-vault_v5.10.1_x5: Calling provider defined Provider EphemeralResources: @module=sdk.framework tf_mux_provider="*proto5server.Server" tf_provider_addr=registry.terraform.io/hashicorp/vault tf_req_id=d393ab17-99a3-2236-10a7-d10ee67eb3ed @caller=github.com/hashicorp/terraform-plugin-framework@v1.19.0/internal/fwserver/server_ephemeralresources.go:57 tf_data_source_type=vault_auth_backends tf_rpc=GetMetadata timestamp="2026-07-07T23:34:22.333+0800"
2026-07-07T23:34:22.334+0800 [TRACE] provider.terraform-provider-vault_v5.10.1_x5: Called provider defined Provider EphemeralResources: @caller=github.com/hashicorp/terraform-plugin-framework@v1.19.0/internal/fwserver/server_ephemeralresources.go:59 tf_mux_provider="*proto5server.Server" tf_provider_addr=registry.terraform.io/hashicorp/vault tf_req_id=d393ab17-99a3-2236-10a7-d10ee67eb3ed @module=sdk.framework tf_data_source_type=vault_auth_backends tf_rpc=GetMetadata timestamp="2026-07-07T23:34:22.333+0800"
2026-07-07T23:34:22.334+0800 [TRACE] provider.terraform-provider-vault_v5.10.1_x5: Found ephemeral resource type: tf_rpc=GetMetadata @module=sdk.framework tf_data_source_type=vault_auth_backends tf_ephemeral_resource_type=vault_kv_secret_v2 tf_mux_provider="*proto5server.Server" @caller=github.com/hashicorp/terraform-plugin-framework@v1.19.0/internal/fwserver/server_ephemeralresources.go:80 tf_provider_addr=registry.terraform.io/hashicorp/vault tf_req_id=d393ab17-99a3-2236-10a7-d10ee67eb3ed timestamp="2026-07-07T23:34:22.333+0800"
2026-07-07T23:34:22.334+0800 [TRACE] provider.terraform-provider-vault_v5.10.1_x5: Found ephemeral resource type: tf_mux_provider="*proto5server.Server" @module=sdk.framework tf_data_source_type=vault_auth_backends tf_ephemeral_resource_type=vault_database_secret tf_provider_addr=registry.terraform.io/hashicorp/vault tf_req_id=d393ab17-99a3-2236-10a7-d10ee67eb3ed tf_rpc=GetMetadata @caller=github.com/hashicorp/terraform-plugin-framework@v1.19.0/internal/fwserver/server_ephemeralresources.go:80 timestamp="2026-07-07T23:34:22.333+0800"
2026-07-07T23:34:22.334+0800 [TRACE] provider.terraform-provider-vault_v5.10.1_x5: Found ephemeral resource type: tf_provider_addr=registry.terraform.io/hashicorp/vault tf_req_id=d393ab17-99a3-2236-10a7-d10ee67eb3ed @caller=github.com/hashicorp/terraform-plugin-framework@v1.19.0/internal/fwserver/server_ephemeralresources.go:80 tf_data_source_type=vault_auth_backends tf_ephemeral_resource_type=vault_generic_secret tf_mux_provider="*proto5server.Server" tf_rpc=GetMetadata @module=sdk.framework timestamp="2026-07-07T23:34:22.333+0800"
2026-07-07T23:34:22.334+0800 [TRACE] provider.terraform-provider-vault_v5.10.1_x5: Found ephemeral resource type: tf_ephemeral_resource_type=vault_azure_static_credentials tf_mux_provider="*proto5server.Server" tf_provider_addr=registry.terraform.io/hashicorp/vault tf_rpc=GetMetadata @caller=github.com/hashicorp/terraform-plugin-framework@v1.19.0/internal/fwserver/server_ephemeralresources.go:80 @module=sdk.framework tf_data_source_type=vault_auth_backends tf_req_id=d393ab17-99a3-2236-10a7-d10ee67eb3ed timestamp="2026-07-07T23:34:22.333+0800"
2026-07-07T23:34:22.334+0800 [TRACE] provider.terraform-provider-vault_v5.10.1_x5: Found ephemeral resource type: tf_mux_provider="*proto5server.Server" tf_provider_addr=registry.terraform.io/hashicorp/vault tf_req_id=d393ab17-99a3-2236-10a7-d10ee67eb3ed tf_rpc=GetMetadata @caller=github.com/hashicorp/terraform-plugin-framework@v1.19.0/internal/fwserver/server_ephemeralresources.go:80 @module=sdk.framework tf_data_source_type=vault_auth_backends tf_ephemeral_resource_type=vault_azure_access_credentials timestamp="2026-07-07T23:34:22.333+0800"
2026-07-07T23:34:22.334+0800 [TRACE] provider.terraform-provider-vault_v5.10.1_x5: Found ephemeral resource type: tf_data_source_type=vault_auth_backends tf_mux_provider="*proto5server.Server" tf_req_id=d393ab17-99a3-2236-10a7-d10ee67eb3ed tf_ephemeral_resource_type=vault_gcp_service_account_key tf_provider_addr=registry.terraform.io/hashicorp/vault tf_rpc=GetMetadata @caller=github.com/hashicorp/terraform-plugin-framework@v1.19.0/internal/fwserver/server_ephemeralresources.go:80 @module=sdk.framework timestamp="2026-07-07T23:34:22.333+0800"
2026-07-07T23:34:22.334+0800 [TRACE] provider.terraform-provider-vault_v5.10.1_x5: Found ephemeral resource type: @caller=github.com/hashicorp/terraform-plugin-framework@v1.19.0/internal/fwserver/server_ephemeralresources.go:80 @module=sdk.framework tf_ephemeral_resource_type=vault_gcp_oauth2_access_token tf_provider_addr=registry.terraform.io/hashicorp/vault tf_req_id=d393ab17-99a3-2236-10a7-d10ee67eb3ed tf_data_source_type=vault_auth_backends tf_mux_provider="*proto5server.Server" tf_rpc=GetMetadata timestamp="2026-07-07T23:34:22.333+0800"
2026-07-07T23:34:22.334+0800 [TRACE] provider.terraform-provider-vault_v5.10.1_x5: Found ephemeral resource type: @caller=github.com/hashicorp/terraform-plugin-framework@v1.19.0/internal/fwserver/server_ephemeralresources.go:80 tf_data_source_type=vault_auth_backends tf_provider_addr=registry.terraform.io/hashicorp/vault tf_req_id=d393ab17-99a3-2236-10a7-d10ee67eb3ed tf_rpc=GetMetadata @module=sdk.framework tf_ephemeral_resource_type=vault_aws_access_credentials tf_mux_provider="*proto5server.Server" timestamp="2026-07-07T23:34:22.333+0800"
2026-07-07T23:34:22.334+0800 [TRACE] provider.terraform-provider-vault_v5.10.1_x5: Found ephemeral resource type: tf_data_source_type=vault_auth_backends tf_mux_provider="*proto5server.Server" tf_provider_addr=registry.terraform.io/hashicorp/vault tf_rpc=GetMetadata tf_ephemeral_resource_type=vault_aws_static_access_credentials tf_req_id=d393ab17-99a3-2236-10a7-d10ee67eb3ed @caller=github.com/hashicorp/terraform-plugin-framework@v1.19.0/internal/fwserver/server_ephemeralresources.go:80 @module=sdk.framework timestamp="2026-07-07T23:34:22.333+0800"
2026-07-07T23:34:22.334+0800 [TRACE] vertex "data.vault_auth_backends.vault-dev-server2": visit complete
2026-07-07T23:34:22.334+0800 [TRACE] provider.terraform-provider-vault_v5.10.1_x5: Found ephemeral resource type: @module=sdk.framework tf_data_source_type=vault_auth_backends tf_ephemeral_resource_type=vault_alicloud_access_credentials tf_mux_provider="*proto5server.Server" tf_provider_addr=registry.terraform.io/hashicorp/vault tf_req_id=d393ab17-99a3-2236-10a7-d10ee67eb3ed tf_rpc=GetMetadata @caller=github.com/hashicorp/terraform-plugin-framework@v1.19.0/internal/fwserver/server_ephemeralresources.go:80 timestamp="2026-07-07T23:34:22.333+0800"
2026-07-07T23:34:22.334+0800 [TRACE] provider.terraform-provider-vault_v5.10.1_x5: Found ephemeral resource type: @caller=github.com/hashicorp/terraform-plugin-framework@v1.19.0/internal/fwserver/server_ephemeralresources.go:80 @module=sdk.framework tf_ephemeral_resource_type=vault_approle_auth_backend_role_secret_id tf_data_source_type=vault_auth_backends tf_mux_provider="*proto5server.Server" tf_provider_addr=registry.terraform.io/hashicorp/vault tf_req_id=d393ab17-99a3-2236-10a7-d10ee67eb3ed tf_rpc=GetMetadata timestamp="2026-07-07T23:34:22.333+0800"
2026-07-07T23:34:22.334+0800 [TRACE] vertex "provider[\"registry.terraform.io/hashicorp/vault\"].vrd2 (close)": starting visit (*terraform.graphNodeCloseProvider)
2026-07-07T23:34:22.334+0800 [TRACE] provider.terraform-provider-vault_v5.10.1_x5: Found ephemeral resource type: @module=sdk.framework tf_data_source_type=vault_auth_backends tf_ephemeral_resource_type=vault_radius_auth_login tf_provider_addr=registry.terraform.io/hashicorp/vault @caller=github.com/hashicorp/terraform-plugin-framework@v1.19.0/internal/fwserver/server_ephemeralresources.go:80 tf_mux_provider="*proto5server.Server" tf_req_id=d393ab17-99a3-2236-10a7-d10ee67eb3ed tf_rpc=GetMetadata timestamp="2026-07-07T23:34:22.333+0800"
2026-07-07T23:34:22.334+0800 [TRACE] provider.terraform-provider-vault_v5.10.1_x5: Found ephemeral resource type: tf_data_source_type=vault_auth_backends tf_provider_addr=registry.terraform.io/hashicorp/vault tf_rpc=GetMetadata @caller=github.com/hashicorp/terraform-plugin-framework@v1.19.0/internal/fwserver/server_ephemeralresources.go:80 tf_ephemeral_resource_type=vault_kubernetes_service_account_token tf_mux_provider="*proto5server.Server" tf_req_id=d393ab17-99a3-2236-10a7-d10ee67eb3ed @module=sdk.framework timestamp="2026-07-07T23:34:22.333+0800"
2026-07-07T23:34:22.335+0800 [TRACE] provider.terraform-provider-vault_v5.10.1_x5: Found ephemeral resource type: tf_provider_addr=registry.terraform.io/hashicorp/vault tf_rpc=GetMetadata @module=sdk.framework tf_data_source_type=vault_auth_backends tf_mux_provider="*proto5server.Server" tf_req_id=d393ab17-99a3-2236-10a7-d10ee67eb3ed @caller=github.com/hashicorp/terraform-plugin-framework@v1.19.0/internal/fwserver/server_ephemeralresources.go:80 tf_ephemeral_resource_type=vault_cf_auth_login timestamp="2026-07-07T23:34:22.333+0800"
2026-07-07T23:34:22.335+0800 [TRACE] provider.terraform-provider-vault_v5.10.1_x5: Found ephemeral resource type: tf_ephemeral_resource_type=vault_userpass_auth_login tf_req_id=d393ab17-99a3-2236-10a7-d10ee67eb3ed @caller=github.com/hashicorp/terraform-plugin-framework@v1.19.0/internal/fwserver/server_ephemeralresources.go:80 tf_data_source_type=vault_auth_backends tf_mux_provider="*proto5server.Server" tf_provider_addr=registry.terraform.io/hashicorp/vault tf_rpc=GetMetadata @module=sdk.framework timestamp="2026-07-07T23:34:22.333+0800"
2026-07-07T23:34:22.335+0800 [TRACE] provider.terraform-provider-vault_v5.10.1_x5: Found ephemeral resource type: tf_data_source_type=vault_auth_backends tf_ephemeral_resource_type=vault_spiffe_secret_backend_mintjwt tf_mux_provider="*proto5server.Server" tf_provider_addr=registry.terraform.io/hashicorp/vault tf_rpc=GetMetadata @caller=github.com/hashicorp/terraform-plugin-framework@v1.19.0/internal/fwserver/server_ephemeralresources.go:80 @module=sdk.framework tf_req_id=d393ab17-99a3-2236-10a7-d10ee67eb3ed timestamp="2026-07-07T23:34:22.333+0800"
2026-07-07T23:34:22.334+0800 [TRACE] vertex "provider[\"registry.terraform.io/hashicorp/vault\"].vrd2 (close)": does not belong to any module instance
2026-07-07T23:34:22.335+0800 [TRACE] vertex "output.vault-server1-auth_list (expand)": starting visit (*terraform.nodeExpandOutput)
2026-07-07T23:34:22.335+0800 [TRACE] provider.terraform-provider-vault_v5.10.1_x5: Found ephemeral resource type: @module=sdk.framework tf_ephemeral_resource_type=vault_terraform_token tf_rpc=GetMetadata tf_data_source_type=vault_auth_backends tf_mux_provider="*proto5server.Server" tf_provider_addr=registry.terraform.io/hashicorp/vault tf_req_id=d393ab17-99a3-2236-10a7-d10ee67eb3ed @caller=github.com/hashicorp/terraform-plugin-framework@v1.19.0/internal/fwserver/server_ephemeralresources.go:80 timestamp="2026-07-07T23:34:22.333+0800"
2026-07-07T23:34:22.335+0800 [TRACE] provider.terraform-provider-vault_v5.10.1_x5: Found ephemeral resource type: tf_data_source_type=vault_auth_backends tf_mux_provider="*proto5server.Server" tf_rpc=GetMetadata @caller=github.com/hashicorp/terraform-plugin-framework@v1.19.0/internal/fwserver/server_ephemeralresources.go:80 @module=sdk.framework tf_ephemeral_resource_type=vault_token tf_provider_addr=registry.terraform.io/hashicorp/vault tf_req_id=d393ab17-99a3-2236-10a7-d10ee67eb3ed timestamp="2026-07-07T23:34:22.333+0800"
2026-07-07T23:34:22.335+0800 [TRACE] provider.terraform-provider-vault_v5.10.1_x5: Found ephemeral resource type: @module=sdk.framework tf_data_source_type=vault_auth_backends tf_provider_addr=registry.terraform.io/hashicorp/vault tf_rpc=GetMetadata @caller=github.com/hashicorp/terraform-plugin-framework@v1.19.0/internal/fwserver/server_ephemeralresources.go:80 tf_ephemeral_resource_type=vault_generic_endpoint tf_mux_provider="*proto5server.Server" tf_req_id=d393ab17-99a3-2236-10a7-d10ee67eb3ed timestamp="2026-07-07T23:34:22.333+0800"
2026-07-07T23:34:22.335+0800 [TRACE] provider.terraform-provider-vault_v5.10.1_x5: Checking FunctionTypes lock: tf_req_id=d393ab17-99a3-2236-10a7-d10ee67eb3ed tf_rpc=GetMetadata @caller=github.com/hashicorp/terraform-plugin-framework@v1.19.0/internal/fwserver/server_functions.go:124 @module=sdk.framework tf_data_source_type=vault_auth_backends tf_mux_provider="*proto5server.Server" tf_provider_addr=registry.terraform.io/hashicorp/vault timestamp="2026-07-07T23:34:22.333+0800"
2026-07-07T23:34:22.335+0800 [TRACE] provider.terraform-provider-vault_v5.10.1_x5: Checking ResourceTypes lock: tf_mux_provider="*proto5server.Server" tf_provider_addr=registry.terraform.io/hashicorp/vault tf_req_id=d393ab17-99a3-2236-10a7-d10ee67eb3ed @caller=github.com/hashicorp/terraform-plugin-framework@v1.19.0/internal/fwserver/server.go:649 tf_data_source_type=vault_auth_backends tf_rpc=GetMetadata @module=sdk.framework timestamp="2026-07-07T23:34:22.333+0800"
2026-07-07T23:34:22.335+0800 [TRACE] vertex "output.vault-server1-auth_list (expand)": does not belong to any module instance
2026-07-07T23:34:22.335+0800 [TRACE] vertex "output.vault-server1-auth_list (expand)": expanding dynamic subgraph
2026-07-07T23:34:22.335+0800 [DEBUG] provider.stdio: received EOF, stopping recv loop: err="rpc error: code = Unavailable desc = error reading from server: EOF"
2026-07-07T23:34:22.335+0800 [TRACE] provider.terraform-provider-vault_v5.10.1_x5: Checking ProviderTypeName lock: tf_provider_addr=registry.terraform.io/hashicorp/vault tf_req_id=d393ab17-99a3-2236-10a7-d10ee67eb3ed @caller=github.com/hashicorp/terraform-plugin-framework@v1.19.0/internal/fwserver/server.go:476 tf_data_source_type=vault_auth_backends tf_rpc=GetMetadata @module=sdk.framework tf_mux_provider="*proto5server.Server" timestamp="2026-07-07T23:34:22.333+0800"
2026-07-07T23:34:22.335+0800 [TRACE] provider.terraform-provider-vault_v5.10.1_x5: Calling provider defined Provider Resources: @module=sdk.framework tf_provider_addr=registry.terraform.io/hashicorp/vault tf_req_id=d393ab17-99a3-2236-10a7-d10ee67eb3ed tf_rpc=GetMetadata @caller=github.com/hashicorp/terraform-plugin-framework@v1.19.0/internal/fwserver/server.go:660 tf_data_source_type=vault_auth_backends tf_mux_provider="*proto5server.Server" timestamp="2026-07-07T23:34:22.333+0800"
2026-07-07T23:34:22.335+0800 [TRACE] provider.terraform-provider-vault_v5.10.1_x5: Called provider defined Provider Resources: @caller=github.com/hashicorp/terraform-plugin-framework@v1.19.0/internal/fwserver/server.go:662 @module=sdk.framework tf_mux_provider="*proto5server.Server" tf_provider_addr=registry.terraform.io/hashicorp/vault tf_data_source_type=vault_auth_backends tf_req_id=d393ab17-99a3-2236-10a7-d10ee67eb3ed tf_rpc=GetMetadata timestamp="2026-07-07T23:34:22.333+0800"
2026-07-07T23:34:22.335+0800 [TRACE] provider.terraform-provider-vault_v5.10.1_x5: Found resource type: @module=sdk.framework tf_data_source_type=vault_auth_backends tf_mux_provider="*proto5server.Server" tf_provider_addr=registry.terraform.io/hashicorp/vault tf_req_id=d393ab17-99a3-2236-10a7-d10ee67eb3ed @caller=github.com/hashicorp/terraform-plugin-framework@v1.19.0/internal/fwserver/server.go:683 tf_resource_type=vault_spiffe_auth_backend_config tf_rpc=GetMetadata timestamp="2026-07-07T23:34:22.333+0800"
2026-07-07T23:34:22.335+0800 [TRACE] provider.terraform-provider-vault_v5.10.1_x5: Found resource type: tf_rpc=GetMetadata @caller=github.com/hashicorp/terraform-plugin-framework@v1.19.0/internal/fwserver/server.go:683 @module=sdk.framework tf_data_source_type=vault_auth_backends tf_mux_provider="*proto5server.Server" tf_req_id=d393ab17-99a3-2236-10a7-d10ee67eb3ed tf_resource_type=vault_spiffe_auth_backend_role tf_provider_addr=registry.terraform.io/hashicorp/vault timestamp="2026-07-07T23:34:22.334+0800"
2026-07-07T23:34:22.335+0800 [TRACE] provider.terraform-provider-vault_v5.10.1_x5: Found resource type: @caller=github.com/hashicorp/terraform-plugin-framework@v1.19.0/internal/fwserver/server.go:683 tf_resource_type=vault_cf_auth_backend_config tf_rpc=GetMetadata @module=sdk.framework tf_data_source_type=vault_auth_backends tf_mux_provider="*proto5server.Server" tf_provider_addr=registry.terraform.io/hashicorp/vault tf_req_id=d393ab17-99a3-2236-10a7-d10ee67eb3ed timestamp="2026-07-07T23:34:22.334+0800"
2026-07-07T23:34:22.335+0800 [TRACE] provider.terraform-provider-vault_v5.10.1_x5: Found resource type: tf_data_source_type=vault_auth_backends tf_resource_type=vault_cf_auth_backend_role tf_rpc=GetMetadata @module=sdk.framework tf_mux_provider="*proto5server.Server" tf_provider_addr=registry.terraform.io/hashicorp/vault tf_req_id=d393ab17-99a3-2236-10a7-d10ee67eb3ed @caller=github.com/hashicorp/terraform-plugin-framework@v1.19.0/internal/fwserver/server.go:683 timestamp="2026-07-07T23:34:22.334+0800"
2026-07-07T23:34:22.335+0800 [TRACE] provider.terraform-provider-vault_v5.10.1_x5: Found resource type: tf_req_id=d393ab17-99a3-2236-10a7-d10ee67eb3ed @caller=github.com/hashicorp/terraform-plugin-framework@v1.19.0/internal/fwserver/server.go:683 @module=sdk.framework tf_data_source_type=vault_auth_backends tf_resource_type=vault_userpass_auth_backend_user tf_rpc=GetMetadata tf_mux_provider="*proto5server.Server" tf_provider_addr=registry.terraform.io/hashicorp/vault timestamp="2026-07-07T23:34:22.334+0800"
2026-07-07T23:34:22.335+0800 [TRACE] provider.terraform-provider-vault_v5.10.1_x5: Found resource type: @caller=github.com/hashicorp/terraform-plugin-framework@v1.19.0/internal/fwserver/server.go:683 @module=sdk.framework tf_data_source_type=vault_auth_backends tf_mux_provider="*proto5server.Server" tf_provider_addr=registry.terraform.io/hashicorp/vault tf_req_id=d393ab17-99a3-2236-10a7-d10ee67eb3ed tf_resource_type=vault_spiffe_secret_backend_config tf_rpc=GetMetadata timestamp="2026-07-07T23:34:22.334+0800"
2026-07-07T23:34:22.335+0800 [TRACE] Expanding output: adding output.vault-server1-auth_list as *terraform.NodeApplyableOutput
2026-07-07T23:34:22.335+0800 [TRACE] vertex "output.vault-server1-auth_list (expand)": entering dynamic subgraph
2026-07-07T23:34:22.335+0800 [TRACE] vertex "output.vault-server1-auth_list": starting visit (*terraform.NodeApplyableOutput)
2026-07-07T23:34:22.335+0800 [TRACE] provider.terraform-provider-vault_v5.10.1_x5: Found resource type: tf_data_source_type=vault_auth_backends tf_provider_addr=registry.terraform.io/hashicorp/vault tf_rpc=GetMetadata @module=sdk.framework tf_mux_provider="*proto5server.Server" tf_req_id=d393ab17-99a3-2236-10a7-d10ee67eb3ed tf_resource_type=vault_spiffe_secret_backend_role @caller=github.com/hashicorp/terraform-plugin-framework@v1.19.0/internal/fwserver/server.go:683 timestamp="2026-07-07T23:34:22.334+0800"
2026-07-07T23:34:22.335+0800 [TRACE] provider.terraform-provider-vault_v5.10.1_x5: Found resource type: tf_data_source_type=vault_auth_backends tf_mux_provider="*proto5server.Server" tf_req_id=d393ab17-99a3-2236-10a7-d10ee67eb3ed tf_resource_type=vault_radius_auth_backend @caller=github.com/hashicorp/terraform-plugin-framework@v1.19.0/internal/fwserver/server.go:683 tf_provider_addr=registry.terraform.io/hashicorp/vault tf_rpc=GetMetadata @module=sdk.framework timestamp="2026-07-07T23:34:22.334+0800"
2026-07-07T23:34:22.335+0800 [TRACE] provider.terraform-provider-vault_v5.10.1_x5: Found resource type: tf_data_source_type=vault_auth_backends tf_provider_addr=registry.terraform.io/hashicorp/vault tf_req_id=d393ab17-99a3-2236-10a7-d10ee67eb3ed @caller=github.com/hashicorp/terraform-plugin-framework@v1.19.0/internal/fwserver/server.go:683 tf_mux_provider="*proto5server.Server" tf_resource_type=vault_radius_auth_backend_user tf_rpc=GetMetadata @module=sdk.framework timestamp="2026-07-07T23:34:22.334+0800"
2026-07-07T23:34:22.335+0800 [TRACE] provider.terraform-provider-vault_v5.10.1_x5: Found resource type: tf_rpc=GetMetadata @caller=github.com/hashicorp/terraform-plugin-framework@v1.19.0/internal/fwserver/server.go:683 tf_resource_type=vault_password_policy @module=sdk.framework tf_data_source_type=vault_auth_backends tf_mux_provider="*proto5server.Server" tf_provider_addr=registry.terraform.io/hashicorp/vault tf_req_id=d393ab17-99a3-2236-10a7-d10ee67eb3ed timestamp="2026-07-07T23:34:22.334+0800"
2026-07-07T23:34:22.335+0800 [TRACE] provider.terraform-provider-vault_v5.10.1_x5: Found resource type: tf_req_id=d393ab17-99a3-2236-10a7-d10ee67eb3ed @caller=github.com/hashicorp/terraform-plugin-framework@v1.19.0/internal/fwserver/server.go:683 @module=sdk.framework tf_mux_provider="*proto5server.Server" tf_resource_type=vault_config_ui_default_auth tf_rpc=GetMetadata tf_data_source_type=vault_auth_backends tf_provider_addr=registry.terraform.io/hashicorp/vault timestamp="2026-07-07T23:34:22.334+0800"
2026-07-07T23:34:22.335+0800 [TRACE] provider.terraform-provider-vault_v5.10.1_x5: Found resource type: tf_resource_type=vault_config_group_policy_application tf_rpc=GetMetadata @module=sdk.framework tf_mux_provider="*proto5server.Server" tf_req_id=d393ab17-99a3-2236-10a7-d10ee67eb3ed @caller=github.com/hashicorp/terraform-plugin-framework@v1.19.0/internal/fwserver/server.go:683 tf_data_source_type=vault_auth_backends tf_provider_addr=registry.terraform.io/hashicorp/vault timestamp="2026-07-07T23:34:22.334+0800"
2026-07-07T23:34:22.335+0800 [TRACE] vertex "output.vault-server1-auth_list": belongs to
2026-07-07T23:34:22.335+0800 [TRACE] provider.terraform-provider-vault_v5.10.1_x5: Found resource type: tf_provider_addr=registry.terraform.io/hashicorp/vault tf_rpc=GetMetadata @module=sdk.framework tf_data_source_type=vault_auth_backends tf_mux_provider="*proto5server.Server" tf_req_id=d393ab17-99a3-2236-10a7-d10ee67eb3ed tf_resource_type=vault_config_ui_header @caller=github.com/hashicorp/terraform-plugin-framework@v1.19.0/internal/fwserver/server.go:683 timestamp="2026-07-07T23:34:22.334+0800"
2026-07-07T23:34:22.335+0800 [TRACE] provider.terraform-provider-vault_v5.10.1_x5: Found resource type: tf_resource_type=vault_rotation_policy @caller=github.com/hashicorp/terraform-plugin-framework@v1.19.0/internal/fwserver/server.go:683 tf_data_source_type=vault_auth_backends tf_mux_provider="*proto5server.Server" tf_provider_addr=registry.terraform.io/hashicorp/vault tf_req_id=d393ab17-99a3-2236-10a7-d10ee67eb3ed tf_rpc=GetMetadata @module=sdk.framework timestamp="2026-07-07T23:34:22.334+0800"
2026-07-07T23:34:22.335+0800 [TRACE] provider.terraform-provider-vault_v5.10.1_x5: Found resource type: tf_resource_type=vault_quota_config tf_rpc=GetMetadata @caller=github.com/hashicorp/terraform-plugin-framework@v1.19.0/internal/fwserver/server.go:683 tf_data_source_type=vault_auth_backends tf_mux_provider="*proto5server.Server" tf_provider_addr=registry.terraform.io/hashicorp/vault tf_req_id=d393ab17-99a3-2236-10a7-d10ee67eb3ed @module=sdk.framework timestamp="2026-07-07T23:34:22.334+0800"
2026-07-07T23:34:22.335+0800 [TRACE] provider.terraform-provider-vault_v5.10.1_x5: Found resource type: tf_data_source_type=vault_auth_backends tf_mux_provider="*proto5server.Server" tf_provider_addr=registry.terraform.io/hashicorp/vault tf_rpc=GetMetadata tf_req_id=d393ab17-99a3-2236-10a7-d10ee67eb3ed tf_resource_type=vault_plugin_runtime @caller=github.com/hashicorp/terraform-plugin-framework@v1.19.0/internal/fwserver/server.go:683 @module=sdk.framework timestamp="2026-07-07T23:34:22.334+0800"
2026-07-07T23:34:22.335+0800 [TRACE] provider.terraform-provider-vault_v5.10.1_x5: Found resource type: tf_mux_provider="*proto5server.Server" tf_provider_addr=registry.terraform.io/hashicorp/vault tf_rpc=GetMetadata @caller=github.com/hashicorp/terraform-plugin-framework@v1.19.0/internal/fwserver/server.go:683 @module=sdk.framework tf_req_id=d393ab17-99a3-2236-10a7-d10ee67eb3ed tf_resource_type=vault_oauth_resource_server_config_profile tf_data_source_type=vault_auth_backends timestamp="2026-07-07T23:34:22.334+0800"
2026-07-07T23:34:22.335+0800 [TRACE] provider.terraform-provider-vault_v5.10.1_x5: Found resource type: tf_resource_type=vault_agent_registration tf_rpc=GetMetadata @caller=github.com/hashicorp/terraform-plugin-framework@v1.19.0/internal/fwserver/server.go:683 @module=sdk.framework tf_mux_provider="*proto5server.Server" tf_req_id=d393ab17-99a3-2236-10a7-d10ee67eb3ed tf_data_source_type=vault_auth_backends tf_provider_addr=registry.terraform.io/hashicorp/vault timestamp="2026-07-07T23:34:22.334+0800"
2026-07-07T23:34:22.335+0800 [TRACE] provider.terraform-provider-vault_v5.10.1_x5: Found resource type: @caller=github.com/hashicorp/terraform-plugin-framework@v1.19.0/internal/fwserver/server.go:683 @module=sdk.framework tf_data_source_type=vault_auth_backends tf_mux_provider="*proto5server.Server" tf_provider_addr=registry.terraform.io/hashicorp/vault tf_rpc=GetMetadata tf_req_id=d393ab17-99a3-2236-10a7-d10ee67eb3ed tf_resource_type=vault_sys_config_cors timestamp="2026-07-07T23:34:22.334+0800"
2026-07-07T23:34:22.335+0800 [TRACE] provider.terraform-provider-vault_v5.10.1_x5: Found resource type: @module=sdk.framework tf_data_source_type=vault_auth_backends tf_provider_addr=registry.terraform.io/hashicorp/vault tf_req_id=d393ab17-99a3-2236-10a7-d10ee67eb3ed tf_mux_provider="*proto5server.Server" tf_resource_type=vault_config_control_group tf_rpc=GetMetadata @caller=github.com/hashicorp/terraform-plugin-framework@v1.19.0/internal/fwserver/server.go:683 timestamp="2026-07-07T23:34:22.334+0800"
2026-07-07T23:34:22.335+0800 [TRACE] provider.terraform-provider-vault_v5.10.1_x5: Found resource type: @caller=github.com/hashicorp/terraform-plugin-framework@v1.19.0/internal/fwserver/server.go:683 @module=sdk.framework tf_provider_addr=registry.terraform.io/hashicorp/vault tf_req_id=d393ab17-99a3-2236-10a7-d10ee67eb3ed tf_resource_type=vault_raft_snapshot_agent_config tf_data_source_type=vault_auth_backends tf_mux_provider="*proto5server.Server" tf_rpc=GetMetadata timestamp="2026-07-07T23:34:22.334+0800"
2026-07-07T23:34:22.335+0800 [TRACE] provider.terraform-provider-vault_v5.10.1_x5: Found resource type: tf_mux_provider="*proto5server.Server" tf_req_id=d393ab17-99a3-2236-10a7-d10ee67eb3ed tf_rpc=GetMetadata @module=sdk.framework tf_data_source_type=vault_auth_backends tf_provider_addr=registry.terraform.io/hashicorp/vault tf_resource_type=vault_azure_secret_backend_static_role @caller=github.com/hashicorp/terraform-plugin-framework@v1.19.0/internal/fwserver/server.go:683 timestamp="2026-07-07T23:34:22.334+0800"
2026-07-07T23:34:22.335+0800 [TRACE] terraform.contextPlugins: Schema for provider "registry.terraform.io/hashicorp/vault" is in the global cache
2026-07-07T23:34:22.335+0800 [TRACE] provider.terraform-provider-vault_v5.10.1_x5: Found resource type: tf_resource_type=vault_kmip_secret_listener @caller=github.com/hashicorp/terraform-plugin-framework@v1.19.0/internal/fwserver/server.go:683 tf_data_source_type=vault_auth_backends tf_mux_provider="*proto5server.Server" tf_provider_addr=registry.terraform.io/hashicorp/vault tf_rpc=GetMetadata @module=sdk.framework tf_req_id=d393ab17-99a3-2236-10a7-d10ee67eb3ed timestamp="2026-07-07T23:34:22.334+0800"
2026-07-07T23:34:22.335+0800 [TRACE] provider.terraform-provider-vault_v5.10.1_x5: Found resource type: tf_data_source_type=vault_auth_backends tf_mux_provider="*proto5server.Server" tf_provider_addr=registry.terraform.io/hashicorp/vault tf_req_id=d393ab17-99a3-2236-10a7-d10ee67eb3ed tf_resource_type=vault_kmip_secret_ca_generated @module=sdk.framework tf_rpc=GetMetadata @caller=github.com/hashicorp/terraform-plugin-framework@v1.19.0/internal/fwserver/server.go:683 timestamp="2026-07-07T23:34:22.334+0800"
2026-07-07T23:34:22.335+0800 [TRACE] provider.terraform-provider-vault_v5.10.1_x5: Found resource type: tf_provider_addr=registry.terraform.io/hashicorp/vault tf_resource_type=vault_kmip_secret_ca_imported tf_rpc=GetMetadata @module=sdk.framework tf_data_source_type=vault_auth_backends tf_req_id=d393ab17-99a3-2236-10a7-d10ee67eb3ed @caller=github.com/hashicorp/terraform-plugin-framework@v1.19.0/internal/fwserver/server.go:683 tf_mux_provider="*proto5server.Server" timestamp="2026-07-07T23:34:22.334+0800"
2026-07-07T23:34:22.336+0800 [TRACE] provider.terraform-provider-vault_v5.10.1_x5: Found resource type: tf_provider_addr=registry.terraform.io/hashicorp/vault tf_req_id=d393ab17-99a3-2236-10a7-d10ee67eb3ed @caller=github.com/hashicorp/terraform-plugin-framework@v1.19.0/internal/fwserver/server.go:683 @module=sdk.framework tf_data_source_type=vault_auth_backends tf_resource_type=vault_os_secret_backend tf_rpc=GetMetadata tf_mux_provider="*proto5server.Server" timestamp="2026-07-07T23:34:22.334+0800"
2026-07-07T23:34:22.336+0800 [TRACE] provider.terraform-provider-vault_v5.10.1_x5: Found resource type: @module=sdk.framework tf_data_source_type=vault_auth_backends tf_mux_provider="*proto5server.Server" tf_req_id=d393ab17-99a3-2236-10a7-d10ee67eb3ed tf_resource_type=vault_os_secret_backend_host tf_rpc=GetMetadata @caller=github.com/hashicorp/terraform-plugin-framework@v1.19.0/internal/fwserver/server.go:683 tf_provider_addr=registry.terraform.io/hashicorp/vault timestamp="2026-07-07T23:34:22.334+0800"
2026-07-07T23:34:22.336+0800 [TRACE] provider.terraform-provider-vault_v5.10.1_x5: Found resource type: @module=sdk.framework tf_mux_provider="*proto5server.Server" tf_resource_type=vault_os_secret_backend_account tf_rpc=GetMetadata @caller=github.com/hashicorp/terraform-plugin-framework@v1.19.0/internal/fwserver/server.go:683 tf_data_source_type=vault_auth_backends tf_provider_addr=registry.terraform.io/hashicorp/vault tf_req_id=d393ab17-99a3-2236-10a7-d10ee67eb3ed timestamp="2026-07-07T23:34:22.334+0800"
2026-07-07T23:34:22.336+0800 [TRACE] provider.terraform-provider-vault_v5.10.1_x5: Found resource type: tf_data_source_type=vault_auth_backends tf_mux_provider="*proto5server.Server" tf_resource_type=vault_pki_external_ca_secret_backend_acme_account tf_rpc=GetMetadata @caller=github.com/hashicorp/terraform-plugin-framework@v1.19.0/internal/fwserver/server.go:683 @module=sdk.framework tf_provider_addr=registry.terraform.io/hashicorp/vault tf_req_id=d393ab17-99a3-2236-10a7-d10ee67eb3ed timestamp="2026-07-07T23:34:22.334+0800"
2026-07-07T23:34:22.336+0800 [TRACE] provider.terraform-provider-vault_v5.10.1_x5: Found resource type: tf_data_source_type=vault_auth_backends tf_mux_provider="*proto5server.Server" tf_req_id=d393ab17-99a3-2236-10a7-d10ee67eb3ed tf_rpc=GetMetadata @module=sdk.framework tf_provider_addr=registry.terraform.io/hashicorp/vault tf_resource_type=vault_pki_external_ca_secret_backend_role @caller=github.com/hashicorp/terraform-plugin-framework@v1.19.0/internal/fwserver/server.go:683 timestamp="2026-07-07T23:34:22.334+0800"
2026-07-07T23:34:22.336+0800 [TRACE] vertex "output.vault-server2-auth_list (expand)": starting visit (*terraform.nodeExpandOutput)
2026-07-07T23:34:22.336+0800 [TRACE] vertex "output.vault-server2-auth_list (expand)": does not belong to any module instance
2026-07-07T23:34:22.336+0800 [TRACE] terraform.contextPlugins: Schema for provider "registry.terraform.io/hashicorp/vault" is in the global cache
2026-07-07T23:34:22.336+0800 [TRACE] terraform.contextPlugins: Schema for provider "registry.terraform.io/hashicorp/vault" is in the global cache
2026-07-07T23:34:22.336+0800 [TRACE] provider.terraform-provider-vault_v5.10.1_x5: Found resource type: tf_resource_type=vault_pki_external_ca_secret_backend_order @caller=github.com/hashicorp/terraform-plugin-framework@v1.19.0/internal/fwserver/server.go:683 tf_data_source_type=vault_auth_backends tf_mux_provider="*proto5server.Server" tf_provider_addr=registry.terraform.io/hashicorp/vault tf_rpc=GetMetadata @module=sdk.framework tf_req_id=d393ab17-99a3-2236-10a7-d10ee67eb3ed timestamp="2026-07-07T23:34:22.334+0800"
2026-07-07T23:34:22.336+0800 [INFO]  provider: plugin process exited: plugin=.terraform/providers/registry.terraform.io/hashicorp/vault/5.10.1/linux_amd64/terraform-provider-vault_v5.10.1_x5 id=48660
2026-07-07T23:34:22.336+0800 [TRACE] provider.terraform-provider-vault_v5.10.1_x5: Found resource type: tf_data_source_type=vault_auth_backends tf_resource_type=vault_pki_external_ca_secret_backend_order_challenge_fulfilled @caller=github.com/hashicorp/terraform-plugin-framework@v1.19.0/internal/fwserver/server.go:683 @module=sdk.framework tf_mux_provider="*proto5server.Server" tf_provider_addr=registry.terraform.io/hashicorp/vault tf_req_id=d393ab17-99a3-2236-10a7-d10ee67eb3ed tf_rpc=GetMetadata timestamp="2026-07-07T23:34:22.334+0800"
2026-07-07T23:34:22.336+0800 [TRACE] provider.terraform-provider-vault_v5.10.1_x5: Found resource type: tf_resource_type=vault_pki_external_ca_secret_backend_order_certificate tf_rpc=GetMetadata @module=sdk.framework tf_mux_provider="*proto5server.Server" tf_provider_addr=registry.terraform.io/hashicorp/vault @caller=github.com/hashicorp/terraform-plugin-framework@v1.19.0/internal/fwserver/server.go:683 tf_data_source_type=vault_auth_backends tf_req_id=d393ab17-99a3-2236-10a7-d10ee67eb3ed timestamp="2026-07-07T23:34:22.334+0800"
2026-07-07T23:34:22.336+0800 [TRACE] provider.terraform-provider-vault_v5.10.1_x5: Found resource type: tf_provider_addr=registry.terraform.io/hashicorp/vault tf_req_id=d393ab17-99a3-2236-10a7-d10ee67eb3ed tf_resource_type=vault_activation_flags tf_rpc=GetMetadata @module=sdk.framework tf_data_source_type=vault_auth_backends @caller=github.com/hashicorp/terraform-plugin-framework@v1.19.0/internal/fwserver/server.go:683 tf_mux_provider="*proto5server.Server" timestamp="2026-07-07T23:34:22.334+0800"
2026-07-07T23:34:22.336+0800 [TRACE] provider.terraform-provider-vault_v5.10.1_x5: Found resource type: @caller=github.com/hashicorp/terraform-plugin-framework@v1.19.0/internal/fwserver/server.go:683 @module=sdk.framework tf_data_source_type=vault_auth_backends tf_mux_provider="*proto5server.Server" tf_provider_addr=registry.terraform.io/hashicorp/vault tf_req_id=d393ab17-99a3-2236-10a7-d10ee67eb3ed tf_rpc=GetMetadata tf_resource_type=vault_keymgmt_key timestamp="2026-07-07T23:34:22.334+0800"
2026-07-07T23:34:22.336+0800 [TRACE] provider.terraform-provider-vault_v5.10.1_x5: Found resource type: @caller=github.com/hashicorp/terraform-plugin-framework@v1.19.0/internal/fwserver/server.go:683 tf_data_source_type=vault_auth_backends tf_provider_addr=registry.terraform.io/hashicorp/vault tf_req_id=d393ab17-99a3-2236-10a7-d10ee67eb3ed tf_rpc=GetMetadata @module=sdk.framework tf_mux_provider="*proto5server.Server" tf_resource_type=vault_keymgmt_aws_kms timestamp="2026-07-07T23:34:22.334+0800"
2026-07-07T23:34:22.336+0800 [DEBUG] provider: plugin exited
2026-07-07T23:34:22.336+0800 [TRACE] provider.terraform-provider-vault_v5.10.1_x5: Found resource type: tf_provider_addr=registry.terraform.io/hashicorp/vault tf_req_id=d393ab17-99a3-2236-10a7-d10ee67eb3ed @module=sdk.framework tf_data_source_type=vault_auth_backends tf_mux_provider="*proto5server.Server" tf_resource_type=vault_keymgmt_azure_kms tf_rpc=GetMetadata @caller=github.com/hashicorp/terraform-plugin-framework@v1.19.0/internal/fwserver/server.go:683 timestamp="2026-07-07T23:34:22.334+0800"
2026-07-07T23:34:22.336+0800 [TRACE] provider.terraform-provider-vault_v5.10.1_x5: Found resource type: tf_mux_provider="*proto5server.Server" tf_resource_type=vault_keymgmt_gcp_kms tf_rpc=GetMetadata @caller=github.com/hashicorp/terraform-plugin-framework@v1.19.0/internal/fwserver/server.go:683 tf_provider_addr=registry.terraform.io/hashicorp/vault tf_req_id=d393ab17-99a3-2236-10a7-d10ee67eb3ed @module=sdk.framework tf_data_source_type=vault_auth_backends timestamp="2026-07-07T23:34:22.334+0800"
2026-07-07T23:34:22.336+0800 [TRACE] GRPCProvider: Close
2026-07-07T23:34:22.336+0800 [TRACE] terraform.contextPlugins: Schema for provider "registry.terraform.io/hashicorp/vault" is in the global cache
2026-07-07T23:34:22.336+0800 [TRACE] provider.terraform-provider-vault_v5.10.1_x5: Found resource type: @module=sdk.framework tf_data_source_type=vault_auth_backends tf_mux_provider="*proto5server.Server" @caller=github.com/hashicorp/terraform-plugin-framework@v1.19.0/internal/fwserver/server.go:683 tf_provider_addr=registry.terraform.io/hashicorp/vault tf_req_id=d393ab17-99a3-2236-10a7-d10ee67eb3ed tf_resource_type=vault_keymgmt_key_rotate tf_rpc=GetMetadata timestamp="2026-07-07T23:34:22.334+0800"
2026-07-07T23:34:22.336+0800 [TRACE] provider.terraform-provider-vault_v5.10.1_x5: Found resource type: tf_provider_addr=registry.terraform.io/hashicorp/vault tf_req_id=d393ab17-99a3-2236-10a7-d10ee67eb3ed tf_mux_provider="*proto5server.Server" tf_resource_type=vault_keymgmt_distribute_key tf_rpc=GetMetadata @caller=github.com/hashicorp/terraform-plugin-framework@v1.19.0/internal/fwserver/server.go:683 @module=sdk.framework tf_data_source_type=vault_auth_backends timestamp="2026-07-07T23:34:22.334+0800"
2026-07-07T23:34:22.336+0800 [TRACE] provider.terraform-provider-vault_v5.10.1_x5: Found resource type: @caller=github.com/hashicorp/terraform-plugin-framework@v1.19.0/internal/fwserver/server.go:683 tf_data_source_type=vault_auth_backends tf_mux_provider="*proto5server.Server" tf_provider_addr=registry.terraform.io/hashicorp/vault tf_req_id=d393ab17-99a3-2236-10a7-d10ee67eb3ed @module=sdk.framework tf_resource_type=vault_keymgmt_replicate_key tf_rpc=GetMetadata timestamp="2026-07-07T23:34:22.334+0800"
2026-07-07T23:34:22.336+0800 [TRACE] provider.terraform-provider-vault_v5.10.1_x5: Found resource type: tf_resource_type=vault_alicloud_secret_backend @caller=github.com/hashicorp/terraform-plugin-framework@v1.19.0/internal/fwserver/server.go:683 tf_data_source_type=vault_auth_backends tf_mux_provider="*proto5server.Server" tf_provider_addr=registry.terraform.io/hashicorp/vault tf_req_id=d393ab17-99a3-2236-10a7-d10ee67eb3ed tf_rpc=GetMetadata @module=sdk.framework timestamp="2026-07-07T23:34:22.334+0800"
2026-07-07T23:34:22.336+0800 [TRACE] provider.terraform-provider-vault_v5.10.1_x5: Found resource type: @caller=github.com/hashicorp/terraform-plugin-framework@v1.19.0/internal/fwserver/server.go:683 tf_provider_addr=registry.terraform.io/hashicorp/vault tf_rpc=GetMetadata @module=sdk.framework tf_data_source_type=vault_auth_backends tf_mux_provider="*proto5server.Server" tf_req_id=d393ab17-99a3-2236-10a7-d10ee67eb3ed tf_resource_type=vault_alicloud_secret_backend_role timestamp="2026-07-07T23:34:22.334+0800"
2026-07-07T23:34:22.336+0800 [TRACE] provider.terraform-provider-vault_v5.10.1_x5: Checking StateStoreFuncs lock: tf_data_source_type=vault_auth_backends tf_provider_addr=registry.terraform.io/hashicorp/vault tf_rpc=GetMetadata @caller=github.com/hashicorp/terraform-plugin-framework@v1.19.0/internal/fwserver/server_statestore.go:38 tf_mux_provider="*proto5server.Server" tf_req_id=d393ab17-99a3-2236-10a7-d10ee67eb3ed @module=sdk.framework timestamp="2026-07-07T23:34:22.334+0800"
2026-07-07T23:34:22.336+0800 [TRACE] provider.terraform-provider-vault_v5.10.1_x5: Checking ProviderTypeName lock: @caller=github.com/hashicorp/terraform-plugin-framework@v1.19.0/internal/fwserver/server.go:476 @module=sdk.framework tf_mux_provider="*proto5server.Server" tf_data_source_type=vault_auth_backends tf_provider_addr=registry.terraform.io/hashicorp/vault tf_req_id=d393ab17-99a3-2236-10a7-d10ee67eb3ed tf_rpc=GetMetadata timestamp="2026-07-07T23:34:22.334+0800"
2026-07-07T23:34:22.336+0800 [TRACE] terraform.contextPlugins: Schema for provider "registry.terraform.io/hashicorp/vault" is in the global cache
2026-07-07T23:34:22.336+0800 [TRACE] terraform.contextPlugins: Schema for provider "registry.terraform.io/hashicorp/vault" is in the global cache
2026-07-07T23:34:22.336+0800 [TRACE] provider.terraform-provider-vault_v5.10.1_x5: calling downstream server: tf_mux_provider="*schema.GRPCProviderServer" tf_rpc=ValidateDataSourceConfig @caller=github.com/hashicorp/terraform-plugin-mux@v0.23.1/internal/logging/mux.go:19 @module=sdk.mux timestamp="2026-07-07T23:34:22.334+0800"
2026-07-07T23:34:22.336+0800 [TRACE] provider.terraform-provider-vault_v5.10.1_x5: Calling downstream: @caller=github.com/hashicorp/terraform-plugin-sdk/v2@v2.40.1/helper/schema/grpc_provider.go:464 tf_mux_provider="*schema.GRPCProviderServer" tf_req_id=d393ab17-99a3-2236-10a7-d10ee67eb3ed tf_rpc=ValidateDataSourceConfig @module=sdk.helper_schema tf_data_source_type=vault_auth_backends tf_provider_addr=registry.terraform.io/hashicorp/vault timestamp="2026-07-07T23:34:22.334+0800"
2026-07-07T23:34:22.336+0800 [TRACE] provider.terraform-provider-vault_v5.10.1_x5: Called downstream: tf_data_source_type=vault_auth_backends tf_req_id=d393ab17-99a3-2236-10a7-d10ee67eb3ed @caller=github.com/hashicorp/terraform-plugin-sdk/v2@v2.40.1/helper/schema/grpc_provider.go:466 @module=sdk.helper_schema tf_mux_provider="*schema.GRPCProviderServer" tf_provider_addr=registry.terraform.io/hashicorp/vault tf_rpc=ValidateDataSourceConfig timestamp="2026-07-07T23:34:22.334+0800"
2026-07-07T23:34:22.336+0800 [TRACE] provider.terraform-provider-vault_v5.10.1_x5: Received downstream response: tf_req_duration_ms=1 @caller=github.com/hashicorp/terraform-plugin-go@v0.31.0/tfprotov5/internal/tf5serverlogging/downstream_request.go:61 diagnostic_warning_count=0 tf_proto_version=5.11 tf_req_id=d393ab17-99a3-2236-10a7-d10ee67eb3ed tf_rpc=ValidateDataSourceConfig @module=sdk.proto diagnostic_error_count=0 tf_data_source_type=vault_auth_backends tf_provider_addr=registry.terraform.io/hashicorp/vault timestamp="2026-07-07T23:34:22.334+0800"
2026-07-07T23:34:22.336+0800 [TRACE] setValue: Saving Create change for output.vault-server1-auth_list in changeset
2026-07-07T23:34:22.336+0800 [TRACE] provider.terraform-provider-vault_v5.10.1_x5: Served request: @caller=github.com/hashicorp/terraform-plugin-go@v0.31.0/tfprotov5/tf5server/server.go:717 @module=sdk.proto tf_data_source_type=vault_auth_backends tf_req_id=d393ab17-99a3-2236-10a7-d10ee67eb3ed tf_rpc=ValidateDataSourceConfig tf_proto_version=5.11 tf_provider_addr=registry.terraform.io/hashicorp/vault timestamp="2026-07-07T23:34:22.334+0800"
2026-07-07T23:34:22.336+0800 [TRACE] vertex "output.vault-server2-auth_list (expand)": expanding dynamic subgraph
2026-07-07T23:34:22.336+0800 [TRACE] setValue: Saving value for output.vault-server1-auth_list in state
2026-07-07T23:34:22.336+0800 [TRACE] Expanding output: adding output.vault-server2-auth_list as *terraform.NodeApplyableOutput
2026-07-07T23:34:22.336+0800 [TRACE] vertex "output.vault-server1-auth_list": visit complete
2026-07-07T23:34:22.336+0800 [TRACE] vertex "output.vault-server2-auth_list (expand)": entering dynamic subgraph
2026-07-07T23:34:22.336+0800 [TRACE] vertex "output.vault-server2-auth_list": starting visit (*terraform.NodeApplyableOutput)
2026-07-07T23:34:22.336+0800 [TRACE] vertex "output.vault-server2-auth_list": belongs to
2026-07-07T23:34:22.336+0800 [TRACE] terraform.contextPlugins: Schema for provider "registry.terraform.io/hashicorp/vault" is in the global cache
2026-07-07T23:34:22.336+0800 [TRACE] vertex "root": starting visit (terraform.graphNodeRoot)
2026-07-07T23:34:22.336+0800 [TRACE] vertex "root": does not belong to any module instance
2026-07-07T23:34:22.336+0800 [TRACE] vertex "root": visit complete
2026-07-07T23:34:22.336+0800 [TRACE] vertex "output.vault-server1-auth_list (expand)": dynamic subgraph completed successfully
2026-07-07T23:34:22.336+0800 [TRACE] vertex "output.vault-server1-auth_list (expand)": visit complete
2026-07-07T23:34:22.336+0800 [TRACE] vertex "provider[\"registry.terraform.io/hashicorp/vault\"].vrd1 (close)": visit complete
2026-07-07T23:34:22.336+0800 [TRACE] terraform.contextPlugins: Schema for provider "registry.terraform.io/hashicorp/vault" is in the global cache
2026-07-07T23:34:22.336+0800 [TRACE] terraform.contextPlugins: Schema for provider "registry.terraform.io/hashicorp/vault" is in the global cache
2026-07-07T23:34:22.336+0800 [TRACE] terraform.contextPlugins: Schema for provider "registry.terraform.io/hashicorp/vault" is in the global cache
2026-07-07T23:34:22.336+0800 [TRACE] terraform.contextPlugins: Schema for provider "registry.terraform.io/hashicorp/vault" is in the global cache
2026-07-07T23:34:22.336+0800 [TRACE] terraform.contextPlugins: Schema for provider "registry.terraform.io/hashicorp/vault" is in the global cache
2026-07-07T23:34:22.336+0800 [TRACE] setValue: Saving Create change for output.vault-server2-auth_list in changeset
2026-07-07T23:34:22.336+0800 [TRACE] setValue: Saving value for output.vault-server2-auth_list in state
2026-07-07T23:34:22.336+0800 [TRACE] vertex "output.vault-server2-auth_list": visit complete
2026-07-07T23:34:22.336+0800 [TRACE] vertex "root": starting visit (terraform.graphNodeRoot)
2026-07-07T23:34:22.336+0800 [TRACE] vertex "root": does not belong to any module instance
2026-07-07T23:34:22.336+0800 [TRACE] vertex "root": visit complete
2026-07-07T23:34:22.336+0800 [TRACE] vertex "output.vault-server2-auth_list (expand)": dynamic subgraph completed successfully
2026-07-07T23:34:22.336+0800 [TRACE] vertex "output.vault-server2-auth_list (expand)": visit complete
2026-07-07T23:34:22.336+0800 [DEBUG] provider.stdio: received EOF, stopping recv loop: err="rpc error: code = Unavailable desc = error reading from server: EOF"
2026-07-07T23:34:22.337+0800 [INFO]  provider: plugin process exited: plugin=.terraform/providers/registry.terraform.io/hashicorp/vault/5.10.1/linux_amd64/terraform-provider-vault_v5.10.1_x5 id=48672
2026-07-07T23:34:22.337+0800 [DEBUG] provider: plugin exited
2026-07-07T23:34:22.337+0800 [TRACE] vertex "provider[\"registry.terraform.io/hashicorp/vault\"].vrd2 (close)": visit complete
2026-07-07T23:34:22.337+0800 [TRACE] vertex "root": starting visit (*terraform.nodeCloseModule)
2026-07-07T23:34:22.337+0800 [TRACE] vertex "root": does not belong to any module instance
2026-07-07T23:34:22.337+0800 [TRACE] vertex "root": visit complete
2026-07-07T23:34:22.337+0800 [INFO]  backend/local: plan calling Plan
2026-07-07T23:34:22.337+0800 [DEBUG] Building and walking plan graph for NormalMode
2026-07-07T23:34:22.337+0800 [TRACE] building graph for walkPlan
2026-07-07T23:34:22.337+0800 [TRACE] Executing graph transform *terraform.ConfigTransformer
2026-07-07T23:34:22.337+0800 [TRACE] ConfigTransformer: Starting for path:
2026-07-07T23:34:22.337+0800 [TRACE] Executing graph transform *terraform.ActionTriggerConfigTransformer
2026-07-07T23:34:22.337+0800 [TRACE] Executing graph transform *terraform.ActionInvokePlanTransformer
2026-07-07T23:34:22.337+0800 [TRACE] Executing graph transform *terraform.RootVariableTransformer
2026-07-07T23:34:22.337+0800 [TRACE] Executing graph transform *terraform.ModuleVariableTransformer
2026-07-07T23:34:22.337+0800 [TRACE] Executing graph transform *terraform.variableValidationTransformer
2026-07-07T23:34:22.337+0800 [TRACE] variableValidationTransformer: adding validation nodes for any existing variable evaluation nodes
2026-07-07T23:34:22.337+0800 [TRACE] Executing graph transform *terraform.LocalTransformer
2026-07-07T23:34:22.337+0800 [TRACE] Executing graph transform *terraform.OutputTransformer
2026-07-07T23:34:22.337+0800 [TRACE] OutputTransformer: adding vault-server1-auth_list as *terraform.nodeExpandOutput
2026-07-07T23:34:22.337+0800 [TRACE] OutputTransformer: adding vault-server2-auth_list as *terraform.nodeExpandOutput
2026-07-07T23:34:22.337+0800 [TRACE] Executing graph transform *terraform.checkTransformer
2026-07-07T23:34:22.337+0800 [TRACE] Executing graph transform *terraform.OrphanResourceInstanceTransformer
2026-07-07T23:34:22.337+0800 [TRACE] Executing graph transform *terraform.StateTransformer
2026-07-07T23:34:22.337+0800 [TRACE] StateTransformer: creating nodes for deposed instance objects only
2026-07-07T23:34:22.337+0800 [TRACE] Executing graph transform *terraform.AttachStateTransformer
2026-07-07T23:34:22.337+0800 [TRACE] Executing graph transform *terraform.OrphanOutputTransformer
2026-07-07T23:34:22.337+0800 [TRACE] Executing graph transform *terraform.AttachResourceConfigTransformer
2026-07-07T23:34:22.337+0800 [TRACE] AttachResourceConfigTransformer: attaching to "data.vault_auth_backends.vault-dev-server2 (expand)" (*terraform.nodeExpandPlannableResource) config from hcl.Range{Filename:"data-vault.tf", Start:hcl.Pos{Line:5, Column:1, Byte:76}, End:hcl.Pos{Line:5, Column:47, Byte:122}}
2026-07-07T23:34:22.337+0800 [TRACE] AttachResourceConfigTransformer: attaching provider meta configs to data.vault_auth_backends.vault-dev-server2 (expand)
2026-07-07T23:34:22.337+0800 [TRACE] AttachResourceConfigTransformer: attaching to "data.vault_auth_backends.vault-dev-server1 (expand)" (*terraform.nodeExpandPlannableResource) config from hcl.Range{Filename:"data-vault.tf", Start:hcl.Pos{Line:1, Column:1, Byte:0}, End:hcl.Pos{Line:1, Column:47, Byte:46}}
2026-07-07T23:34:22.337+0800 [TRACE] AttachResourceConfigTransformer: attaching provider meta configs to data.vault_auth_backends.vault-dev-server1 (expand)
2026-07-07T23:34:22.337+0800 [TRACE] Executing graph transform *terraform.graphTransformerMulti
2026-07-07T23:34:22.337+0800 [TRACE] (graphTransformerMulti) Executing graph transform *terraform.externalProviderTransformer
2026-07-07T23:34:22.337+0800 [TRACE] (graphTransformerMulti) Completed graph transform *terraform.externalProviderTransformer with new graph:
  data.vault_auth_backends.vault-dev-server1 (expand) - *terraform.nodeExpandPlannableResource
  data.vault_auth_backends.vault-dev-server2 (expand) - *terraform.nodeExpandPlannableResource
  output.vault-server1-auth_list (expand) - *terraform.nodeExpandOutput
  output.vault-server2-auth_list (expand) - *terraform.nodeExpandOutput
  ------
2026-07-07T23:34:22.337+0800 [TRACE] (graphTransformerMulti) Executing graph transform *terraform.ProviderConfigTransformer
2026-07-07T23:34:22.337+0800 [TRACE] ProviderConfigTransformer: attaching to "provider[\"registry.terraform.io/hashicorp/vault\"].vrd2" provider configuration from version.tf:17,1-17
2026-07-07T23:34:22.337+0800 [TRACE] ProviderConfigTransformer: attaching to "provider[\"registry.terraform.io/hashicorp/vault\"].vrd1" provider configuration from version.tf:10,1-17
2026-07-07T23:34:22.337+0800 [TRACE] (graphTransformerMulti) Completed graph transform *terraform.ProviderConfigTransformer with new graph:
  data.vault_auth_backends.vault-dev-server1 (expand) - *terraform.nodeExpandPlannableResource
  data.vault_auth_backends.vault-dev-server2 (expand) - *terraform.nodeExpandPlannableResource
  output.vault-server1-auth_list (expand) - *terraform.nodeExpandOutput
  output.vault-server2-auth_list (expand) - *terraform.nodeExpandOutput
  provider["registry.terraform.io/hashicorp/vault"] - *terraform.NodeApplyableProvider
  provider["registry.terraform.io/hashicorp/vault"].vrd1 - *terraform.NodeApplyableProvider
  provider["registry.terraform.io/hashicorp/vault"].vrd2 - *terraform.NodeApplyableProvider
  ------
2026-07-07T23:34:22.337+0800 [TRACE] (graphTransformerMulti) Executing graph transform *terraform.MissingProviderTransformer
2026-07-07T23:34:22.337+0800 [TRACE] (graphTransformerMulti) Completed graph transform *terraform.MissingProviderTransformer (no changes)
2026-07-07T23:34:22.337+0800 [TRACE] (graphTransformerMulti) Executing graph transform *terraform.ProviderTransformer
2026-07-07T23:34:22.337+0800 [TRACE] ProviderTransformer: exact match for provider["registry.terraform.io/hashicorp/vault"].vrd1 serving data.vault_auth_backends.vault-dev-server1 (expand)
2026-07-07T23:34:22.337+0800 [DEBUG] ProviderTransformer: "data.vault_auth_backends.vault-dev-server1 (expand)" (*terraform.nodeExpandPlannableResource) needs provider["registry.terraform.io/hashicorp/vault"].vrd1
2026-07-07T23:34:22.337+0800 [TRACE] ProviderTransformer: exact match for provider["registry.terraform.io/hashicorp/vault"].vrd2 serving data.vault_auth_backends.vault-dev-server2 (expand)
2026-07-07T23:34:22.337+0800 [DEBUG] ProviderTransformer: "data.vault_auth_backends.vault-dev-server2 (expand)" (*terraform.nodeExpandPlannableResource) needs provider["registry.terraform.io/hashicorp/vault"].vrd2
2026-07-07T23:34:22.337+0800 [TRACE] (graphTransformerMulti) Completed graph transform *terraform.ProviderTransformer with new graph:
  data.vault_auth_backends.vault-dev-server1 (expand) - *terraform.nodeExpandPlannableResource
    provider["registry.terraform.io/hashicorp/vault"].vrd1 - *terraform.NodeApplyableProvider
  data.vault_auth_backends.vault-dev-server2 (expand) - *terraform.nodeExpandPlannableResource
    provider["registry.terraform.io/hashicorp/vault"].vrd2 - *terraform.NodeApplyableProvider
  output.vault-server1-auth_list (expand) - *terraform.nodeExpandOutput
  output.vault-server2-auth_list (expand) - *terraform.nodeExpandOutput
  provider["registry.terraform.io/hashicorp/vault"] - *terraform.NodeApplyableProvider
  provider["registry.terraform.io/hashicorp/vault"].vrd1 - *terraform.NodeApplyableProvider
  provider["registry.terraform.io/hashicorp/vault"].vrd2 - *terraform.NodeApplyableProvider
  ------
2026-07-07T23:34:22.337+0800 [TRACE] (graphTransformerMulti) Executing graph transform *terraform.PruneProviderTransformer
2026-07-07T23:34:22.337+0800 [DEBUG] pruning unused provider["registry.terraform.io/hashicorp/vault"]
2026-07-07T23:34:22.337+0800 [TRACE] (graphTransformerMulti) Completed graph transform *terraform.PruneProviderTransformer with new graph:
  data.vault_auth_backends.vault-dev-server1 (expand) - *terraform.nodeExpandPlannableResource
    provider["registry.terraform.io/hashicorp/vault"].vrd1 - *terraform.NodeApplyableProvider
  data.vault_auth_backends.vault-dev-server2 (expand) - *terraform.nodeExpandPlannableResource
    provider["registry.terraform.io/hashicorp/vault"].vrd2 - *terraform.NodeApplyableProvider
  output.vault-server1-auth_list (expand) - *terraform.nodeExpandOutput
  output.vault-server2-auth_list (expand) - *terraform.nodeExpandOutput
  provider["registry.terraform.io/hashicorp/vault"].vrd1 - *terraform.NodeApplyableProvider
  provider["registry.terraform.io/hashicorp/vault"].vrd2 - *terraform.NodeApplyableProvider
  ------
2026-07-07T23:34:22.337+0800 [TRACE] Executing graph transform *terraform.RemovedModuleTransformer
2026-07-07T23:34:22.337+0800 [TRACE] Executing graph transform *terraform.AttachSchemaTransformer
2026-07-07T23:34:22.337+0800 [TRACE] terraform.contextPlugins: Schema for provider "registry.terraform.io/hashicorp/vault" is in the global cache
2026-07-07T23:34:22.337+0800 [TRACE] AttachSchemaTransformer: attaching resource schema to data.vault_auth_backends.vault-dev-server1 (expand)
2026-07-07T23:34:22.337+0800 [TRACE] terraform.contextPlugins: Schema for provider "registry.terraform.io/hashicorp/vault" is in the global cache
2026-07-07T23:34:22.337+0800 [TRACE] AttachSchemaTransformer: attaching resource schema to data.vault_auth_backends.vault-dev-server2 (expand)
2026-07-07T23:34:22.337+0800 [TRACE] terraform.contextPlugins: Schema for provider "registry.terraform.io/hashicorp/vault" is in the global cache
2026-07-07T23:34:22.337+0800 [TRACE] AttachSchemaTransformer: attaching provider config schema to provider["registry.terraform.io/hashicorp/vault"].vrd2
2026-07-07T23:34:22.337+0800 [TRACE] terraform.contextPlugins: Schema for provider "registry.terraform.io/hashicorp/vault" is in the global cache
2026-07-07T23:34:22.337+0800 [TRACE] AttachSchemaTransformer: attaching provider config schema to provider["registry.terraform.io/hashicorp/vault"].vrd1
2026-07-07T23:34:22.337+0800 [TRACE] Executing graph transform *terraform.ModuleExpansionTransformer
2026-07-07T23:34:22.337+0800 [TRACE] Executing graph transform *terraform.ExternalReferenceTransformer
2026-07-07T23:34:22.337+0800 [TRACE] Executing graph transform *terraform.ReferenceTransformer
2026-07-07T23:34:22.337+0800 [DEBUG] ReferenceTransformer: "data.vault_auth_backends.vault-dev-server2 (expand)" references: []
2026-07-07T23:34:22.337+0800 [DEBUG] ReferenceTransformer: "output.vault-server1-auth_list (expand)" references: [data.vault_auth_backends.vault-dev-server1 (expand)]
2026-07-07T23:34:22.337+0800 [DEBUG] ReferenceTransformer: "output.vault-server2-auth_list (expand)" references: [data.vault_auth_backends.vault-dev-server2 (expand)]
2026-07-07T23:34:22.337+0800 [DEBUG] ReferenceTransformer: "provider[\"registry.terraform.io/hashicorp/vault\"].vrd2" references: []
2026-07-07T23:34:22.337+0800 [DEBUG] ReferenceTransformer: "provider[\"registry.terraform.io/hashicorp/vault\"].vrd1" references: []
2026-07-07T23:34:22.337+0800 [DEBUG] ReferenceTransformer: "data.vault_auth_backends.vault-dev-server1 (expand)" references: []
2026-07-07T23:34:22.337+0800 [TRACE] Executing graph transform *terraform.AttachDependenciesTransformer
2026-07-07T23:34:22.337+0800 [TRACE] AttachDependenciesTransformer: data.vault_auth_backends.vault-dev-server1 (expand) depends on []
2026-07-07T23:34:22.337+0800 [TRACE] AttachDependenciesTransformer: data.vault_auth_backends.vault-dev-server2 (expand) depends on []
2026-07-07T23:34:22.337+0800 [TRACE] AttachDependenciesTransformer: output.vault-server1-auth_list (expand) depends on [data.vault_auth_backends.vault-dev-server1]
2026-07-07T23:34:22.337+0800 [TRACE] AttachDependenciesTransformer: output.vault-server2-auth_list (expand) depends on [data.vault_auth_backends.vault-dev-server2]
2026-07-07T23:34:22.337+0800 [TRACE] Executing graph transform *terraform.attachDataResourceDependsOnTransformer
2026-07-07T23:34:22.337+0800 [TRACE] attachDataDependenciesTransformer: data.vault_auth_backends.vault-dev-server1 depends on []
2026-07-07T23:34:22.337+0800 [TRACE] attachDataDependenciesTransformer: data.vault_auth_backends.vault-dev-server2 depends on []
2026-07-07T23:34:22.337+0800 [TRACE] Executing graph transform *terraform.DestroyEdgeTransformer
2026-07-07T23:34:22.337+0800 [TRACE] Executing graph transform *terraform.pruneUnusedNodesTransformer
2026-07-07T23:34:22.337+0800 [TRACE] Executing graph transform *terraform.TargetsTransformer
2026-07-07T23:34:22.337+0800 [TRACE] Executing graph transform *terraform.QueryTransformer
2026-07-07T23:34:22.337+0800 [TRACE] Executing graph transform *terraform.ForcedCBDTransformer
2026-07-07T23:34:22.337+0800 [TRACE] ForcedCBDTransformer: "data.vault_auth_backends.vault-dev-server1 (expand)" (*terraform.nodeExpandPlannableResource) has no CBD descendant, so skipping
2026-07-07T23:34:22.337+0800 [TRACE] ForcedCBDTransformer: "data.vault_auth_backends.vault-dev-server2 (expand)" (*terraform.nodeExpandPlannableResource) has no CBD descendant, so skipping
2026-07-07T23:34:22.337+0800 [TRACE] Executing graph transform *terraform.ephemeralResourceCloseTransformer
2026-07-07T23:34:22.337+0800 [TRACE] Executing graph transform *terraform.CloseProviderTransformer
2026-07-07T23:34:22.337+0800 [TRACE] Executing graph transform *terraform.CloseRootModuleTransformer
2026-07-07T23:34:22.337+0800 [TRACE] Executing graph transform *terraform.TransitiveReductionTransformer
2026-07-07T23:34:22.337+0800 [TRACE] Completed graph transform:
data.vault_auth_backends.vault-dev-server1 (expand) - *terraform.nodeExpandPlannableResource
  provider["registry.terraform.io/hashicorp/vault"].vrd1 - *terraform.NodeApplyableProvider
data.vault_auth_backends.vault-dev-server2 (expand) - *terraform.nodeExpandPlannableResource
  provider["registry.terraform.io/hashicorp/vault"].vrd2 - *terraform.NodeApplyableProvider
output.vault-server1-auth_list (expand) - *terraform.nodeExpandOutput
  data.vault_auth_backends.vault-dev-server1 (expand) - *terraform.nodeExpandPlannableResource
output.vault-server2-auth_list (expand) - *terraform.nodeExpandOutput
  data.vault_auth_backends.vault-dev-server2 (expand) - *terraform.nodeExpandPlannableResource
provider["registry.terraform.io/hashicorp/vault"].vrd1 - *terraform.NodeApplyableProvider
provider["registry.terraform.io/hashicorp/vault"].vrd1 (close) - *terraform.graphNodeCloseProvider
  data.vault_auth_backends.vault-dev-server1 (expand) - *terraform.nodeExpandPlannableResource
provider["registry.terraform.io/hashicorp/vault"].vrd2 - *terraform.NodeApplyableProvider
provider["registry.terraform.io/hashicorp/vault"].vrd2 (close) - *terraform.graphNodeCloseProvider
  data.vault_auth_backends.vault-dev-server2 (expand) - *terraform.nodeExpandPlannableResource
root - *terraform.nodeCloseModule
  output.vault-server1-auth_list (expand) - *terraform.nodeExpandOutput
  output.vault-server2-auth_list (expand) - *terraform.nodeExpandOutput
  provider["registry.terraform.io/hashicorp/vault"].vrd1 (close) - *terraform.graphNodeCloseProvider
  provider["registry.terraform.io/hashicorp/vault"].vrd2 (close) - *terraform.graphNodeCloseProvider
  ------
2026-07-07T23:34:22.337+0800 [DEBUG] Starting graph walk: walkPlan
2026-07-07T23:34:22.337+0800 [TRACE] vertex "provider[\"registry.terraform.io/hashicorp/vault\"].vrd2": starting visit (*terraform.NodeApplyableProvider)
2026-07-07T23:34:22.337+0800 [TRACE] vertex "provider[\"registry.terraform.io/hashicorp/vault\"].vrd2": belongs to
2026-07-07T23:34:22.337+0800 [DEBUG] created provider logger: level=trace
2026-07-07T23:34:22.337+0800 [INFO]  provider: configuring client automatic mTLS
2026-07-07T23:34:22.337+0800 [TRACE] vertex "provider[\"registry.terraform.io/hashicorp/vault\"].vrd1": starting visit (*terraform.NodeApplyableProvider)
2026-07-07T23:34:22.338+0800 [TRACE] vertex "provider[\"registry.terraform.io/hashicorp/vault\"].vrd1": belongs to
2026-07-07T23:34:22.340+0800 [DEBUG] provider: starting plugin: path=.terraform/providers/registry.terraform.io/hashicorp/vault/5.10.1/linux_amd64/terraform-provider-vault_v5.10.1_x5 args=[".terraform/providers/registry.terraform.io/hashicorp/vault/5.10.1/linux_amd64/terraform-provider-vault_v5.10.1_x5"]
2026-07-07T23:34:22.340+0800 [DEBUG] provider: plugin started: path=.terraform/providers/registry.terraform.io/hashicorp/vault/5.10.1/linux_amd64/terraform-provider-vault_v5.10.1_x5 pid=48684
2026-07-07T23:34:22.340+0800 [DEBUG] provider: waiting for RPC address: plugin=.terraform/providers/registry.terraform.io/hashicorp/vault/5.10.1/linux_amd64/terraform-provider-vault_v5.10.1_x5
2026-07-07T23:34:22.354+0800 [INFO]  provider.terraform-provider-vault_v5.10.1_x5: configuring server automatic mTLS: timestamp="2026-07-07T23:34:22.354+0800"
2026-07-07T23:34:22.360+0800 [DEBUG] provider: using plugin: version=5
2026-07-07T23:34:22.360+0800 [DEBUG] provider.terraform-provider-vault_v5.10.1_x5: plugin address: address=/tmp/plugin3864541428 network=unix timestamp="2026-07-07T23:34:22.360+0800"
2026-07-07T23:34:22.366+0800 [TRACE] BuiltinEvalContext: Initialized "provider[\"registry.terraform.io/hashicorp/vault\"].vrd2" provider for provider["registry.terraform.io/hashicorp/vault"].vrd2
2026-07-07T23:34:22.366+0800 [TRACE] provider.stdio: waiting for stdio data
2026-07-07T23:34:22.366+0800 [TRACE] terraform.contextPlugins: Schema for provider "registry.terraform.io/hashicorp/vault" is in the global cache
2026-07-07T23:34:22.366+0800 [TRACE] NodeApplyableProvider: configuring provider["registry.terraform.io/hashicorp/vault"].vrd2
2026-07-07T23:34:22.366+0800 [DEBUG] created provider logger: level=trace
2026-07-07T23:34:22.366+0800 [INFO]  provider: configuring client automatic mTLS
2026-07-07T23:34:22.368+0800 [DEBUG] provider: starting plugin: path=.terraform/providers/registry.terraform.io/hashicorp/vault/5.10.1/linux_amd64/terraform-provider-vault_v5.10.1_x5 args=[".terraform/providers/registry.terraform.io/hashicorp/vault/5.10.1/linux_amd64/terraform-provider-vault_v5.10.1_x5"]
2026-07-07T23:34:22.369+0800 [DEBUG] provider: plugin started: path=.terraform/providers/registry.terraform.io/hashicorp/vault/5.10.1/linux_amd64/terraform-provider-vault_v5.10.1_x5 pid=48697
2026-07-07T23:34:22.369+0800 [DEBUG] provider: waiting for RPC address: plugin=.terraform/providers/registry.terraform.io/hashicorp/vault/5.10.1/linux_amd64/terraform-provider-vault_v5.10.1_x5
2026-07-07T23:34:22.385+0800 [INFO]  provider.terraform-provider-vault_v5.10.1_x5: configuring server automatic mTLS: timestamp="2026-07-07T23:34:22.385+0800"
2026-07-07T23:34:22.392+0800 [DEBUG] provider: using plugin: version=5
2026-07-07T23:34:22.392+0800 [DEBUG] provider.terraform-provider-vault_v5.10.1_x5: plugin address: address=/tmp/plugin2276029989 network=unix timestamp="2026-07-07T23:34:22.392+0800"
2026-07-07T23:34:22.397+0800 [TRACE] BuiltinEvalContext: Initialized "provider[\"registry.terraform.io/hashicorp/vault\"].vrd1" provider for provider["registry.terraform.io/hashicorp/vault"].vrd1
2026-07-07T23:34:22.397+0800 [TRACE] terraform.contextPlugins: Schema for provider "registry.terraform.io/hashicorp/vault" is in the global cache
2026-07-07T23:34:22.397+0800 [TRACE] NodeApplyableProvider: configuring provider["registry.terraform.io/hashicorp/vault"].vrd1
2026-07-07T23:34:22.397+0800 [TRACE] provider.stdio: waiting for stdio data
2026-07-07T23:34:22.397+0800 [TRACE] buildProviderConfig for provider["registry.terraform.io/hashicorp/vault"].vrd1: using explicit config only
2026-07-07T23:34:22.397+0800 [TRACE] GRPCProvider: GetProviderSchema
2026-07-07T23:34:22.397+0800 [TRACE] GRPCProvider: returning cached schema: EXTRA_VALUE_AT_END=registry.terraform.io/hashicorp/vault
2026-07-07T23:34:22.397+0800 [TRACE] terraform.contextPlugins: Schema for provider "registry.terraform.io/hashicorp/vault" is in the global cache
2026-07-07T23:34:22.398+0800 [TRACE] buildProviderConfig for provider["registry.terraform.io/hashicorp/vault"].vrd2: using explicit config only
2026-07-07T23:34:22.398+0800 [TRACE] GRPCProvider: GetProviderSchema
2026-07-07T23:34:22.398+0800 [TRACE] GRPCProvider: returning cached schema: EXTRA_VALUE_AT_END=registry.terraform.io/hashicorp/vault
2026-07-07T23:34:22.398+0800 [TRACE] GRPCProvider: ValidateProviderConfig
2026-07-07T23:34:22.398+0800 [TRACE] GRPCProvider: GetProviderSchema
2026-07-07T23:34:22.398+0800 [TRACE] GRPCProvider: returning cached schema: EXTRA_VALUE_AT_END=registry.terraform.io/hashicorp/vault
2026-07-07T23:34:22.398+0800 [TRACE] terraform.contextPlugins: Schema for provider "registry.terraform.io/hashicorp/vault" is in the global cache
2026-07-07T23:34:22.398+0800 [TRACE] GRPCProvider: ValidateProviderConfig
2026-07-07T23:34:22.398+0800 [TRACE] GRPCProvider: GetProviderSchema
2026-07-07T23:34:22.399+0800 [TRACE] GRPCProvider: returning cached schema: EXTRA_VALUE_AT_END=registry.terraform.io/hashicorp/vault
2026-07-07T23:34:22.398+0800 [TRACE] provider.terraform-provider-vault_v5.10.1_x5: Received request: @caller=github.com/hashicorp/terraform-plugin-go@v0.31.0/tfprotov5/tf5server/server.go:597 tf_provider_addr=registry.terraform.io/hashicorp/vault tf_req_id=61d74ca7-bac7-9192-970f-6be795991866 @module=sdk.proto tf_proto_version=5.11 tf_rpc=PrepareProviderConfig timestamp="2026-07-07T23:34:22.398+0800"
2026-07-07T23:34:22.399+0800 [TRACE] provider.terraform-provider-vault_v5.10.1_x5: Skipping protocol data file writing because no data directory is set. Use the TF_LOG_SDK_PROTO_DATA_DIR environment variable to enable this functionality.: @caller=github.com/hashicorp/terraform-plugin-go@v0.31.0/internal/logging/protocol_data.go:41 tf_proto_version=5.11 tf_provider_addr=registry.terraform.io/hashicorp/vault tf_rpc=PrepareProviderConfig @module=sdk.proto tf_req_id=61d74ca7-bac7-9192-970f-6be795991866 timestamp="2026-07-07T23:34:22.398+0800"
2026-07-07T23:34:22.399+0800 [TRACE] provider.terraform-provider-vault_v5.10.1_x5: Sending request downstream: @caller=github.com/hashicorp/terraform-plugin-go@v0.31.0/tfprotov5/internal/tf5serverlogging/downstream_request.go:22 tf_proto_version=5.11 @module=sdk.proto tf_provider_addr=registry.terraform.io/hashicorp/vault tf_req_id=61d74ca7-bac7-9192-970f-6be795991866 tf_rpc=PrepareProviderConfig timestamp="2026-07-07T23:34:22.398+0800"
2026-07-07T23:34:22.399+0800 [TRACE] provider.terraform-provider-vault_v5.10.1_x5: calling downstream server: tf_mux_provider="*schema.GRPCProviderServer" tf_rpc=PrepareProviderConfig @caller=github.com/hashicorp/terraform-plugin-mux@v0.23.1/internal/logging/mux.go:19 @module=sdk.mux timestamp="2026-07-07T23:34:22.398+0800"
2026-07-07T23:34:22.399+0800 [TRACE] provider.terraform-provider-vault_v5.10.1_x5: Preparing provider configuration: @caller=github.com/hashicorp/terraform-plugin-sdk/v2@v2.40.1/helper/schema/grpc_provider.go:294 @module=sdk.helper_schema tf_mux_provider="*schema.GRPCProviderServer" tf_req_id=61d74ca7-bac7-9192-970f-6be795991866 tf_provider_addr=registry.terraform.io/hashicorp/vault tf_rpc=PrepareProviderConfig timestamp="2026-07-07T23:34:22.398+0800"
2026-07-07T23:34:22.399+0800 [TRACE] provider.terraform-provider-vault_v5.10.1_x5: Calling downstream: tf_mux_provider="*schema.GRPCProviderServer" tf_provider_addr=registry.terraform.io/hashicorp/vault tf_req_id=61d74ca7-bac7-9192-970f-6be795991866 tf_rpc=PrepareProviderConfig @caller=github.com/hashicorp/terraform-plugin-sdk/v2@v2.40.1/helper/schema/grpc_provider.go:382 @module=sdk.helper_schema timestamp="2026-07-07T23:34:22.399+0800"
2026-07-07T23:34:22.399+0800 [TRACE] provider.terraform-provider-vault_v5.10.1_x5: Received request: @caller=github.com/hashicorp/terraform-plugin-go@v0.31.0/tfprotov5/tf5server/server.go:597 @module=sdk.proto tf_rpc=PrepareProviderConfig tf_proto_version=5.11 tf_provider_addr=registry.terraform.io/hashicorp/vault tf_req_id=ef9f074d-8f79-4bf8-a9e0-779d4e400a18 timestamp="2026-07-07T23:34:22.399+0800"
2026-07-07T23:34:22.399+0800 [TRACE] provider.terraform-provider-vault_v5.10.1_x5: Skipping protocol data file writing because no data directory is set. Use the TF_LOG_SDK_PROTO_DATA_DIR environment variable to enable this functionality.: @caller=github.com/hashicorp/terraform-plugin-go@v0.31.0/internal/logging/protocol_data.go:41 tf_proto_version=5.11 tf_provider_addr=registry.terraform.io/hashicorp/vault tf_req_id=ef9f074d-8f79-4bf8-a9e0-779d4e400a18 @module=sdk.proto tf_rpc=PrepareProviderConfig timestamp="2026-07-07T23:34:22.399+0800"
2026-07-07T23:34:22.399+0800 [TRACE] provider.terraform-provider-vault_v5.10.1_x5: Sending request downstream: tf_provider_addr=registry.terraform.io/hashicorp/vault tf_req_id=ef9f074d-8f79-4bf8-a9e0-779d4e400a18 @module=sdk.proto tf_proto_version=5.11 tf_rpc=PrepareProviderConfig @caller=github.com/hashicorp/terraform-plugin-go@v0.31.0/tfprotov5/internal/tf5serverlogging/downstream_request.go:22 timestamp="2026-07-07T23:34:22.399+0800"
2026-07-07T23:34:22.399+0800 [TRACE] provider.terraform-provider-vault_v5.10.1_x5: calling downstream server: @module=sdk.mux tf_mux_provider="*schema.GRPCProviderServer" tf_rpc=PrepareProviderConfig @caller=github.com/hashicorp/terraform-plugin-mux@v0.23.1/internal/logging/mux.go:19 timestamp="2026-07-07T23:34:22.399+0800"
2026-07-07T23:34:22.399+0800 [TRACE] provider.terraform-provider-vault_v5.10.1_x5: Preparing provider configuration: @module=sdk.helper_schema tf_mux_provider="*schema.GRPCProviderServer" tf_req_id=ef9f074d-8f79-4bf8-a9e0-779d4e400a18 @caller=github.com/hashicorp/terraform-plugin-sdk/v2@v2.40.1/helper/schema/grpc_provider.go:294 tf_provider_addr=registry.terraform.io/hashicorp/vault tf_rpc=PrepareProviderConfig timestamp="2026-07-07T23:34:22.399+0800"
2026-07-07T23:34:22.400+0800 [TRACE] provider.terraform-provider-vault_v5.10.1_x5: Calling downstream: @caller=github.com/hashicorp/terraform-plugin-sdk/v2@v2.40.1/helper/schema/grpc_provider.go:382 tf_rpc=PrepareProviderConfig @module=sdk.helper_schema tf_mux_provider="*schema.GRPCProviderServer" tf_provider_addr=registry.terraform.io/hashicorp/vault tf_req_id=ef9f074d-8f79-4bf8-a9e0-779d4e400a18 timestamp="2026-07-07T23:34:22.399+0800"
2026-07-07T23:34:22.401+0800 [TRACE] provider.terraform-provider-vault_v5.10.1_x5: Called downstream: tf_provider_addr=registry.terraform.io/hashicorp/vault tf_rpc=PrepareProviderConfig @module=sdk.helper_schema tf_req_id=61d74ca7-bac7-9192-970f-6be795991866 @caller=github.com/hashicorp/terraform-plugin-sdk/v2@v2.40.1/helper/schema/grpc_provider.go:384 tf_mux_provider="*schema.GRPCProviderServer" timestamp="2026-07-07T23:34:22.401+0800"
2026-07-07T23:34:22.401+0800 [TRACE] provider.terraform-provider-vault_v5.10.1_x5: calling downstream server: @module=sdk.mux tf_mux_provider="*proto5server.Server" tf_rpc=PrepareProviderConfig @caller=github.com/hashicorp/terraform-plugin-mux@v0.23.1/internal/logging/mux.go:19 timestamp="2026-07-07T23:34:22.401+0800"
2026-07-07T23:34:22.401+0800 [TRACE] provider.terraform-provider-vault_v5.10.1_x5: Checking ProviderSchema lock: @module=sdk.framework tf_provider_addr=registry.terraform.io/hashicorp/vault tf_req_id=61d74ca7-bac7-9192-970f-6be795991866 tf_rpc=PrepareProviderConfig @caller=github.com/hashicorp/terraform-plugin-framework@v1.19.0/internal/fwserver/server.go:499 tf_mux_provider="*proto5server.Server" timestamp="2026-07-07T23:34:22.401+0800"
2026-07-07T23:34:22.401+0800 [TRACE] provider.terraform-provider-vault_v5.10.1_x5: Calling provider defined Provider Schema: tf_rpc=PrepareProviderConfig @module=sdk.framework tf_mux_provider="*proto5server.Server" tf_provider_addr=registry.terraform.io/hashicorp/vault tf_req_id=61d74ca7-bac7-9192-970f-6be795991866 @caller=github.com/hashicorp/terraform-plugin-framework@v1.19.0/internal/fwserver/server.go:510 timestamp="2026-07-07T23:34:22.401+0800"
2026-07-07T23:34:22.401+0800 [TRACE] provider.terraform-provider-vault_v5.10.1_x5: Called provider defined Provider Schema: tf_provider_addr=registry.terraform.io/hashicorp/vault @caller=github.com/hashicorp/terraform-plugin-framework@v1.19.0/internal/fwserver/server.go:512 @module=sdk.framework tf_mux_provider="*proto5server.Server" tf_req_id=61d74ca7-bac7-9192-970f-6be795991866 tf_rpc=PrepareProviderConfig timestamp="2026-07-07T23:34:22.401+0800"
2026-07-07T23:34:22.401+0800 [TRACE] provider.terraform-provider-vault_v5.10.1_x5: Transforming empty block to null block: description=configuration tf_attribute_path=auth_login_oidc tf_provider_addr=registry.terraform.io/hashicorp/vault tf_req_id=61d74ca7-bac7-9192-970f-6be795991866 @caller=github.com/hashicorp/terraform-plugin-framework@v1.19.0/internal/fwschemadata/data_nullify_collection_blocks.go:91 @module=sdk.framework tf_mux_provider="*proto5server.Server" tf_rpc=PrepareProviderConfig timestamp="2026-07-07T23:34:22.401+0800"
2026-07-07T23:34:22.401+0800 [TRACE] provider.terraform-provider-vault_v5.10.1_x5: Transforming empty block to null block: tf_attribute_path=auth_login_token_file tf_rpc=PrepareProviderConfig @caller=github.com/hashicorp/terraform-plugin-framework@v1.19.0/internal/fwschemadata/data_nullify_collection_blocks.go:91 description=configuration tf_mux_provider="*proto5server.Server" tf_provider_addr=registry.terraform.io/hashicorp/vault tf_req_id=61d74ca7-bac7-9192-970f-6be795991866 @module=sdk.framework timestamp="2026-07-07T23:34:22.401+0800"
2026-07-07T23:34:22.401+0800 [TRACE] provider.terraform-provider-vault_v5.10.1_x5: Transforming empty block to null block: @module=sdk.framework description=configuration tf_provider_addr=registry.terraform.io/hashicorp/vault @caller=github.com/hashicorp/terraform-plugin-framework@v1.19.0/internal/fwschemadata/data_nullify_collection_blocks.go:91 tf_attribute_path=auth_login_cert tf_mux_provider="*proto5server.Server" tf_req_id=61d74ca7-bac7-9192-970f-6be795991866 tf_rpc=PrepareProviderConfig timestamp="2026-07-07T23:34:22.401+0800"
2026-07-07T23:34:22.401+0800 [TRACE] provider.terraform-provider-vault_v5.10.1_x5: Transforming empty block to null block: tf_attribute_path=auth_login_gcp tf_provider_addr=registry.terraform.io/hashicorp/vault tf_req_id=61d74ca7-bac7-9192-970f-6be795991866 @module=sdk.framework description=configuration tf_mux_provider="*proto5server.Server" tf_rpc=PrepareProviderConfig @caller=github.com/hashicorp/terraform-plugin-framework@v1.19.0/internal/fwschemadata/data_nullify_collection_blocks.go:91 timestamp="2026-07-07T23:34:22.401+0800"
2026-07-07T23:34:22.401+0800 [TRACE] provider.terraform-provider-vault_v5.10.1_x5: Transforming empty block to null block: description=configuration tf_req_id=61d74ca7-bac7-9192-970f-6be795991866 @caller=github.com/hashicorp/terraform-plugin-framework@v1.19.0/internal/fwschemadata/data_nullify_collection_blocks.go:91 @module=sdk.framework tf_attribute_path=auth_login_oci tf_mux_provider="*proto5server.Server" tf_provider_addr=registry.terraform.io/hashicorp/vault tf_rpc=PrepareProviderConfig timestamp="2026-07-07T23:34:22.401+0800"
2026-07-07T23:34:22.401+0800 [TRACE] provider.terraform-provider-vault_v5.10.1_x5: Transforming empty block to null block: @module=sdk.framework description=configuration tf_attribute_path=auth_login_userpass tf_mux_provider="*proto5server.Server" tf_provider_addr=registry.terraform.io/hashicorp/vault tf_req_id=61d74ca7-bac7-9192-970f-6be795991866 tf_rpc=PrepareProviderConfig @caller=github.com/hashicorp/terraform-plugin-framework@v1.19.0/internal/fwschemadata/data_nullify_collection_blocks.go:91 timestamp="2026-07-07T23:34:22.401+0800"
2026-07-07T23:34:22.401+0800 [TRACE] provider.terraform-provider-vault_v5.10.1_x5: Transforming empty block to null block: tf_req_id=61d74ca7-bac7-9192-970f-6be795991866 @module=sdk.framework description=configuration tf_attribute_path=auth_login tf_provider_addr=registry.terraform.io/hashicorp/vault tf_rpc=PrepareProviderConfig @caller=github.com/hashicorp/terraform-plugin-framework@v1.19.0/internal/fwschemadata/data_nullify_collection_blocks.go:91 tf_mux_provider="*proto5server.Server" timestamp="2026-07-07T23:34:22.401+0800"
2026-07-07T23:34:22.401+0800 [TRACE] provider.terraform-provider-vault_v5.10.1_x5: Transforming empty block to null block: tf_attribute_path=headers tf_req_id=61d74ca7-bac7-9192-970f-6be795991866 @module=sdk.framework tf_mux_provider="*proto5server.Server" tf_provider_addr=registry.terraform.io/hashicorp/vault tf_rpc=PrepareProviderConfig @caller=github.com/hashicorp/terraform-plugin-framework@v1.19.0/internal/fwschemadata/data_nullify_collection_blocks.go:91 description=configuration timestamp="2026-07-07T23:34:22.401+0800"
2026-07-07T23:34:22.401+0800 [TRACE] provider.terraform-provider-vault_v5.10.1_x5: Transforming empty block to null block: tf_attribute_path=auth_login_kerberos tf_provider_addr=registry.terraform.io/hashicorp/vault @caller=github.com/hashicorp/terraform-plugin-framework@v1.19.0/internal/fwschemadata/data_nullify_collection_blocks.go:91 @module=sdk.framework tf_mux_provider="*proto5server.Server" tf_req_id=61d74ca7-bac7-9192-970f-6be795991866 tf_rpc=PrepareProviderConfig description=configuration timestamp="2026-07-07T23:34:22.401+0800"
2026-07-07T23:34:22.401+0800 [TRACE] provider.terraform-provider-vault_v5.10.1_x5: Called downstream: tf_provider_addr=registry.terraform.io/hashicorp/vault tf_req_id=ef9f074d-8f79-4bf8-a9e0-779d4e400a18 tf_rpc=PrepareProviderConfig @caller=github.com/hashicorp/terraform-plugin-sdk/v2@v2.40.1/helper/schema/grpc_provider.go:384 @module=sdk.helper_schema tf_mux_provider="*schema.GRPCProviderServer" timestamp="2026-07-07T23:34:22.401+0800"
2026-07-07T23:34:22.401+0800 [TRACE] provider.terraform-provider-vault_v5.10.1_x5: calling downstream server: @module=sdk.mux tf_mux_provider="*proto5server.Server" tf_rpc=PrepareProviderConfig @caller=github.com/hashicorp/terraform-plugin-mux@v0.23.1/internal/logging/mux.go:19 timestamp="2026-07-07T23:34:22.401+0800"
2026-07-07T23:34:22.401+0800 [TRACE] provider.terraform-provider-vault_v5.10.1_x5: Checking ProviderSchema lock: @module=sdk.framework tf_req_id=ef9f074d-8f79-4bf8-a9e0-779d4e400a18 @caller=github.com/hashicorp/terraform-plugin-framework@v1.19.0/internal/fwserver/server.go:499 tf_mux_provider="*proto5server.Server" tf_provider_addr=registry.terraform.io/hashicorp/vault tf_rpc=PrepareProviderConfig timestamp="2026-07-07T23:34:22.401+0800"
2026-07-07T23:34:22.401+0800 [TRACE] provider.terraform-provider-vault_v5.10.1_x5: Calling provider defined Provider Schema: @module=sdk.framework tf_provider_addr=registry.terraform.io/hashicorp/vault tf_mux_provider="*proto5server.Server" tf_req_id=ef9f074d-8f79-4bf8-a9e0-779d4e400a18 tf_rpc=PrepareProviderConfig @caller=github.com/hashicorp/terraform-plugin-framework@v1.19.0/internal/fwserver/server.go:510 timestamp="2026-07-07T23:34:22.401+0800"
2026-07-07T23:34:22.401+0800 [TRACE] provider.terraform-provider-vault_v5.10.1_x5: Called provider defined Provider Schema: @module=sdk.framework tf_mux_provider="*proto5server.Server" tf_provider_addr=registry.terraform.io/hashicorp/vault tf_req_id=ef9f074d-8f79-4bf8-a9e0-779d4e400a18 tf_rpc=PrepareProviderConfig @caller=github.com/hashicorp/terraform-plugin-framework@v1.19.0/internal/fwserver/server.go:512 timestamp="2026-07-07T23:34:22.401+0800"
2026-07-07T23:34:22.401+0800 [TRACE] provider.terraform-provider-vault_v5.10.1_x5: Transforming empty block to null block: tf_req_id=61d74ca7-bac7-9192-970f-6be795991866 tf_rpc=PrepareProviderConfig @caller=github.com/hashicorp/terraform-plugin-framework@v1.19.0/internal/fwschemadata/data_nullify_collection_blocks.go:91 tf_mux_provider="*proto5server.Server" @module=sdk.framework description=configuration tf_attribute_path=auth_login_radius tf_provider_addr=registry.terraform.io/hashicorp/vault timestamp="2026-07-07T23:34:22.401+0800"
2026-07-07T23:34:22.401+0800 [TRACE] provider.terraform-provider-vault_v5.10.1_x5: Transforming empty block to null block: description=configuration tf_provider_addr=registry.terraform.io/hashicorp/vault @caller=github.com/hashicorp/terraform-plugin-framework@v1.19.0/internal/fwschemadata/data_nullify_collection_blocks.go:91 @module=sdk.framework tf_attribute_path=auth_login_azure tf_mux_provider="*proto5server.Server" tf_req_id=61d74ca7-bac7-9192-970f-6be795991866 tf_rpc=PrepareProviderConfig timestamp="2026-07-07T23:34:22.401+0800"
2026-07-07T23:34:22.401+0800 [TRACE] provider.terraform-provider-vault_v5.10.1_x5: Transforming empty block to null block: description=configuration tf_provider_addr=registry.terraform.io/hashicorp/vault tf_req_id=61d74ca7-bac7-9192-970f-6be795991866 tf_attribute_path=auth_login_jwt tf_mux_provider="*proto5server.Server" tf_rpc=PrepareProviderConfig @caller=github.com/hashicorp/terraform-plugin-framework@v1.19.0/internal/fwschemadata/data_nullify_collection_blocks.go:91 @module=sdk.framework timestamp="2026-07-07T23:34:22.401+0800"
2026-07-07T23:34:22.401+0800 [TRACE] provider.terraform-provider-vault_v5.10.1_x5: Transforming empty block to null block: @module=sdk.framework description=configuration tf_mux_provider="*proto5server.Server" tf_provider_addr=registry.terraform.io/hashicorp/vault tf_req_id=61d74ca7-bac7-9192-970f-6be795991866 @caller=github.com/hashicorp/terraform-plugin-framework@v1.19.0/internal/fwschemadata/data_nullify_collection_blocks.go:91 tf_attribute_path=client_auth tf_rpc=PrepareProviderConfig timestamp="2026-07-07T23:34:22.401+0800"
2026-07-07T23:34:22.401+0800 [TRACE] provider.terraform-provider-vault_v5.10.1_x5: Transforming empty block to null block: description=configuration tf_attribute_path=auth_login_aws tf_provider_addr=registry.terraform.io/hashicorp/vault tf_req_id=61d74ca7-bac7-9192-970f-6be795991866 tf_rpc=PrepareProviderConfig @caller=github.com/hashicorp/terraform-plugin-framework@v1.19.0/internal/fwschemadata/data_nullify_collection_blocks.go:91 @module=sdk.framework tf_mux_provider="*proto5server.Server" timestamp="2026-07-07T23:34:22.401+0800"
2026-07-07T23:34:22.401+0800 [TRACE] provider.terraform-provider-vault_v5.10.1_x5: Calling provider defined validator.String: tf_req_id=61d74ca7-bac7-9192-970f-6be795991866 @caller=github.com/hashicorp/terraform-plugin-framework@v1.19.0/internal/fwserver/attribute_validation.go:908 @module=sdk.framework tf_rpc=PrepareProviderConfig description="must be a valid semantic version" tf_attribute_path=vault_version_override tf_mux_provider="*proto5server.Server" tf_provider_addr=registry.terraform.io/hashicorp/vault timestamp="2026-07-07T23:34:22.401+0800"
2026-07-07T23:34:22.401+0800 [TRACE] provider.terraform-provider-vault_v5.10.1_x5: Called provider defined validator.String: tf_provider_addr=registry.terraform.io/hashicorp/vault tf_rpc=PrepareProviderConfig @module=sdk.framework description="must be a valid semantic version" tf_attribute_path=vault_version_override tf_req_id=61d74ca7-bac7-9192-970f-6be795991866 @caller=github.com/hashicorp/terraform-plugin-framework@v1.19.0/internal/fwserver/attribute_validation.go:918 tf_mux_provider="*proto5server.Server" timestamp="2026-07-07T23:34:22.401+0800"
2026-07-07T23:34:22.401+0800 [TRACE] provider.terraform-provider-vault_v5.10.1_x5: Type implements TypeWithValidate: tf_provider_addr=registry.terraform.io/hashicorp/vault tf_rpc=PrepareProviderConfig @module=sdk.framework tf_attribute_path=max_retries tf_mux_provider="*proto5server.Server" tf_req_id=61d74ca7-bac7-9192-970f-6be795991866 @caller=github.com/hashicorp/terraform-plugin-framework@v1.19.0/internal/fwschemadata/data_value.go:116 timestamp="2026-07-07T23:34:22.401+0800"
2026-07-07T23:34:22.401+0800 [TRACE] provider.terraform-provider-vault_v5.10.1_x5: Calling provider defined Type Validate: @module=sdk.framework tf_mux_provider="*proto5server.Server" tf_provider_addr=registry.terraform.io/hashicorp/vault tf_req_id=61d74ca7-bac7-9192-970f-6be795991866 tf_rpc=PrepareProviderConfig @caller=github.com/hashicorp/terraform-plugin-framework@v1.19.0/internal/fwschemadata/data_value.go:117 tf_attribute_path=max_retries timestamp="2026-07-07T23:34:22.401+0800"
2026-07-07T23:34:22.402+0800 [TRACE] provider.terraform-provider-vault_v5.10.1_x5: Called provider defined Type Validate: tf_mux_provider="*proto5server.Server" tf_req_id=61d74ca7-bac7-9192-970f-6be795991866 tf_attribute_path=max_retries tf_provider_addr=registry.terraform.io/hashicorp/vault tf_rpc=PrepareProviderConfig @caller=github.com/hashicorp/terraform-plugin-framework@v1.19.0/internal/fwschemadata/data_value.go:121 @module=sdk.framework timestamp="2026-07-07T23:34:22.401+0800"
2026-07-07T23:34:22.402+0800 [TRACE] provider.terraform-provider-vault_v5.10.1_x5: Type implements TypeWithValidate: tf_mux_provider="*proto5server.Server" tf_provider_addr=registry.terraform.io/hashicorp/vault @module=sdk.framework tf_attribute_path=max_lease_ttl_seconds tf_req_id=61d74ca7-bac7-9192-970f-6be795991866 tf_rpc=PrepareProviderConfig @caller=github.com/hashicorp/terraform-plugin-framework@v1.19.0/internal/fwschemadata/data_value.go:116 timestamp="2026-07-07T23:34:22.402+0800"
2026-07-07T23:34:22.402+0800 [TRACE] provider.terraform-provider-vault_v5.10.1_x5: Calling provider defined Type Validate: @caller=github.com/hashicorp/terraform-plugin-framework@v1.19.0/internal/fwschemadata/data_value.go:117 @module=sdk.framework tf_mux_provider="*proto5server.Server" tf_provider_addr=registry.terraform.io/hashicorp/vault tf_req_id=61d74ca7-bac7-9192-970f-6be795991866 tf_rpc=PrepareProviderConfig tf_attribute_path=max_lease_ttl_seconds timestamp="2026-07-07T23:34:22.402+0800"
2026-07-07T23:34:22.402+0800 [TRACE] provider.terraform-provider-vault_v5.10.1_x5: Called provider defined Type Validate: tf_mux_provider="*proto5server.Server" tf_req_id=61d74ca7-bac7-9192-970f-6be795991866 tf_rpc=PrepareProviderConfig @module=sdk.framework tf_attribute_path=max_lease_ttl_seconds tf_provider_addr=registry.terraform.io/hashicorp/vault @caller=github.com/hashicorp/terraform-plugin-framework@v1.19.0/internal/fwschemadata/data_value.go:121 timestamp="2026-07-07T23:34:22.402+0800"
2026-07-07T23:34:22.402+0800 [TRACE] provider.terraform-provider-vault_v5.10.1_x5: Type implements TypeWithValidate: @caller=github.com/hashicorp/terraform-plugin-framework@v1.19.0/internal/fwschemadata/data_value.go:116 @module=sdk.framework tf_attribute_path=max_retries_ccc tf_mux_provider="*proto5server.Server" tf_provider_addr=registry.terraform.io/hashicorp/vault tf_req_id=61d74ca7-bac7-9192-970f-6be795991866 tf_rpc=PrepareProviderConfig timestamp="2026-07-07T23:34:22.402+0800"
2026-07-07T23:34:22.402+0800 [TRACE] provider.terraform-provider-vault_v5.10.1_x5: Calling provider defined Type Validate: @caller=github.com/hashicorp/terraform-plugin-framework@v1.19.0/internal/fwschemadata/data_value.go:117 @module=sdk.framework tf_attribute_path=max_retries_ccc tf_provider_addr=registry.terraform.io/hashicorp/vault tf_req_id=61d74ca7-bac7-9192-970f-6be795991866 tf_mux_provider="*proto5server.Server" tf_rpc=PrepareProviderConfig timestamp="2026-07-07T23:34:22.402+0800"
2026-07-07T23:34:22.402+0800 [TRACE] provider.terraform-provider-vault_v5.10.1_x5: Called provider defined Type Validate: @module=sdk.framework tf_attribute_path=max_retries_ccc tf_provider_addr=registry.terraform.io/hashicorp/vault tf_req_id=61d74ca7-bac7-9192-970f-6be795991866 @caller=github.com/hashicorp/terraform-plugin-framework@v1.19.0/internal/fwschemadata/data_value.go:121 tf_mux_provider="*proto5server.Server" tf_rpc=PrepareProviderConfig timestamp="2026-07-07T23:34:22.402+0800"
2026-07-07T23:34:22.402+0800 [TRACE] provider.terraform-provider-vault_v5.10.1_x5: Type implements TypeWithValidate: @caller=github.com/hashicorp/terraform-plugin-framework@v1.19.0/internal/fwschemadata/data_value.go:116 tf_req_id=61d74ca7-bac7-9192-970f-6be795991866 tf_rpc=PrepareProviderConfig @module=sdk.framework tf_mux_provider="*proto5server.Server" tf_provider_addr=registry.terraform.io/hashicorp/vault timestamp="2026-07-07T23:34:22.402+0800"
2026-07-07T23:34:22.402+0800 [TRACE] provider.terraform-provider-vault_v5.10.1_x5: Calling provider defined Type Validate: tf_rpc=PrepareProviderConfig @caller=github.com/hashicorp/terraform-plugin-framework@v1.19.0/internal/fwschemadata/data_value.go:117 @module=sdk.framework tf_mux_provider="*proto5server.Server" tf_req_id=61d74ca7-bac7-9192-970f-6be795991866 tf_provider_addr=registry.terraform.io/hashicorp/vault timestamp="2026-07-07T23:34:22.402+0800"
2026-07-07T23:34:22.402+0800 [TRACE] provider.terraform-provider-vault_v5.10.1_x5: Called provider defined Type Validate: tf_req_id=61d74ca7-bac7-9192-970f-6be795991866 tf_rpc=PrepareProviderConfig @caller=github.com/hashicorp/terraform-plugin-framework@v1.19.0/internal/fwschemadata/data_value.go:121 @module=sdk.framework tf_mux_provider="*proto5server.Server" tf_provider_addr=registry.terraform.io/hashicorp/vault timestamp="2026-07-07T23:34:22.402+0800"
2026-07-07T23:34:22.402+0800 [TRACE] provider.terraform-provider-vault_v5.10.1_x5: Type implements TypeWithValidate: @caller=github.com/hashicorp/terraform-plugin-framework@v1.19.0/internal/fwschemadata/data_value.go:116 tf_provider_addr=registry.terraform.io/hashicorp/vault tf_rpc=PrepareProviderConfig @module=sdk.framework tf_mux_provider="*proto5server.Server" tf_req_id=61d74ca7-bac7-9192-970f-6be795991866 timestamp="2026-07-07T23:34:22.402+0800"
2026-07-07T23:34:22.402+0800 [TRACE] provider.terraform-provider-vault_v5.10.1_x5: Calling provider defined Type Validate: @caller=github.com/hashicorp/terraform-plugin-framework@v1.19.0/internal/fwschemadata/data_value.go:117 @module=sdk.framework tf_mux_provider="*proto5server.Server" tf_provider_addr=registry.terraform.io/hashicorp/vault tf_req_id=61d74ca7-bac7-9192-970f-6be795991866 tf_rpc=PrepareProviderConfig timestamp="2026-07-07T23:34:22.402+0800"
2026-07-07T23:34:22.402+0800 [TRACE] provider.terraform-provider-vault_v5.10.1_x5: Called provider defined Type Validate: @caller=github.com/hashicorp/terraform-plugin-framework@v1.19.0/internal/fwschemadata/data_value.go:121 tf_provider_addr=registry.terraform.io/hashicorp/vault tf_rpc=PrepareProviderConfig @module=sdk.framework tf_mux_provider="*proto5server.Server" tf_req_id=61d74ca7-bac7-9192-970f-6be795991866 timestamp="2026-07-07T23:34:22.402+0800"
2026-07-07T23:34:22.402+0800 [TRACE] provider.terraform-provider-vault_v5.10.1_x5: Type implements TypeWithValidate: tf_req_id=61d74ca7-bac7-9192-970f-6be795991866 tf_provider_addr=registry.terraform.io/hashicorp/vault tf_rpc=PrepareProviderConfig @caller=github.com/hashicorp/terraform-plugin-framework@v1.19.0/internal/fwschemadata/data_value.go:116 @module=sdk.framework tf_mux_provider="*proto5server.Server" timestamp="2026-07-07T23:34:22.402+0800"
2026-07-07T23:34:22.402+0800 [TRACE] provider.terraform-provider-vault_v5.10.1_x5: Calling provider defined Type Validate: @caller=github.com/hashicorp/terraform-plugin-framework@v1.19.0/internal/fwschemadata/data_value.go:117 @module=sdk.framework tf_rpc=PrepareProviderConfig tf_mux_provider="*proto5server.Server" tf_provider_addr=registry.terraform.io/hashicorp/vault tf_req_id=61d74ca7-bac7-9192-970f-6be795991866 timestamp="2026-07-07T23:34:22.402+0800"
2026-07-07T23:34:22.402+0800 [TRACE] provider.terraform-provider-vault_v5.10.1_x5: Called provider defined Type Validate: @caller=github.com/hashicorp/terraform-plugin-framework@v1.19.0/internal/fwschemadata/data_value.go:121 tf_mux_provider="*proto5server.Server" tf_rpc=PrepareProviderConfig @module=sdk.framework tf_provider_addr=registry.terraform.io/hashicorp/vault tf_req_id=61d74ca7-bac7-9192-970f-6be795991866 timestamp="2026-07-07T23:34:22.402+0800"
2026-07-07T23:34:22.402+0800 [TRACE] provider.terraform-provider-vault_v5.10.1_x5: Type implements TypeWithValidate: tf_mux_provider="*proto5server.Server" tf_rpc=PrepareProviderConfig tf_provider_addr=registry.terraform.io/hashicorp/vault tf_req_id=61d74ca7-bac7-9192-970f-6be795991866 @caller=github.com/hashicorp/terraform-plugin-framework@v1.19.0/internal/fwschemadata/data_value.go:116 @module=sdk.framework timestamp="2026-07-07T23:34:22.402+0800"
2026-07-07T23:34:22.402+0800 [TRACE] provider.terraform-provider-vault_v5.10.1_x5: Calling provider defined Type Validate: @module=sdk.framework tf_req_id=61d74ca7-bac7-9192-970f-6be795991866 tf_rpc=PrepareProviderConfig tf_mux_provider="*proto5server.Server" tf_provider_addr=registry.terraform.io/hashicorp/vault @caller=github.com/hashicorp/terraform-plugin-framework@v1.19.0/internal/fwschemadata/data_value.go:117 timestamp="2026-07-07T23:34:22.402+0800"
2026-07-07T23:34:22.402+0800 [TRACE] provider.terraform-provider-vault_v5.10.1_x5: Called provider defined Type Validate: @caller=github.com/hashicorp/terraform-plugin-framework@v1.19.0/internal/fwschemadata/data_value.go:121 tf_mux_provider="*proto5server.Server" tf_provider_addr=registry.terraform.io/hashicorp/vault @module=sdk.framework tf_req_id=61d74ca7-bac7-9192-970f-6be795991866 tf_rpc=PrepareProviderConfig timestamp="2026-07-07T23:34:22.402+0800"
2026-07-07T23:34:22.402+0800 [TRACE] provider.terraform-provider-vault_v5.10.1_x5: Type implements TypeWithValidate: @module=sdk.framework tf_rpc=PrepareProviderConfig @caller=github.com/hashicorp/terraform-plugin-framework@v1.19.0/internal/fwschemadata/data_value.go:116 tf_mux_provider="*proto5server.Server" tf_provider_addr=registry.terraform.io/hashicorp/vault tf_req_id=61d74ca7-bac7-9192-970f-6be795991866 timestamp="2026-07-07T23:34:22.402+0800"
2026-07-07T23:34:22.402+0800 [TRACE] provider.terraform-provider-vault_v5.10.1_x5: Transforming empty block to null block: tf_req_id=ef9f074d-8f79-4bf8-a9e0-779d4e400a18 tf_rpc=PrepareProviderConfig @caller=github.com/hashicorp/terraform-plugin-framework@v1.19.0/internal/fwschemadata/data_nullify_collection_blocks.go:91 @module=sdk.framework description=configuration tf_mux_provider="*proto5server.Server" tf_attribute_path=auth_login_azure tf_provider_addr=registry.terraform.io/hashicorp/vault timestamp="2026-07-07T23:34:22.402+0800"
2026-07-07T23:34:22.402+0800 [TRACE] provider.terraform-provider-vault_v5.10.1_x5: Transforming empty block to null block: tf_req_id=ef9f074d-8f79-4bf8-a9e0-779d4e400a18 tf_attribute_path=auth_login_kerberos tf_mux_provider="*proto5server.Server" tf_rpc=PrepareProviderConfig @caller=github.com/hashicorp/terraform-plugin-framework@v1.19.0/internal/fwschemadata/data_nullify_collection_blocks.go:91 @module=sdk.framework description=configuration tf_provider_addr=registry.terraform.io/hashicorp/vault timestamp="2026-07-07T23:34:22.402+0800"
2026-07-07T23:34:22.402+0800 [TRACE] provider.terraform-provider-vault_v5.10.1_x5: Transforming empty block to null block: tf_req_id=ef9f074d-8f79-4bf8-a9e0-779d4e400a18 tf_rpc=PrepareProviderConfig @module=sdk.framework description=configuration tf_attribute_path=client_auth tf_mux_provider="*proto5server.Server" tf_provider_addr=registry.terraform.io/hashicorp/vault @caller=github.com/hashicorp/terraform-plugin-framework@v1.19.0/internal/fwschemadata/data_nullify_collection_blocks.go:91 timestamp="2026-07-07T23:34:22.402+0800"
2026-07-07T23:34:22.402+0800 [TRACE] provider.terraform-provider-vault_v5.10.1_x5: Calling provider defined Type Validate: @caller=github.com/hashicorp/terraform-plugin-framework@v1.19.0/internal/fwschemadata/data_value.go:117 tf_provider_addr=registry.terraform.io/hashicorp/vault tf_req_id=61d74ca7-bac7-9192-970f-6be795991866 tf_rpc=PrepareProviderConfig @module=sdk.framework tf_mux_provider="*proto5server.Server" timestamp="2026-07-07T23:34:22.402+0800"
2026-07-07T23:34:22.402+0800 [TRACE] provider.terraform-provider-vault_v5.10.1_x5: Transforming empty block to null block: tf_mux_provider="*proto5server.Server" tf_provider_addr=registry.terraform.io/hashicorp/vault tf_rpc=PrepareProviderConfig @module=sdk.framework tf_attribute_path=auth_login tf_req_id=ef9f074d-8f79-4bf8-a9e0-779d4e400a18 @caller=github.com/hashicorp/terraform-plugin-framework@v1.19.0/internal/fwschemadata/data_nullify_collection_blocks.go:91 description=configuration timestamp="2026-07-07T23:34:22.402+0800"
2026-07-07T23:34:22.402+0800 [TRACE] provider.terraform-provider-vault_v5.10.1_x5: Called provider defined Type Validate: tf_mux_provider="*proto5server.Server" tf_provider_addr=registry.terraform.io/hashicorp/vault @module=sdk.framework tf_req_id=61d74ca7-bac7-9192-970f-6be795991866 tf_rpc=PrepareProviderConfig @caller=github.com/hashicorp/terraform-plugin-framework@v1.19.0/internal/fwschemadata/data_value.go:121 timestamp="2026-07-07T23:34:22.402+0800"
2026-07-07T23:34:22.402+0800 [TRACE] provider.terraform-provider-vault_v5.10.1_x5: Type implements TypeWithValidate: @module=sdk.framework tf_mux_provider="*proto5server.Server" tf_req_id=61d74ca7-bac7-9192-970f-6be795991866 @caller=github.com/hashicorp/terraform-plugin-framework@v1.19.0/internal/fwschemadata/data_value.go:116 tf_provider_addr=registry.terraform.io/hashicorp/vault tf_rpc=PrepareProviderConfig timestamp="2026-07-07T23:34:22.402+0800"
2026-07-07T23:34:22.402+0800 [TRACE] provider.terraform-provider-vault_v5.10.1_x5: Transforming empty block to null block: @caller=github.com/hashicorp/terraform-plugin-framework@v1.19.0/internal/fwschemadata/data_nullify_collection_blocks.go:91 description=configuration tf_req_id=ef9f074d-8f79-4bf8-a9e0-779d4e400a18 tf_rpc=PrepareProviderConfig @module=sdk.framework tf_attribute_path=auth_login_oci tf_mux_provider="*proto5server.Server" tf_provider_addr=registry.terraform.io/hashicorp/vault timestamp="2026-07-07T23:34:22.402+0800"
2026-07-07T23:34:22.402+0800 [TRACE] provider.terraform-provider-vault_v5.10.1_x5: Calling provider defined Type Validate: tf_provider_addr=registry.terraform.io/hashicorp/vault tf_req_id=61d74ca7-bac7-9192-970f-6be795991866 tf_rpc=PrepareProviderConfig @caller=github.com/hashicorp/terraform-plugin-framework@v1.19.0/internal/fwschemadata/data_value.go:117 @module=sdk.framework tf_mux_provider="*proto5server.Server" timestamp="2026-07-07T23:34:22.402+0800"
2026-07-07T23:34:22.402+0800 [TRACE] provider.terraform-provider-vault_v5.10.1_x5: Called provider defined Type Validate: tf_provider_addr=registry.terraform.io/hashicorp/vault tf_rpc=PrepareProviderConfig @caller=github.com/hashicorp/terraform-plugin-framework@v1.19.0/internal/fwschemadata/data_value.go:121 @module=sdk.framework tf_mux_provider="*proto5server.Server" tf_req_id=61d74ca7-bac7-9192-970f-6be795991866 timestamp="2026-07-07T23:34:22.402+0800"
2026-07-07T23:34:22.402+0800 [TRACE] provider.terraform-provider-vault_v5.10.1_x5: Transforming empty block to null block: tf_mux_provider="*proto5server.Server" tf_provider_addr=registry.terraform.io/hashicorp/vault @caller=github.com/hashicorp/terraform-plugin-framework@v1.19.0/internal/fwschemadata/data_nullify_collection_blocks.go:91 @module=sdk.framework tf_attribute_path=auth_login_userpass tf_req_id=ef9f074d-8f79-4bf8-a9e0-779d4e400a18 tf_rpc=PrepareProviderConfig description=configuration timestamp="2026-07-07T23:34:22.402+0800"
2026-07-07T23:34:22.402+0800 [TRACE] provider.terraform-provider-vault_v5.10.1_x5: Type implements TypeWithValidate: tf_rpc=PrepareProviderConfig tf_mux_provider="*proto5server.Server" tf_req_id=61d74ca7-bac7-9192-970f-6be795991866 @caller=github.com/hashicorp/terraform-plugin-framework@v1.19.0/internal/fwschemadata/data_value.go:116 @module=sdk.framework tf_provider_addr=registry.terraform.io/hashicorp/vault timestamp="2026-07-07T23:34:22.402+0800"
2026-07-07T23:34:22.402+0800 [TRACE] provider.terraform-provider-vault_v5.10.1_x5: Calling provider defined Type Validate: @caller=github.com/hashicorp/terraform-plugin-framework@v1.19.0/internal/fwschemadata/data_value.go:117 tf_mux_provider="*proto5server.Server" @module=sdk.framework tf_provider_addr=registry.terraform.io/hashicorp/vault tf_req_id=61d74ca7-bac7-9192-970f-6be795991866 tf_rpc=PrepareProviderConfig timestamp="2026-07-07T23:34:22.402+0800"
2026-07-07T23:34:22.402+0800 [TRACE] provider.terraform-provider-vault_v5.10.1_x5: Transforming empty block to null block: @module=sdk.framework description=configuration tf_provider_addr=registry.terraform.io/hashicorp/vault @caller=github.com/hashicorp/terraform-plugin-framework@v1.19.0/internal/fwschemadata/data_nullify_collection_blocks.go:91 tf_attribute_path=auth_login_radius tf_mux_provider="*proto5server.Server" tf_req_id=ef9f074d-8f79-4bf8-a9e0-779d4e400a18 tf_rpc=PrepareProviderConfig timestamp="2026-07-07T23:34:22.402+0800"
2026-07-07T23:34:22.402+0800 [TRACE] provider.terraform-provider-vault_v5.10.1_x5: Called provider defined Type Validate: @caller=github.com/hashicorp/terraform-plugin-framework@v1.19.0/internal/fwschemadata/data_value.go:121 tf_provider_addr=registry.terraform.io/hashicorp/vault tf_req_id=61d74ca7-bac7-9192-970f-6be795991866 @module=sdk.framework tf_mux_provider="*proto5server.Server" tf_rpc=PrepareProviderConfig timestamp="2026-07-07T23:34:22.402+0800"
2026-07-07T23:34:22.402+0800 [TRACE] provider.terraform-provider-vault_v5.10.1_x5: Type implements TypeWithValidate: @module=sdk.framework tf_provider_addr=registry.terraform.io/hashicorp/vault tf_req_id=61d74ca7-bac7-9192-970f-6be795991866 @caller=github.com/hashicorp/terraform-plugin-framework@v1.19.0/internal/fwschemadata/data_value.go:116 tf_mux_provider="*proto5server.Server" tf_rpc=PrepareProviderConfig timestamp="2026-07-07T23:34:22.402+0800"
2026-07-07T23:34:22.402+0800 [TRACE] provider.terraform-provider-vault_v5.10.1_x5: Transforming empty block to null block: @caller=github.com/hashicorp/terraform-plugin-framework@v1.19.0/internal/fwschemadata/data_nullify_collection_blocks.go:91 tf_attribute_path=auth_login_gcp tf_mux_provider="*proto5server.Server" tf_provider_addr=registry.terraform.io/hashicorp/vault tf_req_id=ef9f074d-8f79-4bf8-a9e0-779d4e400a18 tf_rpc=PrepareProviderConfig @module=sdk.framework description=configuration timestamp="2026-07-07T23:34:22.402+0800"
2026-07-07T23:34:22.402+0800 [TRACE] provider.terraform-provider-vault_v5.10.1_x5: Calling provider defined Type Validate: @caller=github.com/hashicorp/terraform-plugin-framework@v1.19.0/internal/fwschemadata/data_value.go:117 tf_req_id=61d74ca7-bac7-9192-970f-6be795991866 tf_rpc=PrepareProviderConfig @module=sdk.framework tf_mux_provider="*proto5server.Server" tf_provider_addr=registry.terraform.io/hashicorp/vault timestamp="2026-07-07T23:34:22.402+0800"
2026-07-07T23:34:22.402+0800 [TRACE] provider.terraform-provider-vault_v5.10.1_x5: Called provider defined Type Validate: tf_mux_provider="*proto5server.Server" tf_provider_addr=registry.terraform.io/hashicorp/vault tf_req_id=61d74ca7-bac7-9192-970f-6be795991866 @caller=github.com/hashicorp/terraform-plugin-framework@v1.19.0/internal/fwschemadata/data_value.go:121 @module=sdk.framework tf_rpc=PrepareProviderConfig timestamp="2026-07-07T23:34:22.402+0800"
2026-07-07T23:34:22.402+0800 [TRACE] provider.terraform-provider-vault_v5.10.1_x5: Type implements TypeWithValidate: @module=sdk.framework tf_provider_addr=registry.terraform.io/hashicorp/vault tf_req_id=61d74ca7-bac7-9192-970f-6be795991866 @caller=github.com/hashicorp/terraform-plugin-framework@v1.19.0/internal/fwschemadata/data_value.go:116 tf_mux_provider="*proto5server.Server" tf_rpc=PrepareProviderConfig timestamp="2026-07-07T23:34:22.402+0800"
2026-07-07T23:34:22.402+0800 [TRACE] provider.terraform-provider-vault_v5.10.1_x5: Calling provider defined Type Validate: @caller=github.com/hashicorp/terraform-plugin-framework@v1.19.0/internal/fwschemadata/data_value.go:117 @module=sdk.framework tf_mux_provider="*proto5server.Server" tf_provider_addr=registry.terraform.io/hashicorp/vault tf_rpc=PrepareProviderConfig tf_req_id=61d74ca7-bac7-9192-970f-6be795991866 timestamp="2026-07-07T23:34:22.402+0800"
2026-07-07T23:34:22.402+0800 [TRACE] provider.terraform-provider-vault_v5.10.1_x5: Called provider defined Type Validate: @caller=github.com/hashicorp/terraform-plugin-framework@v1.19.0/internal/fwschemadata/data_value.go:121 @module=sdk.framework tf_mux_provider="*proto5server.Server" tf_req_id=61d74ca7-bac7-9192-970f-6be795991866 tf_rpc=PrepareProviderConfig tf_provider_addr=registry.terraform.io/hashicorp/vault timestamp="2026-07-07T23:34:22.402+0800"
2026-07-07T23:34:22.402+0800 [TRACE] provider.terraform-provider-vault_v5.10.1_x5: Type implements TypeWithValidate: @caller=github.com/hashicorp/terraform-plugin-framework@v1.19.0/internal/fwschemadata/data_value.go:116 @module=sdk.framework tf_req_id=61d74ca7-bac7-9192-970f-6be795991866 tf_mux_provider="*proto5server.Server" tf_provider_addr=registry.terraform.io/hashicorp/vault tf_rpc=PrepareProviderConfig timestamp="2026-07-07T23:34:22.402+0800"
2026-07-07T23:34:22.402+0800 [TRACE] provider.terraform-provider-vault_v5.10.1_x5: Calling provider defined Type Validate: @module=sdk.framework tf_mux_provider="*proto5server.Server" tf_provider_addr=registry.terraform.io/hashicorp/vault tf_rpc=PrepareProviderConfig @caller=github.com/hashicorp/terraform-plugin-framework@v1.19.0/internal/fwschemadata/data_value.go:117 tf_req_id=61d74ca7-bac7-9192-970f-6be795991866 timestamp="2026-07-07T23:34:22.402+0800"
2026-07-07T23:34:22.402+0800 [TRACE] provider.terraform-provider-vault_v5.10.1_x5: Called provider defined Type Validate: tf_rpc=PrepareProviderConfig tf_provider_addr=registry.terraform.io/hashicorp/vault @caller=github.com/hashicorp/terraform-plugin-framework@v1.19.0/internal/fwschemadata/data_value.go:121 @module=sdk.framework tf_mux_provider="*proto5server.Server" tf_req_id=61d74ca7-bac7-9192-970f-6be795991866 timestamp="2026-07-07T23:34:22.402+0800"
2026-07-07T23:34:22.402+0800 [TRACE] provider.terraform-provider-vault_v5.10.1_x5: Transforming empty block to null block: tf_mux_provider="*proto5server.Server" tf_provider_addr=registry.terraform.io/hashicorp/vault tf_req_id=ef9f074d-8f79-4bf8-a9e0-779d4e400a18 tf_rpc=PrepareProviderConfig @module=sdk.framework description=configuration tf_attribute_path=auth_login_aws @caller=github.com/hashicorp/terraform-plugin-framework@v1.19.0/internal/fwschemadata/data_nullify_collection_blocks.go:91 timestamp="2026-07-07T23:34:22.402+0800"
2026-07-07T23:34:22.402+0800 [TRACE] provider.terraform-provider-vault_v5.10.1_x5: Transforming empty block to null block: tf_mux_provider="*proto5server.Server" @caller=github.com/hashicorp/terraform-plugin-framework@v1.19.0/internal/fwschemadata/data_nullify_collection_blocks.go:91 @module=sdk.framework tf_attribute_path=auth_login_oidc tf_provider_addr=registry.terraform.io/hashicorp/vault tf_req_id=ef9f074d-8f79-4bf8-a9e0-779d4e400a18 tf_rpc=PrepareProviderConfig description=configuration timestamp="2026-07-07T23:34:22.402+0800"
2026-07-07T23:34:22.402+0800 [TRACE] provider.terraform-provider-vault_v5.10.1_x5: Type implements TypeWithValidate: tf_provider_addr=registry.terraform.io/hashicorp/vault tf_req_id=61d74ca7-bac7-9192-970f-6be795991866 tf_rpc=PrepareProviderConfig @module=sdk.framework tf_mux_provider="*proto5server.Server" @caller=github.com/hashicorp/terraform-plugin-framework@v1.19.0/internal/fwschemadata/data_value.go:116 timestamp="2026-07-07T23:34:22.402+0800"
2026-07-07T23:34:22.402+0800 [TRACE] provider.terraform-provider-vault_v5.10.1_x5: Transforming empty block to null block: @module=sdk.framework tf_mux_provider="*proto5server.Server" tf_provider_addr=registry.terraform.io/hashicorp/vault tf_req_id=ef9f074d-8f79-4bf8-a9e0-779d4e400a18 @caller=github.com/hashicorp/terraform-plugin-framework@v1.19.0/internal/fwschemadata/data_nullify_collection_blocks.go:91 description=configuration tf_attribute_path=auth_login_token_file tf_rpc=PrepareProviderConfig timestamp="2026-07-07T23:34:22.402+0800"
2026-07-07T23:34:22.402+0800 [TRACE] provider.terraform-provider-vault_v5.10.1_x5: Calling provider defined Type Validate: @caller=github.com/hashicorp/terraform-plugin-framework@v1.19.0/internal/fwschemadata/data_value.go:117 tf_mux_provider="*proto5server.Server" tf_provider_addr=registry.terraform.io/hashicorp/vault tf_req_id=61d74ca7-bac7-9192-970f-6be795991866 tf_rpc=PrepareProviderConfig @module=sdk.framework timestamp="2026-07-07T23:34:22.402+0800"
2026-07-07T23:34:22.402+0800 [TRACE] provider.terraform-provider-vault_v5.10.1_x5: Transforming empty block to null block: tf_provider_addr=registry.terraform.io/hashicorp/vault tf_req_id=ef9f074d-8f79-4bf8-a9e0-779d4e400a18 tf_rpc=PrepareProviderConfig @module=sdk.framework description=configuration tf_attribute_path=auth_login_cert tf_mux_provider="*proto5server.Server" @caller=github.com/hashicorp/terraform-plugin-framework@v1.19.0/internal/fwschemadata/data_nullify_collection_blocks.go:91 timestamp="2026-07-07T23:34:22.402+0800"
2026-07-07T23:34:22.402+0800 [TRACE] provider.terraform-provider-vault_v5.10.1_x5: Called provider defined Type Validate: @caller=github.com/hashicorp/terraform-plugin-framework@v1.19.0/internal/fwschemadata/data_value.go:121 tf_req_id=61d74ca7-bac7-9192-970f-6be795991866 tf_rpc=PrepareProviderConfig @module=sdk.framework tf_mux_provider="*proto5server.Server" tf_provider_addr=registry.terraform.io/hashicorp/vault timestamp="2026-07-07T23:34:22.402+0800"
2026-07-07T23:34:22.402+0800 [TRACE] provider.terraform-provider-vault_v5.10.1_x5: Calling provider defined validator.List: @caller=github.com/hashicorp/terraform-plugin-framework@v1.19.0/internal/fwserver/block_validation.go:221 @module=sdk.framework tf_mux_provider="*proto5server.Server" tf_provider_addr=registry.terraform.io/hashicorp/vault tf_req_id=61d74ca7-bac7-9192-970f-6be795991866 description="list must contain at most 1 elements" tf_rpc=PrepareProviderConfig timestamp="2026-07-07T23:34:22.402+0800"
2026-07-07T23:34:22.402+0800 [TRACE] provider.terraform-provider-vault_v5.10.1_x5: Called provider defined validator.List: description="list must contain at most 1 elements" tf_mux_provider="*proto5server.Server" tf_req_id=61d74ca7-bac7-9192-970f-6be795991866 tf_rpc=PrepareProviderConfig @caller=github.com/hashicorp/terraform-plugin-framework@v1.19.0/internal/fwserver/block_validation.go:231 @module=sdk.framework tf_provider_addr=registry.terraform.io/hashicorp/vault timestamp="2026-07-07T23:34:22.402+0800"
2026-07-07T23:34:22.402+0800 [TRACE] provider.terraform-provider-vault_v5.10.1_x5: Type implements TypeWithValidate: tf_req_id=61d74ca7-bac7-9192-970f-6be795991866 tf_mux_provider="*proto5server.Server" tf_provider_addr=registry.terraform.io/hashicorp/vault tf_rpc=PrepareProviderConfig @caller=github.com/hashicorp/terraform-plugin-framework@v1.19.0/internal/fwschemadata/data_value.go:116 @module=sdk.framework timestamp="2026-07-07T23:34:22.402+0800"
2026-07-07T23:34:22.402+0800 [TRACE] provider.terraform-provider-vault_v5.10.1_x5: Calling provider defined Type Validate: @module=sdk.framework tf_provider_addr=registry.terraform.io/hashicorp/vault @caller=github.com/hashicorp/terraform-plugin-framework@v1.19.0/internal/fwschemadata/data_value.go:117 tf_mux_provider="*proto5server.Server" tf_req_id=61d74ca7-bac7-9192-970f-6be795991866 tf_rpc=PrepareProviderConfig timestamp="2026-07-07T23:34:22.402+0800"
2026-07-07T23:34:22.402+0800 [TRACE] provider.terraform-provider-vault_v5.10.1_x5: Called provider defined Type Validate: tf_req_id=61d74ca7-bac7-9192-970f-6be795991866 tf_rpc=PrepareProviderConfig @caller=github.com/hashicorp/terraform-plugin-framework@v1.19.0/internal/fwschemadata/data_value.go:121 @module=sdk.framework tf_mux_provider="*proto5server.Server" tf_provider_addr=registry.terraform.io/hashicorp/vault timestamp="2026-07-07T23:34:22.402+0800"
2026-07-07T23:34:22.402+0800 [TRACE] provider.terraform-provider-vault_v5.10.1_x5: Type implements TypeWithValidate: @module=sdk.framework tf_rpc=PrepareProviderConfig @caller=github.com/hashicorp/terraform-plugin-framework@v1.19.0/internal/fwschemadata/data_value.go:116 tf_mux_provider="*proto5server.Server" tf_provider_addr=registry.terraform.io/hashicorp/vault tf_req_id=61d74ca7-bac7-9192-970f-6be795991866 timestamp="2026-07-07T23:34:22.402+0800"
2026-07-07T23:34:22.402+0800 [TRACE] provider.terraform-provider-vault_v5.10.1_x5: Calling provider defined Type Validate: @module=sdk.framework tf_req_id=61d74ca7-bac7-9192-970f-6be795991866 tf_rpc=PrepareProviderConfig @caller=github.com/hashicorp/terraform-plugin-framework@v1.19.0/internal/fwschemadata/data_value.go:117 tf_mux_provider="*proto5server.Server" tf_provider_addr=registry.terraform.io/hashicorp/vault timestamp="2026-07-07T23:34:22.402+0800"
2026-07-07T23:34:22.402+0800 [TRACE] provider.terraform-provider-vault_v5.10.1_x5: Called provider defined Type Validate: tf_req_id=61d74ca7-bac7-9192-970f-6be795991866 tf_rpc=PrepareProviderConfig @module=sdk.framework tf_provider_addr=registry.terraform.io/hashicorp/vault @caller=github.com/hashicorp/terraform-plugin-framework@v1.19.0/internal/fwschemadata/data_value.go:121 tf_mux_provider="*proto5server.Server" timestamp="2026-07-07T23:34:22.402+0800"
2026-07-07T23:34:22.402+0800 [TRACE] provider.terraform-provider-vault_v5.10.1_x5: Transforming empty block to null block: @module=sdk.framework description=configuration tf_attribute_path=auth_login_jwt tf_mux_provider="*proto5server.Server" tf_rpc=PrepareProviderConfig tf_provider_addr=registry.terraform.io/hashicorp/vault tf_req_id=ef9f074d-8f79-4bf8-a9e0-779d4e400a18 @caller=github.com/hashicorp/terraform-plugin-framework@v1.19.0/internal/fwschemadata/data_nullify_collection_blocks.go:91 timestamp="2026-07-07T23:34:22.402+0800"
2026-07-07T23:34:22.402+0800 [TRACE] provider.terraform-provider-vault_v5.10.1_x5: Transforming empty block to null block: @caller=github.com/hashicorp/terraform-plugin-framework@v1.19.0/internal/fwschemadata/data_nullify_collection_blocks.go:91 description=configuration tf_attribute_path=headers tf_mux_provider="*proto5server.Server" tf_provider_addr=registry.terraform.io/hashicorp/vault @module=sdk.framework tf_req_id=ef9f074d-8f79-4bf8-a9e0-779d4e400a18 tf_rpc=PrepareProviderConfig timestamp="2026-07-07T23:34:22.402+0800"
2026-07-07T23:34:22.402+0800 [TRACE] provider.terraform-provider-vault_v5.10.1_x5: Type implements TypeWithValidate: tf_attribute_path=max_lease_ttl_seconds tf_provider_addr=registry.terraform.io/hashicorp/vault tf_rpc=PrepareProviderConfig @module=sdk.framework tf_mux_provider="*proto5server.Server" tf_req_id=ef9f074d-8f79-4bf8-a9e0-779d4e400a18 @caller=github.com/hashicorp/terraform-plugin-framework@v1.19.0/internal/fwschemadata/data_value.go:116 timestamp="2026-07-07T23:34:22.402+0800"
2026-07-07T23:34:22.402+0800 [TRACE] provider.terraform-provider-vault_v5.10.1_x5: Calling provider defined Type Validate: tf_provider_addr=registry.terraform.io/hashicorp/vault tf_req_id=ef9f074d-8f79-4bf8-a9e0-779d4e400a18 @caller=github.com/hashicorp/terraform-plugin-framework@v1.19.0/internal/fwschemadata/data_value.go:117 @module=sdk.framework tf_attribute_path=max_lease_ttl_seconds tf_mux_provider="*proto5server.Server" tf_rpc=PrepareProviderConfig timestamp="2026-07-07T23:34:22.402+0800"
2026-07-07T23:34:22.402+0800 [TRACE] provider.terraform-provider-vault_v5.10.1_x5: Called provider defined Type Validate: tf_attribute_path=max_lease_ttl_seconds tf_provider_addr=registry.terraform.io/hashicorp/vault tf_rpc=PrepareProviderConfig tf_mux_provider="*proto5server.Server" tf_req_id=ef9f074d-8f79-4bf8-a9e0-779d4e400a18 @caller=github.com/hashicorp/terraform-plugin-framework@v1.19.0/internal/fwschemadata/data_value.go:121 @module=sdk.framework timestamp="2026-07-07T23:34:22.402+0800"
2026-07-07T23:34:22.402+0800 [TRACE] provider.terraform-provider-vault_v5.10.1_x5: Calling provider defined validator.String: tf_attribute_path=vault_version_override tf_rpc=PrepareProviderConfig @caller=github.com/hashicorp/terraform-plugin-framework@v1.19.0/internal/fwserver/attribute_validation.go:908 @module=sdk.framework description="must be a valid semantic version" tf_mux_provider="*proto5server.Server" tf_provider_addr=registry.terraform.io/hashicorp/vault tf_req_id=ef9f074d-8f79-4bf8-a9e0-779d4e400a18 timestamp="2026-07-07T23:34:22.402+0800"
2026-07-07T23:34:22.402+0800 [TRACE] provider.terraform-provider-vault_v5.10.1_x5: Called provider defined validator.String: tf_provider_addr=registry.terraform.io/hashicorp/vault @caller=github.com/hashicorp/terraform-plugin-framework@v1.19.0/internal/fwserver/attribute_validation.go:918 tf_mux_provider="*proto5server.Server" tf_req_id=ef9f074d-8f79-4bf8-a9e0-779d4e400a18 tf_rpc=PrepareProviderConfig @module=sdk.framework description="must be a valid semantic version" tf_attribute_path=vault_version_override timestamp="2026-07-07T23:34:22.402+0800"
2026-07-07T23:34:22.402+0800 [TRACE] provider.terraform-provider-vault_v5.10.1_x5: Type implements TypeWithValidate: @module=sdk.framework tf_mux_provider="*proto5server.Server" tf_req_id=ef9f074d-8f79-4bf8-a9e0-779d4e400a18 @caller=github.com/hashicorp/terraform-plugin-framework@v1.19.0/internal/fwschemadata/data_value.go:116 tf_attribute_path=max_retries_ccc tf_provider_addr=registry.terraform.io/hashicorp/vault tf_rpc=PrepareProviderConfig timestamp="2026-07-07T23:34:22.402+0800"
2026-07-07T23:34:22.402+0800 [TRACE] provider.terraform-provider-vault_v5.10.1_x5: Calling provider defined Type Validate: @caller=github.com/hashicorp/terraform-plugin-framework@v1.19.0/internal/fwschemadata/data_value.go:117 tf_attribute_path=max_retries_ccc tf_provider_addr=registry.terraform.io/hashicorp/vault @module=sdk.framework tf_mux_provider="*proto5server.Server" tf_req_id=ef9f074d-8f79-4bf8-a9e0-779d4e400a18 tf_rpc=PrepareProviderConfig timestamp="2026-07-07T23:34:22.402+0800"
2026-07-07T23:34:22.402+0800 [TRACE] provider.terraform-provider-vault_v5.10.1_x5: Called provider defined Type Validate: @module=sdk.framework tf_provider_addr=registry.terraform.io/hashicorp/vault tf_rpc=PrepareProviderConfig tf_attribute_path=max_retries_ccc tf_mux_provider="*proto5server.Server" tf_req_id=ef9f074d-8f79-4bf8-a9e0-779d4e400a18 @caller=github.com/hashicorp/terraform-plugin-framework@v1.19.0/internal/fwschemadata/data_value.go:121 timestamp="2026-07-07T23:34:22.402+0800"
2026-07-07T23:34:22.402+0800 [TRACE] provider.terraform-provider-vault_v5.10.1_x5: Type implements TypeWithValidate: @caller=github.com/hashicorp/terraform-plugin-framework@v1.19.0/internal/fwschemadata/data_value.go:116 @module=sdk.framework tf_mux_provider="*proto5server.Server" tf_rpc=PrepareProviderConfig tf_attribute_path=max_retries tf_provider_addr=registry.terraform.io/hashicorp/vault tf_req_id=ef9f074d-8f79-4bf8-a9e0-779d4e400a18 timestamp="2026-07-07T23:34:22.402+0800"
2026-07-07T23:34:22.402+0800 [TRACE] provider.terraform-provider-vault_v5.10.1_x5: Calling provider defined Type Validate: @module=sdk.framework tf_attribute_path=max_retries @caller=github.com/hashicorp/terraform-plugin-framework@v1.19.0/internal/fwschemadata/data_value.go:117 tf_mux_provider="*proto5server.Server" tf_provider_addr=registry.terraform.io/hashicorp/vault tf_req_id=ef9f074d-8f79-4bf8-a9e0-779d4e400a18 tf_rpc=PrepareProviderConfig timestamp="2026-07-07T23:34:22.402+0800"
2026-07-07T23:34:22.402+0800 [TRACE] provider.terraform-provider-vault_v5.10.1_x5: Called provider defined Type Validate: @module=sdk.framework tf_mux_provider="*proto5server.Server" tf_provider_addr=registry.terraform.io/hashicorp/vault tf_req_id=ef9f074d-8f79-4bf8-a9e0-779d4e400a18 tf_rpc=PrepareProviderConfig tf_attribute_path=max_retries @caller=github.com/hashicorp/terraform-plugin-framework@v1.19.0/internal/fwschemadata/data_value.go:121 timestamp="2026-07-07T23:34:22.402+0800"
2026-07-07T23:34:22.402+0800 [TRACE] provider.terraform-provider-vault_v5.10.1_x5: Type implements TypeWithValidate: @module=sdk.framework tf_mux_provider="*proto5server.Server" tf_req_id=ef9f074d-8f79-4bf8-a9e0-779d4e400a18 tf_rpc=PrepareProviderConfig @caller=github.com/hashicorp/terraform-plugin-framework@v1.19.0/internal/fwschemadata/data_value.go:116 tf_provider_addr=registry.terraform.io/hashicorp/vault timestamp="2026-07-07T23:34:22.402+0800"
2026-07-07T23:34:22.402+0800 [TRACE] provider.terraform-provider-vault_v5.10.1_x5: Calling provider defined Type Validate: tf_rpc=PrepareProviderConfig @module=sdk.framework tf_mux_provider="*proto5server.Server" @caller=github.com/hashicorp/terraform-plugin-framework@v1.19.0/internal/fwschemadata/data_value.go:117 tf_provider_addr=registry.terraform.io/hashicorp/vault tf_req_id=ef9f074d-8f79-4bf8-a9e0-779d4e400a18 timestamp="2026-07-07T23:34:22.402+0800"
2026-07-07T23:34:22.402+0800 [TRACE] provider.terraform-provider-vault_v5.10.1_x5: Type implements TypeWithValidate: @module=sdk.framework tf_mux_provider="*proto5server.Server" @caller=github.com/hashicorp/terraform-plugin-framework@v1.19.0/internal/fwschemadata/data_value.go:116 tf_provider_addr=registry.terraform.io/hashicorp/vault tf_req_id=61d74ca7-bac7-9192-970f-6be795991866 tf_rpc=PrepareProviderConfig timestamp="2026-07-07T23:34:22.402+0800"
2026-07-07T23:34:22.403+0800 [TRACE] provider.terraform-provider-vault_v5.10.1_x5: Calling provider defined Type Validate: @caller=github.com/hashicorp/terraform-plugin-framework@v1.19.0/internal/fwschemadata/data_value.go:117 tf_mux_provider="*proto5server.Server" tf_provider_addr=registry.terraform.io/hashicorp/vault tf_rpc=PrepareProviderConfig @module=sdk.framework tf_req_id=61d74ca7-bac7-9192-970f-6be795991866 timestamp="2026-07-07T23:34:22.402+0800"
2026-07-07T23:34:22.403+0800 [TRACE] provider.terraform-provider-vault_v5.10.1_x5: Called provider defined Type Validate: tf_req_id=61d74ca7-bac7-9192-970f-6be795991866 @caller=github.com/hashicorp/terraform-plugin-framework@v1.19.0/internal/fwschemadata/data_value.go:121 @module=sdk.framework tf_mux_provider="*proto5server.Server" tf_provider_addr=registry.terraform.io/hashicorp/vault tf_rpc=PrepareProviderConfig timestamp="2026-07-07T23:34:22.402+0800"
2026-07-07T23:34:22.402+0800 [TRACE] provider.terraform-provider-vault_v5.10.1_x5: Called provider defined Type Validate: @module=sdk.framework tf_mux_provider="*proto5server.Server" tf_provider_addr=registry.terraform.io/hashicorp/vault tf_req_id=ef9f074d-8f79-4bf8-a9e0-779d4e400a18 tf_rpc=PrepareProviderConfig @caller=github.com/hashicorp/terraform-plugin-framework@v1.19.0/internal/fwschemadata/data_value.go:121 timestamp="2026-07-07T23:34:22.402+0800"
2026-07-07T23:34:22.403+0800 [TRACE] provider.terraform-provider-vault_v5.10.1_x5: Type implements TypeWithValidate: @module=sdk.framework tf_mux_provider="*proto5server.Server" tf_provider_addr=registry.terraform.io/hashicorp/vault tf_rpc=PrepareProviderConfig tf_req_id=ef9f074d-8f79-4bf8-a9e0-779d4e400a18 @caller=github.com/hashicorp/terraform-plugin-framework@v1.19.0/internal/fwschemadata/data_value.go:116 timestamp="2026-07-07T23:34:22.402+0800"
2026-07-07T23:34:22.403+0800 [TRACE] provider.terraform-provider-vault_v5.10.1_x5: Transforming null block to empty block: description=configuration tf_provider_addr=registry.terraform.io/hashicorp/vault @caller=github.com/hashicorp/terraform-plugin-framework@v1.19.0/internal/fwschemadata/data_reify_null_collection_blocks.go:63 tf_attribute_path=auth_login_token_file tf_mux_provider="*proto5server.Server" tf_req_id=61d74ca7-bac7-9192-970f-6be795991866 tf_rpc=PrepareProviderConfig @module=sdk.framework timestamp="2026-07-07T23:34:22.402+0800"
2026-07-07T23:34:22.403+0800 [TRACE] provider.terraform-provider-vault_v5.10.1_x5: Calling provider defined Type Validate: tf_mux_provider="*proto5server.Server" tf_provider_addr=registry.terraform.io/hashicorp/vault @caller=github.com/hashicorp/terraform-plugin-framework@v1.19.0/internal/fwschemadata/data_value.go:117 @module=sdk.framework tf_req_id=ef9f074d-8f79-4bf8-a9e0-779d4e400a18 tf_rpc=PrepareProviderConfig timestamp="2026-07-07T23:34:22.402+0800"
2026-07-07T23:34:22.403+0800 [TRACE] provider.terraform-provider-vault_v5.10.1_x5: Called provider defined Type Validate: @caller=github.com/hashicorp/terraform-plugin-framework@v1.19.0/internal/fwschemadata/data_value.go:121 @module=sdk.framework tf_mux_provider="*proto5server.Server" tf_provider_addr=registry.terraform.io/hashicorp/vault tf_req_id=ef9f074d-8f79-4bf8-a9e0-779d4e400a18 tf_rpc=PrepareProviderConfig timestamp="2026-07-07T23:34:22.402+0800"
2026-07-07T23:34:22.403+0800 [TRACE] provider.terraform-provider-vault_v5.10.1_x5: Type implements TypeWithValidate: tf_mux_provider="*proto5server.Server" tf_provider_addr=registry.terraform.io/hashicorp/vault tf_rpc=PrepareProviderConfig @caller=github.com/hashicorp/terraform-plugin-framework@v1.19.0/internal/fwschemadata/data_value.go:116 tf_req_id=ef9f074d-8f79-4bf8-a9e0-779d4e400a18 @module=sdk.framework timestamp="2026-07-07T23:34:22.402+0800"
2026-07-07T23:34:22.403+0800 [TRACE] provider.terraform-provider-vault_v5.10.1_x5: Calling provider defined Type Validate: @caller=github.com/hashicorp/terraform-plugin-framework@v1.19.0/internal/fwschemadata/data_value.go:117 @module=sdk.framework tf_mux_provider="*proto5server.Server" tf_req_id=ef9f074d-8f79-4bf8-a9e0-779d4e400a18 tf_rpc=PrepareProviderConfig tf_provider_addr=registry.terraform.io/hashicorp/vault timestamp="2026-07-07T23:34:22.402+0800"
2026-07-07T23:34:22.403+0800 [TRACE] provider.terraform-provider-vault_v5.10.1_x5: Called provider defined Type Validate: tf_mux_provider="*proto5server.Server" tf_provider_addr=registry.terraform.io/hashicorp/vault tf_req_id=ef9f074d-8f79-4bf8-a9e0-779d4e400a18 @caller=github.com/hashicorp/terraform-plugin-framework@v1.19.0/internal/fwschemadata/data_value.go:121 tf_rpc=PrepareProviderConfig @module=sdk.framework timestamp="2026-07-07T23:34:22.402+0800"
2026-07-07T23:34:22.403+0800 [TRACE] provider.terraform-provider-vault_v5.10.1_x5: Type implements TypeWithValidate: @caller=github.com/hashicorp/terraform-plugin-framework@v1.19.0/internal/fwschemadata/data_value.go:116 tf_mux_provider="*proto5server.Server" tf_provider_addr=registry.terraform.io/hashicorp/vault @module=sdk.framework tf_req_id=ef9f074d-8f79-4bf8-a9e0-779d4e400a18 tf_rpc=PrepareProviderConfig timestamp="2026-07-07T23:34:22.402+0800"
2026-07-07T23:34:22.403+0800 [TRACE] provider.terraform-provider-vault_v5.10.1_x5: Calling provider defined Type Validate: @caller=github.com/hashicorp/terraform-plugin-framework@v1.19.0/internal/fwschemadata/data_value.go:117 @module=sdk.framework tf_req_id=ef9f074d-8f79-4bf8-a9e0-779d4e400a18 tf_mux_provider="*proto5server.Server" tf_provider_addr=registry.terraform.io/hashicorp/vault tf_rpc=PrepareProviderConfig timestamp="2026-07-07T23:34:22.402+0800"
2026-07-07T23:34:22.403+0800 [TRACE] provider.terraform-provider-vault_v5.10.1_x5: Called provider defined Type Validate: tf_mux_provider="*proto5server.Server" tf_provider_addr=registry.terraform.io/hashicorp/vault @caller=github.com/hashicorp/terraform-plugin-framework@v1.19.0/internal/fwschemadata/data_value.go:121 @module=sdk.framework tf_req_id=ef9f074d-8f79-4bf8-a9e0-779d4e400a18 tf_rpc=PrepareProviderConfig timestamp="2026-07-07T23:34:22.402+0800"
2026-07-07T23:34:22.403+0800 [TRACE] provider.terraform-provider-vault_v5.10.1_x5: Type implements TypeWithValidate: tf_rpc=PrepareProviderConfig @caller=github.com/hashicorp/terraform-plugin-framework@v1.19.0/internal/fwschemadata/data_value.go:116 @module=sdk.framework tf_mux_provider="*proto5server.Server" tf_provider_addr=registry.terraform.io/hashicorp/vault tf_req_id=ef9f074d-8f79-4bf8-a9e0-779d4e400a18 timestamp="2026-07-07T23:34:22.402+0800"
2026-07-07T23:34:22.403+0800 [TRACE] provider.terraform-provider-vault_v5.10.1_x5: Calling provider defined Type Validate: tf_mux_provider="*proto5server.Server" tf_req_id=ef9f074d-8f79-4bf8-a9e0-779d4e400a18 tf_provider_addr=registry.terraform.io/hashicorp/vault tf_rpc=PrepareProviderConfig @caller=github.com/hashicorp/terraform-plugin-framework@v1.19.0/internal/fwschemadata/data_value.go:117 @module=sdk.framework timestamp="2026-07-07T23:34:22.402+0800"
2026-07-07T23:34:22.403+0800 [TRACE] provider.terraform-provider-vault_v5.10.1_x5: Called provider defined Type Validate: tf_provider_addr=registry.terraform.io/hashicorp/vault tf_req_id=ef9f074d-8f79-4bf8-a9e0-779d4e400a18 tf_rpc=PrepareProviderConfig @caller=github.com/hashicorp/terraform-plugin-framework@v1.19.0/internal/fwschemadata/data_value.go:121 @module=sdk.framework tf_mux_provider="*proto5server.Server" timestamp="2026-07-07T23:34:22.402+0800"
2026-07-07T23:34:22.403+0800 [TRACE] provider.terraform-provider-vault_v5.10.1_x5: Calling provider defined validator.List: tf_mux_provider="*proto5server.Server" tf_req_id=ef9f074d-8f79-4bf8-a9e0-779d4e400a18 @module=sdk.framework description="list must contain at most 1 elements" tf_provider_addr=registry.terraform.io/hashicorp/vault tf_rpc=PrepareProviderConfig @caller=github.com/hashicorp/terraform-plugin-framework@v1.19.0/internal/fwserver/block_validation.go:221 timestamp="2026-07-07T23:34:22.402+0800"
2026-07-07T23:34:22.403+0800 [TRACE] provider.terraform-provider-vault_v5.10.1_x5: Called provider defined validator.List: tf_provider_addr=registry.terraform.io/hashicorp/vault tf_req_id=ef9f074d-8f79-4bf8-a9e0-779d4e400a18 tf_rpc=PrepareProviderConfig description="list must contain at most 1 elements" tf_mux_provider="*proto5server.Server" @caller=github.com/hashicorp/terraform-plugin-framework@v1.19.0/internal/fwserver/block_validation.go:231 @module=sdk.framework timestamp="2026-07-07T23:34:22.402+0800"
2026-07-07T23:34:22.403+0800 [TRACE] provider.terraform-provider-vault_v5.10.1_x5: Type implements TypeWithValidate: tf_mux_provider="*proto5server.Server" tf_provider_addr=registry.terraform.io/hashicorp/vault tf_req_id=ef9f074d-8f79-4bf8-a9e0-779d4e400a18 @caller=github.com/hashicorp/terraform-plugin-framework@v1.19.0/internal/fwschemadata/data_value.go:116 @module=sdk.framework tf_rpc=PrepareProviderConfig timestamp="2026-07-07T23:34:22.402+0800"
2026-07-07T23:34:22.403+0800 [TRACE] provider.terraform-provider-vault_v5.10.1_x5: Calling provider defined Type Validate: @caller=github.com/hashicorp/terraform-plugin-framework@v1.19.0/internal/fwschemadata/data_value.go:117 tf_mux_provider="*proto5server.Server" tf_provider_addr=registry.terraform.io/hashicorp/vault tf_req_id=ef9f074d-8f79-4bf8-a9e0-779d4e400a18 tf_rpc=PrepareProviderConfig @module=sdk.framework timestamp="2026-07-07T23:34:22.402+0800"
2026-07-07T23:34:22.403+0800 [TRACE] provider.terraform-provider-vault_v5.10.1_x5: Called provider defined Type Validate: @module=sdk.framework tf_rpc=PrepareProviderConfig @caller=github.com/hashicorp/terraform-plugin-framework@v1.19.0/internal/fwschemadata/data_value.go:121 tf_mux_provider="*proto5server.Server" tf_provider_addr=registry.terraform.io/hashicorp/vault tf_req_id=ef9f074d-8f79-4bf8-a9e0-779d4e400a18 timestamp="2026-07-07T23:34:22.402+0800"
2026-07-07T23:34:22.403+0800 [TRACE] provider.terraform-provider-vault_v5.10.1_x5: Type implements TypeWithValidate: @caller=github.com/hashicorp/terraform-plugin-framework@v1.19.0/internal/fwschemadata/data_value.go:116 tf_rpc=PrepareProviderConfig @module=sdk.framework tf_mux_provider="*proto5server.Server" tf_provider_addr=registry.terraform.io/hashicorp/vault tf_req_id=ef9f074d-8f79-4bf8-a9e0-779d4e400a18 timestamp="2026-07-07T23:34:22.402+0800"
2026-07-07T23:34:22.403+0800 [TRACE] provider.terraform-provider-vault_v5.10.1_x5: Calling provider defined Type Validate: @caller=github.com/hashicorp/terraform-plugin-framework@v1.19.0/internal/fwschemadata/data_value.go:117 tf_mux_provider="*proto5server.Server" @module=sdk.framework tf_provider_addr=registry.terraform.io/hashicorp/vault tf_req_id=ef9f074d-8f79-4bf8-a9e0-779d4e400a18 tf_rpc=PrepareProviderConfig timestamp="2026-07-07T23:34:22.402+0800"
2026-07-07T23:34:22.403+0800 [TRACE] provider.terraform-provider-vault_v5.10.1_x5: Called provider defined Type Validate: @caller=github.com/hashicorp/terraform-plugin-framework@v1.19.0/internal/fwschemadata/data_value.go:121 tf_req_id=ef9f074d-8f79-4bf8-a9e0-779d4e400a18 @module=sdk.framework tf_mux_provider="*proto5server.Server" tf_provider_addr=registry.terraform.io/hashicorp/vault tf_rpc=PrepareProviderConfig timestamp="2026-07-07T23:34:22.402+0800"
2026-07-07T23:34:22.403+0800 [TRACE] provider.terraform-provider-vault_v5.10.1_x5: Transforming null block to empty block: description=configuration tf_mux_provider="*proto5server.Server" tf_provider_addr=registry.terraform.io/hashicorp/vault tf_req_id=61d74ca7-bac7-9192-970f-6be795991866 tf_rpc=PrepareProviderConfig @caller=github.com/hashicorp/terraform-plugin-framework@v1.19.0/internal/fwschemadata/data_reify_null_collection_blocks.go:63 @module=sdk.framework tf_attribute_path=auth_login_gcp timestamp="2026-07-07T23:34:22.402+0800"
2026-07-07T23:34:22.403+0800 [TRACE] GRPCProvider: ConfigureProvider
2026-07-07T23:34:22.403+0800 [TRACE] GRPCProvider: GetProviderSchema
2026-07-07T23:34:22.403+0800 [TRACE] GRPCProvider: returning cached schema: EXTRA_VALUE_AT_END=registry.terraform.io/hashicorp/vault
2026-07-07T23:34:22.403+0800 [TRACE] provider.terraform-provider-vault_v5.10.1_x5: Transforming null block to empty block: tf_attribute_path=auth_login_oci tf_provider_addr=registry.terraform.io/hashicorp/vault tf_rpc=PrepareProviderConfig @caller=github.com/hashicorp/terraform-plugin-framework@v1.19.0/internal/fwschemadata/data_reify_null_collection_blocks.go:63 @module=sdk.framework description=configuration tf_mux_provider="*proto5server.Server" tf_req_id=61d74ca7-bac7-9192-970f-6be795991866 timestamp="2026-07-07T23:34:22.402+0800"
2026-07-07T23:34:22.403+0800 [TRACE] provider.terraform-provider-vault_v5.10.1_x5: Transforming null block to empty block: tf_provider_addr=registry.terraform.io/hashicorp/vault tf_req_id=61d74ca7-bac7-9192-970f-6be795991866 tf_rpc=PrepareProviderConfig @caller=github.com/hashicorp/terraform-plugin-framework@v1.19.0/internal/fwschemadata/data_reify_null_collection_blocks.go:63 @module=sdk.framework description=configuration tf_attribute_path=auth_login_radius tf_mux_provider="*proto5server.Server" timestamp="2026-07-07T23:34:22.402+0800"
2026-07-07T23:34:22.403+0800 [TRACE] provider.terraform-provider-vault_v5.10.1_x5: Transforming null block to empty block: tf_provider_addr=registry.terraform.io/hashicorp/vault tf_req_id=61d74ca7-bac7-9192-970f-6be795991866 tf_rpc=PrepareProviderConfig @caller=github.com/hashicorp/terraform-plugin-framework@v1.19.0/internal/fwschemadata/data_reify_null_collection_blocks.go:63 @module=sdk.framework tf_attribute_path=auth_login_aws description=configuration tf_mux_provider="*proto5server.Server" timestamp="2026-07-07T23:34:22.402+0800"
2026-07-07T23:34:22.403+0800 [TRACE] provider.terraform-provider-vault_v5.10.1_x5: Type implements TypeWithValidate: tf_mux_provider="*proto5server.Server" tf_provider_addr=registry.terraform.io/hashicorp/vault tf_req_id=ef9f074d-8f79-4bf8-a9e0-779d4e400a18 @module=sdk.framework tf_rpc=PrepareProviderConfig @caller=github.com/hashicorp/terraform-plugin-framework@v1.19.0/internal/fwschemadata/data_value.go:116 timestamp="2026-07-07T23:34:22.402+0800"
2026-07-07T23:34:22.403+0800 [TRACE] provider.terraform-provider-vault_v5.10.1_x5: Calling provider defined Type Validate: @caller=github.com/hashicorp/terraform-plugin-framework@v1.19.0/internal/fwschemadata/data_value.go:117 @module=sdk.framework tf_mux_provider="*proto5server.Server" tf_provider_addr=registry.terraform.io/hashicorp/vault tf_req_id=ef9f074d-8f79-4bf8-a9e0-779d4e400a18 tf_rpc=PrepareProviderConfig timestamp="2026-07-07T23:34:22.402+0800"
2026-07-07T23:34:22.403+0800 [TRACE] provider.terraform-provider-vault_v5.10.1_x5: Transforming null block to empty block: @module=sdk.framework description=configuration tf_attribute_path=auth_login_oidc tf_mux_provider="*proto5server.Server" tf_provider_addr=registry.terraform.io/hashicorp/vault tf_req_id=61d74ca7-bac7-9192-970f-6be795991866 tf_rpc=PrepareProviderConfig @caller=github.com/hashicorp/terraform-plugin-framework@v1.19.0/internal/fwschemadata/data_reify_null_collection_blocks.go:63 timestamp="2026-07-07T23:34:22.402+0800"
2026-07-07T23:34:22.403+0800 [TRACE] provider.terraform-provider-vault_v5.10.1_x5: Transforming null block to empty block: @module=sdk.framework description=configuration tf_provider_addr=registry.terraform.io/hashicorp/vault tf_req_id=61d74ca7-bac7-9192-970f-6be795991866 tf_rpc=PrepareProviderConfig @caller=github.com/hashicorp/terraform-plugin-framework@v1.19.0/internal/fwschemadata/data_reify_null_collection_blocks.go:63 tf_attribute_path=client_auth tf_mux_provider="*proto5server.Server" timestamp="2026-07-07T23:34:22.402+0800"
2026-07-07T23:34:22.403+0800 [TRACE] provider.terraform-provider-vault_v5.10.1_x5: Called provider defined Type Validate: tf_mux_provider="*proto5server.Server" tf_provider_addr=registry.terraform.io/hashicorp/vault tf_req_id=ef9f074d-8f79-4bf8-a9e0-779d4e400a18 tf_rpc=PrepareProviderConfig @caller=github.com/hashicorp/terraform-plugin-framework@v1.19.0/internal/fwschemadata/data_value.go:121 @module=sdk.framework timestamp="2026-07-07T23:34:22.402+0800"
2026-07-07T23:34:22.403+0800 [TRACE] provider.terraform-provider-vault_v5.10.1_x5: Type implements TypeWithValidate: tf_mux_provider="*proto5server.Server" @module=sdk.framework tf_provider_addr=registry.terraform.io/hashicorp/vault tf_req_id=ef9f074d-8f79-4bf8-a9e0-779d4e400a18 tf_rpc=PrepareProviderConfig @caller=github.com/hashicorp/terraform-plugin-framework@v1.19.0/internal/fwschemadata/data_value.go:116 timestamp="2026-07-07T23:34:22.402+0800"
2026-07-07T23:34:22.403+0800 [TRACE] provider.terraform-provider-vault_v5.10.1_x5: Transforming null block to empty block: @module=sdk.framework tf_provider_addr=registry.terraform.io/hashicorp/vault tf_req_id=61d74ca7-bac7-9192-970f-6be795991866 tf_rpc=PrepareProviderConfig description=configuration tf_attribute_path=auth_login_cert tf_mux_provider="*proto5server.Server" @caller=github.com/hashicorp/terraform-plugin-framework@v1.19.0/internal/fwschemadata/data_reify_null_collection_blocks.go:63 timestamp="2026-07-07T23:34:22.402+0800"
2026-07-07T23:34:22.403+0800 [TRACE] provider.terraform-provider-vault_v5.10.1_x5: Calling provider defined Type Validate: @module=sdk.framework tf_provider_addr=registry.terraform.io/hashicorp/vault @caller=github.com/hashicorp/terraform-plugin-framework@v1.19.0/internal/fwschemadata/data_value.go:117 tf_mux_provider="*proto5server.Server" tf_req_id=ef9f074d-8f79-4bf8-a9e0-779d4e400a18 tf_rpc=PrepareProviderConfig timestamp="2026-07-07T23:34:22.402+0800"
2026-07-07T23:34:22.403+0800 [TRACE] provider.terraform-provider-vault_v5.10.1_x5: Called provider defined Type Validate: @module=sdk.framework tf_provider_addr=registry.terraform.io/hashicorp/vault tf_rpc=PrepareProviderConfig @caller=github.com/hashicorp/terraform-plugin-framework@v1.19.0/internal/fwschemadata/data_value.go:121 tf_mux_provider="*proto5server.Server" tf_req_id=ef9f074d-8f79-4bf8-a9e0-779d4e400a18 timestamp="2026-07-07T23:34:22.402+0800"
2026-07-07T23:34:22.403+0800 [TRACE] provider.terraform-provider-vault_v5.10.1_x5: Transforming null block to empty block: description=configuration tf_attribute_path=headers tf_provider_addr=registry.terraform.io/hashicorp/vault @caller=github.com/hashicorp/terraform-plugin-framework@v1.19.0/internal/fwschemadata/data_reify_null_collection_blocks.go:63 @module=sdk.framework tf_mux_provider="*proto5server.Server" tf_req_id=61d74ca7-bac7-9192-970f-6be795991866 tf_rpc=PrepareProviderConfig timestamp="2026-07-07T23:34:22.402+0800"
2026-07-07T23:34:22.403+0800 [TRACE] provider.terraform-provider-vault_v5.10.1_x5: Type implements TypeWithValidate: tf_rpc=PrepareProviderConfig @caller=github.com/hashicorp/terraform-plugin-framework@v1.19.0/internal/fwschemadata/data_value.go:116 @module=sdk.framework tf_mux_provider="*proto5server.Server" tf_provider_addr=registry.terraform.io/hashicorp/vault tf_req_id=ef9f074d-8f79-4bf8-a9e0-779d4e400a18 timestamp="2026-07-07T23:34:22.402+0800"
2026-07-07T23:34:22.403+0800 [TRACE] provider.terraform-provider-vault_v5.10.1_x5: Transforming null block to empty block: tf_mux_provider="*proto5server.Server" tf_req_id=61d74ca7-bac7-9192-970f-6be795991866 tf_rpc=PrepareProviderConfig @module=sdk.framework description=configuration tf_attribute_path=auth_login_kerberos tf_provider_addr=registry.terraform.io/hashicorp/vault @caller=github.com/hashicorp/terraform-plugin-framework@v1.19.0/internal/fwschemadata/data_reify_null_collection_blocks.go:63 timestamp="2026-07-07T23:34:22.402+0800"
2026-07-07T23:34:22.403+0800 [TRACE] provider.terraform-provider-vault_v5.10.1_x5: Calling provider defined Type Validate: tf_provider_addr=registry.terraform.io/hashicorp/vault tf_rpc=PrepareProviderConfig @caller=github.com/hashicorp/terraform-plugin-framework@v1.19.0/internal/fwschemadata/data_value.go:117 tf_mux_provider="*proto5server.Server" tf_req_id=ef9f074d-8f79-4bf8-a9e0-779d4e400a18 @module=sdk.framework timestamp="2026-07-07T23:34:22.402+0800"
2026-07-07T23:34:22.403+0800 [TRACE] provider.terraform-provider-vault_v5.10.1_x5: Called provider defined Type Validate: @module=sdk.framework tf_provider_addr=registry.terraform.io/hashicorp/vault tf_req_id=ef9f074d-8f79-4bf8-a9e0-779d4e400a18 tf_rpc=PrepareProviderConfig @caller=github.com/hashicorp/terraform-plugin-framework@v1.19.0/internal/fwschemadata/data_value.go:121 tf_mux_provider="*proto5server.Server" timestamp="2026-07-07T23:34:22.402+0800"
2026-07-07T23:34:22.403+0800 [TRACE] provider.terraform-provider-vault_v5.10.1_x5: Transforming null block to empty block: @caller=github.com/hashicorp/terraform-plugin-framework@v1.19.0/internal/fwschemadata/data_reify_null_collection_blocks.go:63 @module=sdk.framework description=configuration tf_attribute_path=auth_login_azure tf_mux_provider="*proto5server.Server" tf_provider_addr=registry.terraform.io/hashicorp/vault tf_req_id=61d74ca7-bac7-9192-970f-6be795991866 tf_rpc=PrepareProviderConfig timestamp="2026-07-07T23:34:22.402+0800"
2026-07-07T23:34:22.403+0800 [TRACE] provider.terraform-provider-vault_v5.10.1_x5: Type implements TypeWithValidate: tf_provider_addr=registry.terraform.io/hashicorp/vault tf_rpc=PrepareProviderConfig @caller=github.com/hashicorp/terraform-plugin-framework@v1.19.0/internal/fwschemadata/data_value.go:116 tf_req_id=ef9f074d-8f79-4bf8-a9e0-779d4e400a18 @module=sdk.framework tf_mux_provider="*proto5server.Server" timestamp="2026-07-07T23:34:22.402+0800"
2026-07-07T23:34:22.403+0800 [TRACE] provider.terraform-provider-vault_v5.10.1_x5: Calling provider defined Type Validate: @caller=github.com/hashicorp/terraform-plugin-framework@v1.19.0/internal/fwschemadata/data_value.go:117 tf_mux_provider="*proto5server.Server" tf_provider_addr=registry.terraform.io/hashicorp/vault tf_req_id=ef9f074d-8f79-4bf8-a9e0-779d4e400a18 tf_rpc=PrepareProviderConfig @module=sdk.framework timestamp="2026-07-07T23:34:22.402+0800"
2026-07-07T23:34:22.403+0800 [TRACE] provider.terraform-provider-vault_v5.10.1_x5: Transforming null block to empty block: tf_provider_addr=registry.terraform.io/hashicorp/vault @module=sdk.framework tf_mux_provider="*proto5server.Server" tf_req_id=61d74ca7-bac7-9192-970f-6be795991866 tf_rpc=PrepareProviderConfig @caller=github.com/hashicorp/terraform-plugin-framework@v1.19.0/internal/fwschemadata/data_reify_null_collection_blocks.go:63 description=configuration tf_attribute_path=auth_login_userpass timestamp="2026-07-07T23:34:22.402+0800"
2026-07-07T23:34:22.403+0800 [TRACE] provider.terraform-provider-vault_v5.10.1_x5: Called provider defined Type Validate: @caller=github.com/hashicorp/terraform-plugin-framework@v1.19.0/internal/fwschemadata/data_value.go:121 @module=sdk.framework tf_mux_provider="*proto5server.Server" tf_provider_addr=registry.terraform.io/hashicorp/vault tf_req_id=ef9f074d-8f79-4bf8-a9e0-779d4e400a18 tf_rpc=PrepareProviderConfig timestamp="2026-07-07T23:34:22.402+0800"
2026-07-07T23:34:22.403+0800 [TRACE] provider.terraform-provider-vault_v5.10.1_x5: Type implements TypeWithValidate: tf_provider_addr=registry.terraform.io/hashicorp/vault tf_req_id=ef9f074d-8f79-4bf8-a9e0-779d4e400a18 tf_rpc=PrepareProviderConfig @caller=github.com/hashicorp/terraform-plugin-framework@v1.19.0/internal/fwschemadata/data_value.go:116 @module=sdk.framework tf_mux_provider="*proto5server.Server" timestamp="2026-07-07T23:34:22.402+0800"
2026-07-07T23:34:22.403+0800 [TRACE] provider.terraform-provider-vault_v5.10.1_x5: Transforming null block to empty block: @module=sdk.framework description=configuration tf_attribute_path=auth_login tf_mux_provider="*proto5server.Server" tf_provider_addr=registry.terraform.io/hashicorp/vault tf_req_id=61d74ca7-bac7-9192-970f-6be795991866 tf_rpc=PrepareProviderConfig @caller=github.com/hashicorp/terraform-plugin-framework@v1.19.0/internal/fwschemadata/data_reify_null_collection_blocks.go:63 timestamp="2026-07-07T23:34:22.402+0800"
2026-07-07T23:34:22.403+0800 [TRACE] provider.terraform-provider-vault_v5.10.1_x5: Calling provider defined Type Validate: @module=sdk.framework tf_mux_provider="*proto5server.Server" tf_req_id=ef9f074d-8f79-4bf8-a9e0-779d4e400a18 tf_rpc=PrepareProviderConfig @caller=github.com/hashicorp/terraform-plugin-framework@v1.19.0/internal/fwschemadata/data_value.go:117 tf_provider_addr=registry.terraform.io/hashicorp/vault timestamp="2026-07-07T23:34:22.402+0800"
2026-07-07T23:34:22.403+0800 [TRACE] provider.terraform-provider-vault_v5.10.1_x5: Called provider defined Type Validate: tf_mux_provider="*proto5server.Server" tf_provider_addr=registry.terraform.io/hashicorp/vault tf_rpc=PrepareProviderConfig tf_req_id=ef9f074d-8f79-4bf8-a9e0-779d4e400a18 @caller=github.com/hashicorp/terraform-plugin-framework@v1.19.0/internal/fwschemadata/data_value.go:121 @module=sdk.framework timestamp="2026-07-07T23:34:22.402+0800"
2026-07-07T23:34:22.403+0800 [TRACE] provider.terraform-provider-vault_v5.10.1_x5: Transforming null block to empty block: @module=sdk.framework description=configuration tf_mux_provider="*proto5server.Server" tf_provider_addr=registry.terraform.io/hashicorp/vault tf_attribute_path=auth_login_jwt tf_req_id=61d74ca7-bac7-9192-970f-6be795991866 tf_rpc=PrepareProviderConfig @caller=github.com/hashicorp/terraform-plugin-framework@v1.19.0/internal/fwschemadata/data_reify_null_collection_blocks.go:63 timestamp="2026-07-07T23:34:22.402+0800"
2026-07-07T23:34:22.403+0800 [TRACE] provider.terraform-provider-vault_v5.10.1_x5: Type implements TypeWithValidate: tf_req_id=ef9f074d-8f79-4bf8-a9e0-779d4e400a18 @caller=github.com/hashicorp/terraform-plugin-framework@v1.19.0/internal/fwschemadata/data_value.go:116 @module=sdk.framework tf_mux_provider="*proto5server.Server" tf_provider_addr=registry.terraform.io/hashicorp/vault tf_rpc=PrepareProviderConfig timestamp="2026-07-07T23:34:22.402+0800"
2026-07-07T23:34:22.403+0800 [TRACE] provider.terraform-provider-vault_v5.10.1_x5: Calling provider defined Type Validate: @module=sdk.framework tf_mux_provider="*proto5server.Server" tf_provider_addr=registry.terraform.io/hashicorp/vault tf_req_id=ef9f074d-8f79-4bf8-a9e0-779d4e400a18 tf_rpc=PrepareProviderConfig @caller=github.com/hashicorp/terraform-plugin-framework@v1.19.0/internal/fwschemadata/data_value.go:117 timestamp="2026-07-07T23:34:22.402+0800"
2026-07-07T23:34:22.403+0800 [TRACE] provider.terraform-provider-vault_v5.10.1_x5: Received downstream response: diagnostic_error_count=0 diagnostic_warning_count=0 tf_provider_addr=registry.terraform.io/hashicorp/vault @module=sdk.proto tf_proto_version=5.11 tf_req_duration_ms=4 tf_req_id=61d74ca7-bac7-9192-970f-6be795991866 tf_rpc=PrepareProviderConfig @caller=github.com/hashicorp/terraform-plugin-go@v0.31.0/tfprotov5/internal/tf5serverlogging/downstream_request.go:61 timestamp="2026-07-07T23:34:22.403+0800"
2026-07-07T23:34:22.403+0800 [TRACE] provider.terraform-provider-vault_v5.10.1_x5: Called provider defined Type Validate: tf_mux_provider="*proto5server.Server" tf_req_id=ef9f074d-8f79-4bf8-a9e0-779d4e400a18 @module=sdk.framework tf_provider_addr=registry.terraform.io/hashicorp/vault tf_rpc=PrepareProviderConfig @caller=github.com/hashicorp/terraform-plugin-framework@v1.19.0/internal/fwschemadata/data_value.go:121 timestamp="2026-07-07T23:34:22.402+0800"
2026-07-07T23:34:22.403+0800 [TRACE] provider.terraform-provider-vault_v5.10.1_x5: Type implements TypeWithValidate: @caller=github.com/hashicorp/terraform-plugin-framework@v1.19.0/internal/fwschemadata/data_value.go:116 tf_provider_addr=registry.terraform.io/hashicorp/vault @module=sdk.framework tf_mux_provider="*proto5server.Server" tf_req_id=ef9f074d-8f79-4bf8-a9e0-779d4e400a18 tf_rpc=PrepareProviderConfig timestamp="2026-07-07T23:34:22.403+0800"
2026-07-07T23:34:22.403+0800 [TRACE] provider.terraform-provider-vault_v5.10.1_x5: Served request: @caller=github.com/hashicorp/terraform-plugin-go@v0.31.0/tfprotov5/tf5server/server.go:618 @module=sdk.proto tf_provider_addr=registry.terraform.io/hashicorp/vault tf_rpc=PrepareProviderConfig tf_proto_version=5.11 tf_req_id=61d74ca7-bac7-9192-970f-6be795991866 timestamp="2026-07-07T23:34:22.403+0800"
2026-07-07T23:34:22.403+0800 [TRACE] provider.terraform-provider-vault_v5.10.1_x5: Calling provider defined Type Validate: tf_req_id=ef9f074d-8f79-4bf8-a9e0-779d4e400a18 @caller=github.com/hashicorp/terraform-plugin-framework@v1.19.0/internal/fwschemadata/data_value.go:117 @module=sdk.framework tf_provider_addr=registry.terraform.io/hashicorp/vault tf_rpc=PrepareProviderConfig tf_mux_provider="*proto5server.Server" timestamp="2026-07-07T23:34:22.403+0800"
2026-07-07T23:34:22.403+0800 [TRACE] provider.terraform-provider-vault_v5.10.1_x5: Called provider defined Type Validate: @caller=github.com/hashicorp/terraform-plugin-framework@v1.19.0/internal/fwschemadata/data_value.go:121 tf_mux_provider="*proto5server.Server" tf_provider_addr=registry.terraform.io/hashicorp/vault tf_req_id=ef9f074d-8f79-4bf8-a9e0-779d4e400a18 tf_rpc=PrepareProviderConfig @module=sdk.framework timestamp="2026-07-07T23:34:22.403+0800"
2026-07-07T23:34:22.403+0800 [TRACE] provider.terraform-provider-vault_v5.10.1_x5: Transforming null block to empty block: tf_attribute_path=auth_login_gcp tf_provider_addr=registry.terraform.io/hashicorp/vault tf_req_id=ef9f074d-8f79-4bf8-a9e0-779d4e400a18 tf_rpc=PrepareProviderConfig description=configuration tf_mux_provider="*proto5server.Server" @caller=github.com/hashicorp/terraform-plugin-framework@v1.19.0/internal/fwschemadata/data_reify_null_collection_blocks.go:63 @module=sdk.framework timestamp="2026-07-07T23:34:22.403+0800"
2026-07-07T23:34:22.403+0800 [TRACE] provider.terraform-provider-vault_v5.10.1_x5: Transforming null block to empty block: tf_rpc=PrepareProviderConfig @module=sdk.framework description=configuration tf_mux_provider="*proto5server.Server" tf_req_id=ef9f074d-8f79-4bf8-a9e0-779d4e400a18 @caller=github.com/hashicorp/terraform-plugin-framework@v1.19.0/internal/fwschemadata/data_reify_null_collection_blocks.go:63 tf_attribute_path=headers tf_provider_addr=registry.terraform.io/hashicorp/vault timestamp="2026-07-07T23:34:22.403+0800"
2026-07-07T23:34:22.403+0800 [TRACE] provider.terraform-provider-vault_v5.10.1_x5: Transforming null block to empty block: @module=sdk.framework description=configuration tf_provider_addr=registry.terraform.io/hashicorp/vault tf_rpc=PrepareProviderConfig tf_attribute_path=client_auth tf_mux_provider="*proto5server.Server" tf_req_id=ef9f074d-8f79-4bf8-a9e0-779d4e400a18 @caller=github.com/hashicorp/terraform-plugin-framework@v1.19.0/internal/fwschemadata/data_reify_null_collection_blocks.go:63 timestamp="2026-07-07T23:34:22.403+0800"
2026-07-07T23:34:22.403+0800 [TRACE] provider.terraform-provider-vault_v5.10.1_x5: Transforming null block to empty block: @module=sdk.framework description=configuration tf_provider_addr=registry.terraform.io/hashicorp/vault tf_req_id=ef9f074d-8f79-4bf8-a9e0-779d4e400a18 tf_attribute_path=auth_login_userpass tf_mux_provider="*proto5server.Server" tf_rpc=PrepareProviderConfig @caller=github.com/hashicorp/terraform-plugin-framework@v1.19.0/internal/fwschemadata/data_reify_null_collection_blocks.go:63 timestamp="2026-07-07T23:34:22.403+0800"
2026-07-07T23:34:22.403+0800 [TRACE] provider.terraform-provider-vault_v5.10.1_x5: Transforming null block to empty block: @module=sdk.framework description=configuration tf_attribute_path=auth_login_token_file tf_mux_provider="*proto5server.Server" tf_req_id=ef9f074d-8f79-4bf8-a9e0-779d4e400a18 tf_rpc=PrepareProviderConfig @caller=github.com/hashicorp/terraform-plugin-framework@v1.19.0/internal/fwschemadata/data_reify_null_collection_blocks.go:63 tf_provider_addr=registry.terraform.io/hashicorp/vault timestamp="2026-07-07T23:34:22.403+0800"
2026-07-07T23:34:22.403+0800 [TRACE] provider.terraform-provider-vault_v5.10.1_x5: Transforming null block to empty block: tf_req_id=ef9f074d-8f79-4bf8-a9e0-779d4e400a18 tf_rpc=PrepareProviderConfig @module=sdk.framework description=configuration tf_attribute_path=auth_login_oidc tf_mux_provider="*proto5server.Server" tf_provider_addr=registry.terraform.io/hashicorp/vault @caller=github.com/hashicorp/terraform-plugin-framework@v1.19.0/internal/fwschemadata/data_reify_null_collection_blocks.go:63 timestamp="2026-07-07T23:34:22.403+0800"
2026-07-07T23:34:22.403+0800 [TRACE] provider.terraform-provider-vault_v5.10.1_x5: Transforming null block to empty block: @module=sdk.framework description=configuration tf_attribute_path=auth_login_azure tf_mux_provider="*proto5server.Server" tf_provider_addr=registry.terraform.io/hashicorp/vault tf_req_id=ef9f074d-8f79-4bf8-a9e0-779d4e400a18 @caller=github.com/hashicorp/terraform-plugin-framework@v1.19.0/internal/fwschemadata/data_reify_null_collection_blocks.go:63 tf_rpc=PrepareProviderConfig timestamp="2026-07-07T23:34:22.403+0800"
2026-07-07T23:34:22.403+0800 [TRACE] provider.terraform-provider-vault_v5.10.1_x5: Transforming null block to empty block: @caller=github.com/hashicorp/terraform-plugin-framework@v1.19.0/internal/fwschemadata/data_reify_null_collection_blocks.go:63 @module=sdk.framework description=configuration tf_mux_provider="*proto5server.Server" tf_rpc=PrepareProviderConfig tf_attribute_path=auth_login tf_provider_addr=registry.terraform.io/hashicorp/vault tf_req_id=ef9f074d-8f79-4bf8-a9e0-779d4e400a18 timestamp="2026-07-07T23:34:22.403+0800"
2026-07-07T23:34:22.403+0800 [TRACE] provider.terraform-provider-vault_v5.10.1_x5: Transforming null block to empty block: @module=sdk.framework description=configuration tf_attribute_path=auth_login_cert tf_mux_provider="*proto5server.Server" tf_provider_addr=registry.terraform.io/hashicorp/vault @caller=github.com/hashicorp/terraform-plugin-framework@v1.19.0/internal/fwschemadata/data_reify_null_collection_blocks.go:63 tf_req_id=ef9f074d-8f79-4bf8-a9e0-779d4e400a18 tf_rpc=PrepareProviderConfig timestamp="2026-07-07T23:34:22.403+0800"
2026-07-07T23:34:22.403+0800 [TRACE] provider.terraform-provider-vault_v5.10.1_x5: Transforming null block to empty block: @module=sdk.framework description=configuration tf_attribute_path=auth_login_jwt tf_mux_provider="*proto5server.Server" tf_provider_addr=registry.terraform.io/hashicorp/vault @caller=github.com/hashicorp/terraform-plugin-framework@v1.19.0/internal/fwschemadata/data_reify_null_collection_blocks.go:63 tf_req_id=ef9f074d-8f79-4bf8-a9e0-779d4e400a18 tf_rpc=PrepareProviderConfig timestamp="2026-07-07T23:34:22.403+0800"
2026-07-07T23:34:22.403+0800 [TRACE] provider.terraform-provider-vault_v5.10.1_x5: Transforming null block to empty block: tf_mux_provider="*proto5server.Server" tf_rpc=PrepareProviderConfig @caller=github.com/hashicorp/terraform-plugin-framework@v1.19.0/internal/fwschemadata/data_reify_null_collection_blocks.go:63 @module=sdk.framework description=configuration tf_provider_addr=registry.terraform.io/hashicorp/vault tf_req_id=ef9f074d-8f79-4bf8-a9e0-779d4e400a18 tf_attribute_path=auth_login_radius timestamp="2026-07-07T23:34:22.403+0800"
2026-07-07T23:34:22.403+0800 [TRACE] provider.terraform-provider-vault_v5.10.1_x5: Received request: @caller=github.com/hashicorp/terraform-plugin-go@v0.31.0/tfprotov5/tf5server/server.go:626 @module=sdk.proto tf_proto_version=5.11 tf_provider_addr=registry.terraform.io/hashicorp/vault tf_req_id=7da68f1e-fc8b-19ac-a96e-a9cd46b9abd0 tf_rpc=Configure timestamp="2026-07-07T23:34:22.403+0800"
2026-07-07T23:34:22.403+0800 [TRACE] GRPCProvider: ConfigureProvider
2026-07-07T23:34:22.403+0800 [TRACE] GRPCProvider: GetProviderSchema
2026-07-07T23:34:22.403+0800 [TRACE] GRPCProvider: returning cached schema: EXTRA_VALUE_AT_END=registry.terraform.io/hashicorp/vault
2026-07-07T23:34:22.403+0800 [TRACE] provider.terraform-provider-vault_v5.10.1_x5: Announced client capabilities: tf_req_id=7da68f1e-fc8b-19ac-a96e-a9cd46b9abd0 @caller=github.com/hashicorp/terraform-plugin-go@v0.31.0/tfprotov5/internal/tf5serverlogging/client_capabilities.go:38 @module=sdk.proto tf_client_capability_deferral_allowed=false tf_proto_version=5.11 tf_rpc=Configure tf_provider_addr=registry.terraform.io/hashicorp/vault timestamp="2026-07-07T23:34:22.403+0800"
2026-07-07T23:34:22.404+0800 [TRACE] provider.terraform-provider-vault_v5.10.1_x5: Sending request downstream: @caller=github.com/hashicorp/terraform-plugin-go@v0.31.0/tfprotov5/internal/tf5serverlogging/downstream_request.go:22 @module=sdk.proto tf_proto_version=5.11 tf_provider_addr=registry.terraform.io/hashicorp/vault tf_rpc=Configure tf_req_id=7da68f1e-fc8b-19ac-a96e-a9cd46b9abd0 timestamp="2026-07-07T23:34:22.403+0800"
2026-07-07T23:34:22.403+0800 [TRACE] provider.terraform-provider-vault_v5.10.1_x5: Transforming null block to empty block: @module=sdk.framework description=configuration tf_mux_provider="*proto5server.Server" tf_provider_addr=registry.terraform.io/hashicorp/vault @caller=github.com/hashicorp/terraform-plugin-framework@v1.19.0/internal/fwschemadata/data_reify_null_collection_blocks.go:63 tf_attribute_path=auth_login_aws tf_req_id=ef9f074d-8f79-4bf8-a9e0-779d4e400a18 tf_rpc=PrepareProviderConfig timestamp="2026-07-07T23:34:22.403+0800"
2026-07-07T23:34:22.404+0800 [TRACE] provider.terraform-provider-vault_v5.10.1_x5: Transforming null block to empty block: @caller=github.com/hashicorp/terraform-plugin-framework@v1.19.0/internal/fwschemadata/data_reify_null_collection_blocks.go:63 description=configuration tf_provider_addr=registry.terraform.io/hashicorp/vault tf_rpc=PrepareProviderConfig @module=sdk.framework tf_attribute_path=auth_login_oci tf_mux_provider="*proto5server.Server" tf_req_id=ef9f074d-8f79-4bf8-a9e0-779d4e400a18 timestamp="2026-07-07T23:34:22.403+0800"
2026-07-07T23:34:22.404+0800 [TRACE] provider.terraform-provider-vault_v5.10.1_x5: Transforming null block to empty block: @caller=github.com/hashicorp/terraform-plugin-framework@v1.19.0/internal/fwschemadata/data_reify_null_collection_blocks.go:63 description=configuration tf_mux_provider="*proto5server.Server" tf_provider_addr=registry.terraform.io/hashicorp/vault @module=sdk.framework tf_attribute_path=auth_login_kerberos tf_req_id=ef9f074d-8f79-4bf8-a9e0-779d4e400a18 tf_rpc=PrepareProviderConfig timestamp="2026-07-07T23:34:22.403+0800"
2026-07-07T23:34:22.404+0800 [TRACE] provider.terraform-provider-vault_v5.10.1_x5: calling downstream server: @caller=github.com/hashicorp/terraform-plugin-mux@v0.23.1/internal/logging/mux.go:19 @module=sdk.mux tf_mux_provider="*schema.GRPCProviderServer" tf_rpc=ConfigureProvider timestamp="2026-07-07T23:34:22.403+0800"
2026-07-07T23:34:22.404+0800 [TRACE] provider.terraform-provider-vault_v5.10.1_x5: Calling downstream: tf_provider_addr=registry.terraform.io/hashicorp/vault tf_req_id=7da68f1e-fc8b-19ac-a96e-a9cd46b9abd0 @caller=github.com/hashicorp/terraform-plugin-sdk/v2@v2.40.1/helper/schema/grpc_provider.go:768 tf_mux_provider="*schema.GRPCProviderServer" tf_rpc=ConfigureProvider @module=sdk.helper_schema timestamp="2026-07-07T23:34:22.403+0800"
2026-07-07T23:34:22.404+0800 [TRACE] provider.terraform-provider-vault_v5.10.1_x5: Called downstream: tf_provider_addr=registry.terraform.io/hashicorp/vault tf_req_id=7da68f1e-fc8b-19ac-a96e-a9cd46b9abd0 @module=sdk.helper_schema tf_mux_provider="*schema.GRPCProviderServer" tf_rpc=ConfigureProvider @caller=github.com/hashicorp/terraform-plugin-sdk/v2@v2.40.1/helper/schema/grpc_provider.go:770 timestamp="2026-07-07T23:34:22.404+0800"
2026-07-07T23:34:22.404+0800 [TRACE] provider.terraform-provider-vault_v5.10.1_x5: calling downstream server: @module=sdk.mux tf_mux_provider="*proto5server.Server" tf_rpc=ConfigureProvider @caller=github.com/hashicorp/terraform-plugin-mux@v0.23.1/internal/logging/mux.go:19 timestamp="2026-07-07T23:34:22.404+0800"
2026-07-07T23:34:22.404+0800 [TRACE] provider.terraform-provider-vault_v5.10.1_x5: Checking ProviderSchema lock: tf_mux_provider="*proto5server.Server" tf_provider_addr=registry.terraform.io/hashicorp/vault tf_req_id=7da68f1e-fc8b-19ac-a96e-a9cd46b9abd0 tf_rpc=ConfigureProvider @module=sdk.framework @caller=github.com/hashicorp/terraform-plugin-framework@v1.19.0/internal/fwserver/server.go:499 timestamp="2026-07-07T23:34:22.404+0800"
2026-07-07T23:34:22.404+0800 [TRACE] provider.terraform-provider-vault_v5.10.1_x5: Transforming empty block to null block: description=configuration tf_attribute_path=auth_login_cert tf_provider_addr=registry.terraform.io/hashicorp/vault tf_req_id=7da68f1e-fc8b-19ac-a96e-a9cd46b9abd0 @caller=github.com/hashicorp/terraform-plugin-framework@v1.19.0/internal/fwschemadata/data_nullify_collection_blocks.go:91 @module=sdk.framework tf_mux_provider="*proto5server.Server" tf_rpc=ConfigureProvider timestamp="2026-07-07T23:34:22.404+0800"
2026-07-07T23:34:22.404+0800 [TRACE] provider.terraform-provider-vault_v5.10.1_x5: Transforming empty block to null block: @caller=github.com/hashicorp/terraform-plugin-framework@v1.19.0/internal/fwschemadata/data_nullify_collection_blocks.go:91 tf_attribute_path=auth_login_gcp tf_mux_provider="*proto5server.Server" tf_provider_addr=registry.terraform.io/hashicorp/vault tf_req_id=7da68f1e-fc8b-19ac-a96e-a9cd46b9abd0 @module=sdk.framework description=configuration tf_rpc=ConfigureProvider timestamp="2026-07-07T23:34:22.404+0800"
2026-07-07T23:34:22.404+0800 [TRACE] provider.terraform-provider-vault_v5.10.1_x5: Transforming empty block to null block: description=configuration tf_attribute_path=auth_login tf_provider_addr=registry.terraform.io/hashicorp/vault tf_mux_provider="*proto5server.Server" tf_req_id=7da68f1e-fc8b-19ac-a96e-a9cd46b9abd0 tf_rpc=ConfigureProvider @caller=github.com/hashicorp/terraform-plugin-framework@v1.19.0/internal/fwschemadata/data_nullify_collection_blocks.go:91 @module=sdk.framework timestamp="2026-07-07T23:34:22.404+0800"
2026-07-07T23:34:22.404+0800 [TRACE] provider.terraform-provider-vault_v5.10.1_x5: Transforming empty block to null block: @caller=github.com/hashicorp/terraform-plugin-framework@v1.19.0/internal/fwschemadata/data_nullify_collection_blocks.go:91 tf_attribute_path=auth_login_azure tf_provider_addr=registry.terraform.io/hashicorp/vault tf_req_id=7da68f1e-fc8b-19ac-a96e-a9cd46b9abd0 tf_rpc=ConfigureProvider @module=sdk.framework description=configuration tf_mux_provider="*proto5server.Server" timestamp="2026-07-07T23:34:22.404+0800"
2026-07-07T23:34:22.404+0800 [TRACE] provider.terraform-provider-vault_v5.10.1_x5: Transforming empty block to null block: @caller=github.com/hashicorp/terraform-plugin-framework@v1.19.0/internal/fwschemadata/data_nullify_collection_blocks.go:91 @module=sdk.framework description=configuration tf_attribute_path=auth_login_oidc tf_mux_provider="*proto5server.Server" tf_req_id=7da68f1e-fc8b-19ac-a96e-a9cd46b9abd0 tf_provider_addr=registry.terraform.io/hashicorp/vault tf_rpc=ConfigureProvider timestamp="2026-07-07T23:34:22.404+0800"
2026-07-07T23:34:22.404+0800 [TRACE] provider.terraform-provider-vault_v5.10.1_x5: Received downstream response: diagnostic_warning_count=0 tf_rpc=PrepareProviderConfig @caller=github.com/hashicorp/terraform-plugin-go@v0.31.0/tfprotov5/internal/tf5serverlogging/downstream_request.go:61 @module=sdk.proto diagnostic_error_count=0 tf_proto_version=5.11 tf_provider_addr=registry.terraform.io/hashicorp/vault tf_req_duration_ms=3 tf_req_id=ef9f074d-8f79-4bf8-a9e0-779d4e400a18 timestamp="2026-07-07T23:34:22.403+0800"
2026-07-07T23:34:22.404+0800 [TRACE] provider.terraform-provider-vault_v5.10.1_x5: Transforming empty block to null block: tf_attribute_path=auth_login_radius tf_mux_provider="*proto5server.Server" tf_rpc=ConfigureProvider tf_provider_addr=registry.terraform.io/hashicorp/vault tf_req_id=7da68f1e-fc8b-19ac-a96e-a9cd46b9abd0 @caller=github.com/hashicorp/terraform-plugin-framework@v1.19.0/internal/fwschemadata/data_nullify_collection_blocks.go:91 @module=sdk.framework description=configuration timestamp="2026-07-07T23:34:22.404+0800"
2026-07-07T23:34:22.404+0800 [TRACE] provider.terraform-provider-vault_v5.10.1_x5: Transforming empty block to null block: tf_attribute_path=auth_login_aws tf_mux_provider="*proto5server.Server" tf_provider_addr=registry.terraform.io/hashicorp/vault @caller=github.com/hashicorp/terraform-plugin-framework@v1.19.0/internal/fwschemadata/data_nullify_collection_blocks.go:91 @module=sdk.framework description=configuration tf_req_id=7da68f1e-fc8b-19ac-a96e-a9cd46b9abd0 tf_rpc=ConfigureProvider timestamp="2026-07-07T23:34:22.404+0800"
2026-07-07T23:34:22.404+0800 [TRACE] provider.terraform-provider-vault_v5.10.1_x5: Transforming empty block to null block: @module=sdk.framework tf_attribute_path=auth_login_jwt tf_provider_addr=registry.terraform.io/hashicorp/vault @caller=github.com/hashicorp/terraform-plugin-framework@v1.19.0/internal/fwschemadata/data_nullify_collection_blocks.go:91 description=configuration tf_mux_provider="*proto5server.Server" tf_req_id=7da68f1e-fc8b-19ac-a96e-a9cd46b9abd0 tf_rpc=ConfigureProvider timestamp="2026-07-07T23:34:22.404+0800"
2026-07-07T23:34:22.404+0800 [TRACE] provider.terraform-provider-vault_v5.10.1_x5: Served request: @caller=github.com/hashicorp/terraform-plugin-go@v0.31.0/tfprotov5/tf5server/server.go:618 @module=sdk.proto tf_proto_version=5.11 tf_provider_addr=registry.terraform.io/hashicorp/vault tf_req_id=ef9f074d-8f79-4bf8-a9e0-779d4e400a18 tf_rpc=PrepareProviderConfig timestamp="2026-07-07T23:34:22.403+0800"
2026-07-07T23:34:22.404+0800 [TRACE] provider.terraform-provider-vault_v5.10.1_x5: Transforming empty block to null block: tf_attribute_path=auth_login_kerberos tf_provider_addr=registry.terraform.io/hashicorp/vault @caller=github.com/hashicorp/terraform-plugin-framework@v1.19.0/internal/fwschemadata/data_nullify_collection_blocks.go:91 @module=sdk.framework description=configuration tf_mux_provider="*proto5server.Server" tf_req_id=7da68f1e-fc8b-19ac-a96e-a9cd46b9abd0 tf_rpc=ConfigureProvider timestamp="2026-07-07T23:34:22.404+0800"
2026-07-07T23:34:22.404+0800 [TRACE] provider.terraform-provider-vault_v5.10.1_x5: Received request: @caller=github.com/hashicorp/terraform-plugin-go@v0.31.0/tfprotov5/tf5server/server.go:626 @module=sdk.proto tf_proto_version=5.11 tf_provider_addr=registry.terraform.io/hashicorp/vault tf_req_id=d51fd2e7-7e91-cea8-0626-cc78163b7302 tf_rpc=Configure timestamp="2026-07-07T23:34:22.404+0800"
2026-07-07T23:34:22.404+0800 [TRACE] provider.terraform-provider-vault_v5.10.1_x5: Transforming empty block to null block: tf_req_id=7da68f1e-fc8b-19ac-a96e-a9cd46b9abd0 @module=sdk.framework tf_attribute_path=auth_login_userpass tf_mux_provider="*proto5server.Server" tf_rpc=ConfigureProvider @caller=github.com/hashicorp/terraform-plugin-framework@v1.19.0/internal/fwschemadata/data_nullify_collection_blocks.go:91 description=configuration tf_provider_addr=registry.terraform.io/hashicorp/vault timestamp="2026-07-07T23:34:22.404+0800"
2026-07-07T23:34:22.404+0800 [TRACE] provider.terraform-provider-vault_v5.10.1_x5: Announced client capabilities: tf_rpc=Configure @caller=github.com/hashicorp/terraform-plugin-go@v0.31.0/tfprotov5/internal/tf5serverlogging/client_capabilities.go:38 @module=sdk.proto tf_client_capability_deferral_allowed=false tf_proto_version=5.11 tf_provider_addr=registry.terraform.io/hashicorp/vault tf_req_id=d51fd2e7-7e91-cea8-0626-cc78163b7302 timestamp="2026-07-07T23:34:22.404+0800"
2026-07-07T23:34:22.404+0800 [TRACE] provider.terraform-provider-vault_v5.10.1_x5: Sending request downstream: @caller=github.com/hashicorp/terraform-plugin-go@v0.31.0/tfprotov5/internal/tf5serverlogging/downstream_request.go:22 @module=sdk.proto tf_proto_version=5.11 tf_provider_addr=registry.terraform.io/hashicorp/vault tf_req_id=d51fd2e7-7e91-cea8-0626-cc78163b7302 tf_rpc=Configure timestamp="2026-07-07T23:34:22.404+0800"
2026-07-07T23:34:22.404+0800 [TRACE] provider.terraform-provider-vault_v5.10.1_x5: calling downstream server: @caller=github.com/hashicorp/terraform-plugin-mux@v0.23.1/internal/logging/mux.go:19 @module=sdk.mux tf_mux_provider="*schema.GRPCProviderServer" tf_rpc=ConfigureProvider timestamp="2026-07-07T23:34:22.404+0800"
2026-07-07T23:34:22.404+0800 [TRACE] provider.terraform-provider-vault_v5.10.1_x5: Transforming empty block to null block: @module=sdk.framework tf_attribute_path=headers tf_provider_addr=registry.terraform.io/hashicorp/vault tf_req_id=7da68f1e-fc8b-19ac-a96e-a9cd46b9abd0 @caller=github.com/hashicorp/terraform-plugin-framework@v1.19.0/internal/fwschemadata/data_nullify_collection_blocks.go:91 description=configuration tf_mux_provider="*proto5server.Server" tf_rpc=ConfigureProvider timestamp="2026-07-07T23:34:22.404+0800"
2026-07-07T23:34:22.404+0800 [TRACE] provider.terraform-provider-vault_v5.10.1_x5: Transforming empty block to null block: tf_rpc=ConfigureProvider tf_mux_provider="*proto5server.Server" tf_provider_addr=registry.terraform.io/hashicorp/vault tf_req_id=7da68f1e-fc8b-19ac-a96e-a9cd46b9abd0 @caller=github.com/hashicorp/terraform-plugin-framework@v1.19.0/internal/fwschemadata/data_nullify_collection_blocks.go:91 @module=sdk.framework description=configuration tf_attribute_path=auth_login_oci timestamp="2026-07-07T23:34:22.404+0800"
2026-07-07T23:34:22.404+0800 [TRACE] provider.terraform-provider-vault_v5.10.1_x5: Transforming empty block to null block: @module=sdk.framework tf_attribute_path=auth_login_token_file tf_mux_provider="*proto5server.Server" tf_rpc=ConfigureProvider description=configuration tf_provider_addr=registry.terraform.io/hashicorp/vault tf_req_id=7da68f1e-fc8b-19ac-a96e-a9cd46b9abd0 @caller=github.com/hashicorp/terraform-plugin-framework@v1.19.0/internal/fwschemadata/data_nullify_collection_blocks.go:91 timestamp="2026-07-07T23:34:22.404+0800"
2026-07-07T23:34:22.404+0800 [TRACE] provider.terraform-provider-vault_v5.10.1_x5: Transforming empty block to null block: tf_attribute_path=client_auth tf_mux_provider="*proto5server.Server" tf_provider_addr=registry.terraform.io/hashicorp/vault tf_req_id=7da68f1e-fc8b-19ac-a96e-a9cd46b9abd0 tf_rpc=ConfigureProvider @caller=github.com/hashicorp/terraform-plugin-framework@v1.19.0/internal/fwschemadata/data_nullify_collection_blocks.go:91 @module=sdk.framework description=configuration timestamp="2026-07-07T23:34:22.404+0800"
2026-07-07T23:34:22.404+0800 [TRACE] provider.terraform-provider-vault_v5.10.1_x5: Calling provider defined Provider Configure: @module=sdk.framework tf_mux_provider="*proto5server.Server" tf_provider_addr=registry.terraform.io/hashicorp/vault tf_req_id=7da68f1e-fc8b-19ac-a96e-a9cd46b9abd0 tf_rpc=ConfigureProvider @caller=github.com/hashicorp/terraform-plugin-framework@v1.19.0/internal/fwserver/server_configureprovider.go:15 timestamp="2026-07-07T23:34:22.404+0800"
2026-07-07T23:34:22.404+0800 [TRACE] provider.terraform-provider-vault_v5.10.1_x5: Calling downstream: @module=sdk.helper_schema tf_provider_addr=registry.terraform.io/hashicorp/vault tf_req_id=d51fd2e7-7e91-cea8-0626-cc78163b7302 tf_rpc=ConfigureProvider @caller=github.com/hashicorp/terraform-plugin-sdk/v2@v2.40.1/helper/schema/grpc_provider.go:768 tf_mux_provider="*schema.GRPCProviderServer" timestamp="2026-07-07T23:34:22.404+0800"
2026-07-07T23:34:22.404+0800 [TRACE] provider.terraform-provider-vault_v5.10.1_x5: Called downstream: @caller=github.com/hashicorp/terraform-plugin-sdk/v2@v2.40.1/helper/schema/grpc_provider.go:770 @module=sdk.helper_schema tf_provider_addr=registry.terraform.io/hashicorp/vault tf_req_id=d51fd2e7-7e91-cea8-0626-cc78163b7302 tf_mux_provider="*schema.GRPCProviderServer" tf_rpc=ConfigureProvider timestamp="2026-07-07T23:34:22.404+0800"
2026-07-07T23:34:22.404+0800 [TRACE] provider.terraform-provider-vault_v5.10.1_x5: calling downstream server: tf_mux_provider="*proto5server.Server" tf_rpc=ConfigureProvider @caller=github.com/hashicorp/terraform-plugin-mux@v0.23.1/internal/logging/mux.go:19 @module=sdk.mux timestamp="2026-07-07T23:34:22.404+0800"
2026-07-07T23:34:22.404+0800 [TRACE] provider.terraform-provider-vault_v5.10.1_x5: Checking ProviderSchema lock: @module=sdk.framework tf_req_id=d51fd2e7-7e91-cea8-0626-cc78163b7302 tf_rpc=ConfigureProvider @caller=github.com/hashicorp/terraform-plugin-framework@v1.19.0/internal/fwserver/server.go:499 tf_mux_provider="*proto5server.Server" tf_provider_addr=registry.terraform.io/hashicorp/vault timestamp="2026-07-07T23:34:22.404+0800"
2026-07-07T23:34:22.404+0800 [TRACE] provider.terraform-provider-vault_v5.10.1_x5: Transforming empty block to null block: tf_mux_provider="*proto5server.Server" tf_provider_addr=registry.terraform.io/hashicorp/vault tf_req_id=d51fd2e7-7e91-cea8-0626-cc78163b7302 @module=sdk.framework description=configuration tf_attribute_path=headers tf_rpc=ConfigureProvider @caller=github.com/hashicorp/terraform-plugin-framework@v1.19.0/internal/fwschemadata/data_nullify_collection_blocks.go:91 timestamp="2026-07-07T23:34:22.404+0800"
2026-07-07T23:34:22.404+0800 [TRACE] provider.terraform-provider-vault_v5.10.1_x5: Transforming empty block to null block: @module=sdk.framework tf_attribute_path=auth_login_azure tf_mux_provider="*proto5server.Server" description=configuration tf_provider_addr=registry.terraform.io/hashicorp/vault tf_req_id=d51fd2e7-7e91-cea8-0626-cc78163b7302 tf_rpc=ConfigureProvider @caller=github.com/hashicorp/terraform-plugin-framework@v1.19.0/internal/fwschemadata/data_nullify_collection_blocks.go:91 timestamp="2026-07-07T23:34:22.404+0800"
2026-07-07T23:34:22.404+0800 [TRACE] provider.terraform-provider-vault_v5.10.1_x5: Called provider defined Provider Configure: @caller=github.com/hashicorp/terraform-plugin-framework@v1.19.0/internal/fwserver/server_configureprovider.go:23 @module=sdk.framework tf_mux_provider="*proto5server.Server" tf_provider_addr=registry.terraform.io/hashicorp/vault tf_req_id=7da68f1e-fc8b-19ac-a96e-a9cd46b9abd0 tf_rpc=ConfigureProvider timestamp="2026-07-07T23:34:22.404+0800"
2026-07-07T23:34:22.404+0800 [TRACE] provider.terraform-provider-vault_v5.10.1_x5: Received downstream response: tf_provider_addr=registry.terraform.io/hashicorp/vault tf_req_id=7da68f1e-fc8b-19ac-a96e-a9cd46b9abd0 tf_rpc=Configure @module=sdk.proto diagnostic_warning_count=0 tf_req_duration_ms=0 @caller=github.com/hashicorp/terraform-plugin-go@v0.31.0/tfprotov5/internal/tf5serverlogging/downstream_request.go:61 diagnostic_error_count=0 tf_proto_version=5.11 timestamp="2026-07-07T23:34:22.404+0800"
2026-07-07T23:34:22.404+0800 [TRACE] provider.terraform-provider-vault_v5.10.1_x5: Served request: @caller=github.com/hashicorp/terraform-plugin-go@v0.31.0/tfprotov5/tf5server/server.go:646 @module=sdk.proto tf_provider_addr=registry.terraform.io/hashicorp/vault tf_req_id=7da68f1e-fc8b-19ac-a96e-a9cd46b9abd0 tf_rpc=Configure tf_proto_version=5.11 timestamp="2026-07-07T23:34:22.404+0800"
2026-07-07T23:34:22.404+0800 [TRACE] provider.terraform-provider-vault_v5.10.1_x5: Transforming empty block to null block: @caller=github.com/hashicorp/terraform-plugin-framework@v1.19.0/internal/fwschemadata/data_nullify_collection_blocks.go:91 @module=sdk.framework description=configuration tf_mux_provider="*proto5server.Server" tf_rpc=ConfigureProvider tf_attribute_path=auth_login_userpass tf_provider_addr=registry.terraform.io/hashicorp/vault tf_req_id=d51fd2e7-7e91-cea8-0626-cc78163b7302 timestamp="2026-07-07T23:34:22.404+0800"
2026-07-07T23:34:22.405+0800 [TRACE] provider.terraform-provider-vault_v5.10.1_x5: Transforming empty block to null block: tf_mux_provider="*proto5server.Server" description=configuration tf_attribute_path=auth_login_kerberos tf_provider_addr=registry.terraform.io/hashicorp/vault tf_req_id=d51fd2e7-7e91-cea8-0626-cc78163b7302 tf_rpc=ConfigureProvider @caller=github.com/hashicorp/terraform-plugin-framework@v1.19.0/internal/fwschemadata/data_nullify_collection_blocks.go:91 @module=sdk.framework timestamp="2026-07-07T23:34:22.404+0800"
2026-07-07T23:34:22.405+0800 [TRACE] provider.terraform-provider-vault_v5.10.1_x5: Transforming empty block to null block: @module=sdk.framework description=configuration tf_attribute_path=client_auth tf_rpc=ConfigureProvider @caller=github.com/hashicorp/terraform-plugin-framework@v1.19.0/internal/fwschemadata/data_nullify_collection_blocks.go:91 tf_mux_provider="*proto5server.Server" tf_provider_addr=registry.terraform.io/hashicorp/vault tf_req_id=d51fd2e7-7e91-cea8-0626-cc78163b7302 timestamp="2026-07-07T23:34:22.404+0800"
2026-07-07T23:34:22.405+0800 [TRACE] provider.terraform-provider-vault_v5.10.1_x5: Transforming empty block to null block: tf_req_id=d51fd2e7-7e91-cea8-0626-cc78163b7302 tf_rpc=ConfigureProvider @caller=github.com/hashicorp/terraform-plugin-framework@v1.19.0/internal/fwschemadata/data_nullify_collection_blocks.go:91 @module=sdk.framework description=configuration tf_mux_provider="*proto5server.Server" tf_provider_addr=registry.terraform.io/hashicorp/vault tf_attribute_path=auth_login timestamp="2026-07-07T23:34:22.404+0800"
2026-07-07T23:34:22.405+0800 [TRACE] provider.terraform-provider-vault_v5.10.1_x5: Transforming empty block to null block: tf_attribute_path=auth_login_aws tf_mux_provider="*proto5server.Server" tf_provider_addr=registry.terraform.io/hashicorp/vault tf_req_id=d51fd2e7-7e91-cea8-0626-cc78163b7302 tf_rpc=ConfigureProvider @caller=github.com/hashicorp/terraform-plugin-framework@v1.19.0/internal/fwschemadata/data_nullify_collection_blocks.go:91 @module=sdk.framework description=configuration timestamp="2026-07-07T23:34:22.404+0800"
2026-07-07T23:34:22.405+0800 [TRACE] provider.terraform-provider-vault_v5.10.1_x5: Transforming empty block to null block: @caller=github.com/hashicorp/terraform-plugin-framework@v1.19.0/internal/fwschemadata/data_nullify_collection_blocks.go:91 @module=sdk.framework tf_attribute_path=auth_login_gcp tf_req_id=d51fd2e7-7e91-cea8-0626-cc78163b7302 tf_rpc=ConfigureProvider description=configuration tf_mux_provider="*proto5server.Server" tf_provider_addr=registry.terraform.io/hashicorp/vault timestamp="2026-07-07T23:34:22.404+0800"
2026-07-07T23:34:22.405+0800 [TRACE] provider.terraform-provider-vault_v5.10.1_x5: Transforming empty block to null block: description=configuration tf_attribute_path=auth_login_oci tf_rpc=ConfigureProvider @caller=github.com/hashicorp/terraform-plugin-framework@v1.19.0/internal/fwschemadata/data_nullify_collection_blocks.go:91 @module=sdk.framework tf_mux_provider="*proto5server.Server" tf_provider_addr=registry.terraform.io/hashicorp/vault tf_req_id=d51fd2e7-7e91-cea8-0626-cc78163b7302 timestamp="2026-07-07T23:34:22.404+0800"
2026-07-07T23:34:22.405+0800 [TRACE] provider.terraform-provider-vault_v5.10.1_x5: Transforming empty block to null block: tf_attribute_path=auth_login_jwt tf_mux_provider="*proto5server.Server" tf_provider_addr=registry.terraform.io/hashicorp/vault tf_req_id=d51fd2e7-7e91-cea8-0626-cc78163b7302 tf_rpc=ConfigureProvider @caller=github.com/hashicorp/terraform-plugin-framework@v1.19.0/internal/fwschemadata/data_nullify_collection_blocks.go:91 @module=sdk.framework description=configuration timestamp="2026-07-07T23:34:22.404+0800"
2026-07-07T23:34:22.404+0800 [TRACE] vertex "provider[\"registry.terraform.io/hashicorp/vault\"].vrd1": visit complete
2026-07-07T23:34:22.405+0800 [TRACE] provider.terraform-provider-vault_v5.10.1_x5: Transforming empty block to null block: tf_attribute_path=auth_login_cert tf_mux_provider="*proto5server.Server" tf_req_id=d51fd2e7-7e91-cea8-0626-cc78163b7302 @caller=github.com/hashicorp/terraform-plugin-framework@v1.19.0/internal/fwschemadata/data_nullify_collection_blocks.go:91 tf_provider_addr=registry.terraform.io/hashicorp/vault tf_rpc=ConfigureProvider @module=sdk.framework description=configuration timestamp="2026-07-07T23:34:22.404+0800"
2026-07-07T23:34:22.405+0800 [TRACE] provider.terraform-provider-vault_v5.10.1_x5: Transforming empty block to null block: description=configuration tf_mux_provider="*proto5server.Server" tf_req_id=d51fd2e7-7e91-cea8-0626-cc78163b7302 tf_rpc=ConfigureProvider tf_attribute_path=auth_login_oidc tf_provider_addr=registry.terraform.io/hashicorp/vault @caller=github.com/hashicorp/terraform-plugin-framework@v1.19.0/internal/fwschemadata/data_nullify_collection_blocks.go:91 @module=sdk.framework timestamp="2026-07-07T23:34:22.404+0800"
2026-07-07T23:34:22.405+0800 [TRACE] provider.terraform-provider-vault_v5.10.1_x5: Transforming empty block to null block: @module=sdk.framework description=configuration tf_mux_provider="*proto5server.Server" tf_provider_addr=registry.terraform.io/hashicorp/vault tf_req_id=d51fd2e7-7e91-cea8-0626-cc78163b7302 @caller=github.com/hashicorp/terraform-plugin-framework@v1.19.0/internal/fwschemadata/data_nullify_collection_blocks.go:91 tf_attribute_path=auth_login_radius tf_rpc=ConfigureProvider timestamp="2026-07-07T23:34:22.404+0800"
2026-07-07T23:34:22.405+0800 [TRACE] vertex "data.vault_auth_backends.vault-dev-server1 (expand)": starting visit (*terraform.nodeExpandPlannableResource)
2026-07-07T23:34:22.405+0800 [TRACE] vertex "data.vault_auth_backends.vault-dev-server1 (expand)": does not belong to any module instance
2026-07-07T23:34:22.405+0800 [TRACE] vertex "data.vault_auth_backends.vault-dev-server1 (expand)": expanding dynamic subgraph
2026-07-07T23:34:22.405+0800 [TRACE] Executing graph transform *terraform.ResourceCountTransformer
2026-07-07T23:34:22.405+0800 [TRACE] provider.terraform-provider-vault_v5.10.1_x5: Transforming empty block to null block: tf_attribute_path=auth_login_token_file tf_mux_provider="*proto5server.Server" tf_rpc=ConfigureProvider @module=sdk.framework description=configuration tf_provider_addr=registry.terraform.io/hashicorp/vault tf_req_id=d51fd2e7-7e91-cea8-0626-cc78163b7302 @caller=github.com/hashicorp/terraform-plugin-framework@v1.19.0/internal/fwschemadata/data_nullify_collection_blocks.go:91 timestamp="2026-07-07T23:34:22.404+0800"
2026-07-07T23:34:22.405+0800 [TRACE] ResourceCountTransformer: adding data.vault_auth_backends.vault-dev-server1 as *terraform.NodePlannableResourceInstance
2026-07-07T23:34:22.405+0800 [TRACE] vertex "provider[\"registry.terraform.io/hashicorp/vault\"].vrd2": visit complete
2026-07-07T23:34:22.405+0800 [TRACE] Executing graph transform *terraform.OrphanResourceInstanceCountTransformer
2026-07-07T23:34:22.405+0800 [TRACE] provider.terraform-provider-vault_v5.10.1_x5: Calling provider defined Provider Configure: @module=sdk.framework tf_provider_addr=registry.terraform.io/hashicorp/vault tf_rpc=ConfigureProvider @caller=github.com/hashicorp/terraform-plugin-framework@v1.19.0/internal/fwserver/server_configureprovider.go:15 tf_mux_provider="*proto5server.Server" tf_req_id=d51fd2e7-7e91-cea8-0626-cc78163b7302 timestamp="2026-07-07T23:34:22.405+0800"
2026-07-07T23:34:22.405+0800 [TRACE] Executing graph transform *terraform.AttachStateTransformer
2026-07-07T23:34:22.405+0800 [TRACE] provider.terraform-provider-vault_v5.10.1_x5: Called provider defined Provider Configure: tf_mux_provider="*proto5server.Server" tf_provider_addr=registry.terraform.io/hashicorp/vault tf_req_id=d51fd2e7-7e91-cea8-0626-cc78163b7302 @caller=github.com/hashicorp/terraform-plugin-framework@v1.19.0/internal/fwserver/server_configureprovider.go:23 @module=sdk.framework tf_rpc=ConfigureProvider timestamp="2026-07-07T23:34:22.405+0800"
2026-07-07T23:34:22.405+0800 [DEBUG] Resource instance state not found for node "data.vault_auth_backends.vault-dev-server1", instance data.vault_auth_backends.vault-dev-server1
2026-07-07T23:34:22.405+0800 [TRACE] Executing graph transform *terraform.TargetsTransformer
2026-07-07T23:34:22.405+0800 [TRACE] vertex "data.vault_auth_backends.vault-dev-server2 (expand)": starting visit (*terraform.nodeExpandPlannableResource)
2026-07-07T23:34:22.405+0800 [TRACE] Executing graph transform *terraform.ReferenceTransformer
2026-07-07T23:34:22.405+0800 [TRACE] vertex "data.vault_auth_backends.vault-dev-server2 (expand)": does not belong to any module instance
2026-07-07T23:34:22.405+0800 [TRACE] vertex "data.vault_auth_backends.vault-dev-server2 (expand)": expanding dynamic subgraph
2026-07-07T23:34:22.405+0800 [TRACE] provider.terraform-provider-vault_v5.10.1_x5: Received downstream response: @module=sdk.proto diagnostic_warning_count=0 tf_req_duration_ms=0 tf_rpc=Configure diagnostic_error_count=0 tf_proto_version=5.11 tf_provider_addr=registry.terraform.io/hashicorp/vault tf_req_id=d51fd2e7-7e91-cea8-0626-cc78163b7302 @caller=github.com/hashicorp/terraform-plugin-go@v0.31.0/tfprotov5/internal/tf5serverlogging/downstream_request.go:61 timestamp="2026-07-07T23:34:22.405+0800"
2026-07-07T23:34:22.405+0800 [DEBUG] ReferenceTransformer: "data.vault_auth_backends.vault-dev-server1" references: []
2026-07-07T23:34:22.405+0800 [TRACE] Executing graph transform *terraform.RootTransformer
2026-07-07T23:34:22.405+0800 [TRACE] provider.terraform-provider-vault_v5.10.1_x5: Served request: tf_proto_version=5.11 @caller=github.com/hashicorp/terraform-plugin-go@v0.31.0/tfprotov5/tf5server/server.go:646 @module=sdk.proto tf_provider_addr=registry.terraform.io/hashicorp/vault tf_req_id=d51fd2e7-7e91-cea8-0626-cc78163b7302 tf_rpc=Configure timestamp="2026-07-07T23:34:22.405+0800"
2026-07-07T23:34:22.405+0800 [TRACE] Completed graph transform:
data.vault_auth_backends.vault-dev-server1 - *terraform.NodePlannableResourceInstance
root - terraform.graphNodeRoot
  data.vault_auth_backends.vault-dev-server1 - *terraform.NodePlannableResourceInstance
  ------
2026-07-07T23:34:22.405+0800 [TRACE] vertex "data.vault_auth_backends.vault-dev-server1 (expand)": entering dynamic subgraph
2026-07-07T23:34:22.405+0800 [TRACE] Executing graph transform *terraform.ResourceCountTransformer
2026-07-07T23:34:22.405+0800 [TRACE] ResourceCountTransformer: adding data.vault_auth_backends.vault-dev-server2 as *terraform.NodePlannableResourceInstance
2026-07-07T23:34:22.405+0800 [TRACE] Executing graph transform *terraform.OrphanResourceInstanceCountTransformer
2026-07-07T23:34:22.405+0800 [TRACE] Executing graph transform *terraform.AttachStateTransformer
2026-07-07T23:34:22.405+0800 [DEBUG] Resource instance state not found for node "data.vault_auth_backends.vault-dev-server2", instance data.vault_auth_backends.vault-dev-server2
2026-07-07T23:34:22.405+0800 [TRACE] Executing graph transform *terraform.TargetsTransformer
2026-07-07T23:34:22.405+0800 [TRACE] Executing graph transform *terraform.ReferenceTransformer
2026-07-07T23:34:22.405+0800 [DEBUG] ReferenceTransformer: "data.vault_auth_backends.vault-dev-server2" references: []
2026-07-07T23:34:22.405+0800 [TRACE] Executing graph transform *terraform.RootTransformer
2026-07-07T23:34:22.405+0800 [TRACE] Completed graph transform:
data.vault_auth_backends.vault-dev-server2 - *terraform.NodePlannableResourceInstance
root - terraform.graphNodeRoot
  data.vault_auth_backends.vault-dev-server2 - *terraform.NodePlannableResourceInstance
  ------
2026-07-07T23:34:22.405+0800 [TRACE] vertex "data.vault_auth_backends.vault-dev-server2 (expand)": entering dynamic subgraph
2026-07-07T23:34:22.405+0800 [TRACE] vertex "data.vault_auth_backends.vault-dev-server1": starting visit (*terraform.NodePlannableResourceInstance)
2026-07-07T23:34:22.405+0800 [TRACE] vertex "data.vault_auth_backends.vault-dev-server1": belongs to
2026-07-07T23:34:22.405+0800 [TRACE] terraform.contextPlugins: Schema for provider "registry.terraform.io/hashicorp/vault" is in the global cache
2026-07-07T23:34:22.405+0800 [TRACE] terraform.contextPlugins: Schema for provider "registry.terraform.io/hashicorp/vault" is in the global cache
2026-07-07T23:34:22.405+0800 [TRACE] terraform.contextPlugins: Schema for provider "registry.terraform.io/hashicorp/vault" is in the global cache
2026-07-07T23:34:22.405+0800 [TRACE] vertex "data.vault_auth_backends.vault-dev-server2": starting visit (*terraform.NodePlannableResourceInstance)
2026-07-07T23:34:22.405+0800 [TRACE] vertex "data.vault_auth_backends.vault-dev-server2": belongs to
2026-07-07T23:34:22.405+0800 [TRACE] terraform.contextPlugins: Schema for provider "registry.terraform.io/hashicorp/vault" is in the global cache
2026-07-07T23:34:22.405+0800 [TRACE] terraform.contextPlugins: Schema for provider "registry.terraform.io/hashicorp/vault" is in the global cache
2026-07-07T23:34:22.405+0800 [TRACE] readDataSource: Re-validating config for data.vault_auth_backends.vault-dev-server1
2026-07-07T23:34:22.405+0800 [TRACE] GRPCProvider: ValidateDataResourceConfig
2026-07-07T23:34:22.405+0800 [TRACE] GRPCProvider: GetProviderSchema
2026-07-07T23:34:22.405+0800 [TRACE] GRPCProvider: returning cached schema: EXTRA_VALUE_AT_END=registry.terraform.io/hashicorp/vault
2026-07-07T23:34:22.405+0800 [TRACE] terraform.contextPlugins: Schema for provider "registry.terraform.io/hashicorp/vault" is in the global cache
2026-07-07T23:34:22.405+0800 [TRACE] terraform.contextPlugins: Schema for provider "registry.terraform.io/hashicorp/vault" is in the global cache
2026-07-07T23:34:22.405+0800 [TRACE] terraform.contextPlugins: Schema for provider "registry.terraform.io/hashicorp/vault" is in the global cache
2026-07-07T23:34:22.405+0800 [TRACE] terraform.contextPlugins: Schema for provider "registry.terraform.io/hashicorp/vault" is in the global cache
2026-07-07T23:34:22.405+0800 [TRACE] terraform.contextPlugins: Schema for provider "registry.terraform.io/hashicorp/vault" is in the global cache
2026-07-07T23:34:22.405+0800 [TRACE] readDataSource: Re-validating config for data.vault_auth_backends.vault-dev-server2
2026-07-07T23:34:22.405+0800 [TRACE] GRPCProvider: ValidateDataResourceConfig
2026-07-07T23:34:22.405+0800 [TRACE] GRPCProvider: GetProviderSchema
2026-07-07T23:34:22.405+0800 [TRACE] GRPCProvider: returning cached schema: EXTRA_VALUE_AT_END=registry.terraform.io/hashicorp/vault
2026-07-07T23:34:22.405+0800 [TRACE] provider.terraform-provider-vault_v5.10.1_x5: Received request: @caller=github.com/hashicorp/terraform-plugin-go@v0.31.0/tfprotov5/tf5server/server.go:697 @module=sdk.proto tf_req_id=d79b3f11-fd05-75dc-8109-81de238063bf tf_data_source_type=vault_auth_backends tf_proto_version=5.11 tf_provider_addr=registry.terraform.io/hashicorp/vault tf_rpc=ValidateDataSourceConfig timestamp="2026-07-07T23:34:22.405+0800"
2026-07-07T23:34:22.405+0800 [TRACE] provider.terraform-provider-vault_v5.10.1_x5: Sending request downstream: tf_proto_version=5.11 tf_req_id=d79b3f11-fd05-75dc-8109-81de238063bf tf_rpc=ValidateDataSourceConfig tf_data_source_type=vault_auth_backends tf_provider_addr=registry.terraform.io/hashicorp/vault @caller=github.com/hashicorp/terraform-plugin-go@v0.31.0/tfprotov5/internal/tf5serverlogging/downstream_request.go:22 @module=sdk.proto timestamp="2026-07-07T23:34:22.405+0800"
2026-07-07T23:34:22.405+0800 [TRACE] provider.terraform-provider-vault_v5.10.1_x5: starting underlying server discovery via GetMetadata or GetProviderSchema: @caller=github.com/hashicorp/terraform-plugin-mux@v0.23.1/internal/logging/mux.go:19 @module=sdk.mux tf_rpc=ValidateDataSourceConfig timestamp="2026-07-07T23:34:22.405+0800"
2026-07-07T23:34:22.405+0800 [TRACE] provider.terraform-provider-vault_v5.10.1_x5: calling GetMetadata for discovery: tf_mux_provider="*schema.GRPCProviderServer" tf_rpc=GetMetadata @caller=github.com/hashicorp/terraform-plugin-mux@v0.23.1/internal/logging/mux.go:19 @module=sdk.mux timestamp="2026-07-07T23:34:22.405+0800"
2026-07-07T23:34:22.405+0800 [TRACE] provider.terraform-provider-vault_v5.10.1_x5: Getting provider metadata: @caller=github.com/hashicorp/terraform-plugin-sdk/v2@v2.40.1/helper/schema/grpc_provider.go:196 @module=sdk.helper_schema tf_rpc=GetMetadata tf_data_source_type=vault_auth_backends tf_mux_provider="*schema.GRPCProviderServer" tf_provider_addr=registry.terraform.io/hashicorp/vault tf_req_id=d79b3f11-fd05-75dc-8109-81de238063bf timestamp="2026-07-07T23:34:22.405+0800"
2026-07-07T23:34:22.405+0800 [TRACE] provider.terraform-provider-vault_v5.10.1_x5: calling GetMetadata for discovery: tf_mux_provider="*proto5server.Server" tf_rpc=GetMetadata @caller=github.com/hashicorp/terraform-plugin-mux@v0.23.1/internal/logging/mux.go:19 @module=sdk.mux timestamp="2026-07-07T23:34:22.405+0800"
2026-07-07T23:34:22.405+0800 [TRACE] provider.terraform-provider-vault_v5.10.1_x5: Checking ActionFuncs lock: tf_rpc=GetMetadata @module=sdk.framework tf_data_source_type=vault_auth_backends tf_provider_addr=registry.terraform.io/hashicorp/vault @caller=github.com/hashicorp/terraform-plugin-framework@v1.19.0/internal/fwserver/server_actions.go:38 tf_mux_provider="*proto5server.Server" tf_req_id=d79b3f11-fd05-75dc-8109-81de238063bf timestamp="2026-07-07T23:34:22.405+0800"
2026-07-07T23:34:22.405+0800 [TRACE] provider.terraform-provider-vault_v5.10.1_x5: Checking ProviderTypeName lock: tf_mux_provider="*proto5server.Server" tf_provider_addr=registry.terraform.io/hashicorp/vault tf_req_id=d79b3f11-fd05-75dc-8109-81de238063bf @module=sdk.framework tf_data_source_type=vault_auth_backends tf_rpc=GetMetadata @caller=github.com/hashicorp/terraform-plugin-framework@v1.19.0/internal/fwserver/server.go:476 timestamp="2026-07-07T23:34:22.405+0800"
2026-07-07T23:34:22.405+0800 [TRACE] provider.terraform-provider-vault_v5.10.1_x5: Calling provider defined Provider Metadata: tf_mux_provider="*proto5server.Server" tf_provider_addr=registry.terraform.io/hashicorp/vault tf_req_id=d79b3f11-fd05-75dc-8109-81de238063bf tf_rpc=GetMetadata @caller=github.com/hashicorp/terraform-plugin-framework@v1.19.0/internal/fwserver/server.go:487 @module=sdk.framework tf_data_source_type=vault_auth_backends timestamp="2026-07-07T23:34:22.405+0800"
2026-07-07T23:34:22.405+0800 [TRACE] provider.terraform-provider-vault_v5.10.1_x5: Called provider defined Provider Metadata: @module=sdk.framework tf_mux_provider="*proto5server.Server" tf_provider_addr=registry.terraform.io/hashicorp/vault @caller=github.com/hashicorp/terraform-plugin-framework@v1.19.0/internal/fwserver/server.go:489 tf_data_source_type=vault_auth_backends tf_req_id=d79b3f11-fd05-75dc-8109-81de238063bf tf_rpc=GetMetadata timestamp="2026-07-07T23:34:22.405+0800"
2026-07-07T23:34:22.405+0800 [TRACE] provider.terraform-provider-vault_v5.10.1_x5: Checking DataSourceTypes lock: tf_rpc=GetMetadata @module=sdk.framework tf_data_source_type=vault_auth_backends tf_mux_provider="*proto5server.Server" tf_req_id=d79b3f11-fd05-75dc-8109-81de238063bf @caller=github.com/hashicorp/terraform-plugin-framework@v1.19.0/internal/fwserver/server.go:320 tf_provider_addr=registry.terraform.io/hashicorp/vault timestamp="2026-07-07T23:34:22.405+0800"
2026-07-07T23:34:22.405+0800 [TRACE] provider.terraform-provider-vault_v5.10.1_x5: Checking ProviderTypeName lock: tf_req_id=d79b3f11-fd05-75dc-8109-81de238063bf tf_rpc=GetMetadata @caller=github.com/hashicorp/terraform-plugin-framework@v1.19.0/internal/fwserver/server.go:476 tf_data_source_type=vault_auth_backends tf_provider_addr=registry.terraform.io/hashicorp/vault @module=sdk.framework tf_mux_provider="*proto5server.Server" timestamp="2026-07-07T23:34:22.405+0800"
2026-07-07T23:34:22.405+0800 [TRACE] provider.terraform-provider-vault_v5.10.1_x5: Calling provider defined Provider DataSources: @caller=github.com/hashicorp/terraform-plugin-framework@v1.19.0/internal/fwserver/server.go:331 @module=sdk.framework tf_req_id=d79b3f11-fd05-75dc-8109-81de238063bf tf_data_source_type=vault_auth_backends tf_mux_provider="*proto5server.Server" tf_provider_addr=registry.terraform.io/hashicorp/vault tf_rpc=GetMetadata timestamp="2026-07-07T23:34:22.405+0800"
2026-07-07T23:34:22.405+0800 [TRACE] provider.terraform-provider-vault_v5.10.1_x5: Called provider defined Provider DataSources: @module=sdk.framework tf_data_source_type=vault_auth_backends tf_mux_provider="*proto5server.Server" tf_provider_addr=registry.terraform.io/hashicorp/vault @caller=github.com/hashicorp/terraform-plugin-framework@v1.19.0/internal/fwserver/server.go:333 tf_req_id=d79b3f11-fd05-75dc-8109-81de238063bf tf_rpc=GetMetadata timestamp="2026-07-07T23:34:22.405+0800"
2026-07-07T23:34:22.405+0800 [TRACE] provider.terraform-provider-vault_v5.10.1_x5: Found data source type: @caller=github.com/hashicorp/terraform-plugin-framework@v1.19.0/internal/fwserver/server.go:354 @module=sdk.framework tf_req_id=d79b3f11-fd05-75dc-8109-81de238063bf tf_rpc=GetMetadata tf_data_source_type=vault_activation_flags tf_mux_provider="*proto5server.Server" tf_provider_addr=registry.terraform.io/hashicorp/vault timestamp="2026-07-07T23:34:22.405+0800"
2026-07-07T23:34:22.405+0800 [TRACE] provider.terraform-provider-vault_v5.10.1_x5: Found data source type: @module=sdk.framework tf_data_source_type=vault_pki_external_ca_secret_backend_order_challenge tf_provider_addr=registry.terraform.io/hashicorp/vault tf_req_id=d79b3f11-fd05-75dc-8109-81de238063bf tf_rpc=GetMetadata @caller=github.com/hashicorp/terraform-plugin-framework@v1.19.0/internal/fwserver/server.go:354 tf_mux_provider="*proto5server.Server" timestamp="2026-07-07T23:34:22.405+0800"
2026-07-07T23:34:22.405+0800 [TRACE] provider.terraform-provider-vault_v5.10.1_x5: Found data source type: tf_data_source_type=vault_plugin_runtimes tf_provider_addr=registry.terraform.io/hashicorp/vault tf_req_id=d79b3f11-fd05-75dc-8109-81de238063bf tf_mux_provider="*proto5server.Server" tf_rpc=GetMetadata @caller=github.com/hashicorp/terraform-plugin-framework@v1.19.0/internal/fwserver/server.go:354 @module=sdk.framework timestamp="2026-07-07T23:34:22.405+0800"
2026-07-07T23:34:22.405+0800 [TRACE] provider.terraform-provider-vault_v5.10.1_x5: Found data source type: tf_mux_provider="*proto5server.Server" tf_provider_addr=registry.terraform.io/hashicorp/vault tf_rpc=GetMetadata @module=sdk.framework tf_data_source_type=vault_sys_config_cors tf_req_id=d79b3f11-fd05-75dc-8109-81de238063bf @caller=github.com/hashicorp/terraform-plugin-framework@v1.19.0/internal/fwserver/server.go:354 timestamp="2026-07-07T23:34:22.405+0800"
2026-07-07T23:34:22.405+0800 [TRACE] provider.terraform-provider-vault_v5.10.1_x5: Checking EphemeralResourceFuncs lock: @caller=github.com/hashicorp/terraform-plugin-framework@v1.19.0/internal/fwserver/server_ephemeralresources.go:38 @module=sdk.framework tf_data_source_type=vault_auth_backends tf_mux_provider="*proto5server.Server" tf_provider_addr=registry.terraform.io/hashicorp/vault tf_rpc=GetMetadata tf_req_id=d79b3f11-fd05-75dc-8109-81de238063bf timestamp="2026-07-07T23:34:22.405+0800"
2026-07-07T23:34:22.406+0800 [TRACE] provider.terraform-provider-vault_v5.10.1_x5: Checking ProviderTypeName lock: tf_data_source_type=vault_auth_backends tf_provider_addr=registry.terraform.io/hashicorp/vault tf_req_id=d79b3f11-fd05-75dc-8109-81de238063bf tf_rpc=GetMetadata @caller=github.com/hashicorp/terraform-plugin-framework@v1.19.0/internal/fwserver/server.go:476 tf_mux_provider="*proto5server.Server" @module=sdk.framework timestamp="2026-07-07T23:34:22.405+0800"
2026-07-07T23:34:22.406+0800 [TRACE] provider.terraform-provider-vault_v5.10.1_x5: Calling provider defined Provider EphemeralResources: @caller=github.com/hashicorp/terraform-plugin-framework@v1.19.0/internal/fwserver/server_ephemeralresources.go:57 tf_provider_addr=registry.terraform.io/hashicorp/vault tf_req_id=d79b3f11-fd05-75dc-8109-81de238063bf @module=sdk.framework tf_data_source_type=vault_auth_backends tf_mux_provider="*proto5server.Server" tf_rpc=GetMetadata timestamp="2026-07-07T23:34:22.405+0800"
2026-07-07T23:34:22.406+0800 [TRACE] provider.terraform-provider-vault_v5.10.1_x5: Received request: @caller=github.com/hashicorp/terraform-plugin-go@v0.31.0/tfprotov5/tf5server/server.go:697 @module=sdk.proto tf_data_source_type=vault_auth_backends tf_provider_addr=registry.terraform.io/hashicorp/vault tf_req_id=662c150e-4167-531e-7123-a0e384434d5f tf_rpc=ValidateDataSourceConfig tf_proto_version=5.11 timestamp="2026-07-07T23:34:22.405+0800"
2026-07-07T23:34:22.406+0800 [TRACE] provider.terraform-provider-vault_v5.10.1_x5: Sending request downstream: @caller=github.com/hashicorp/terraform-plugin-go@v0.31.0/tfprotov5/internal/tf5serverlogging/downstream_request.go:22 @module=sdk.proto tf_data_source_type=vault_auth_backends tf_proto_version=5.11 tf_provider_addr=registry.terraform.io/hashicorp/vault tf_req_id=662c150e-4167-531e-7123-a0e384434d5f tf_rpc=ValidateDataSourceConfig timestamp="2026-07-07T23:34:22.405+0800"
2026-07-07T23:34:22.406+0800 [TRACE] provider.terraform-provider-vault_v5.10.1_x5: starting underlying server discovery via GetMetadata or GetProviderSchema: tf_rpc=ValidateDataSourceConfig @caller=github.com/hashicorp/terraform-plugin-mux@v0.23.1/internal/logging/mux.go:19 @module=sdk.mux timestamp="2026-07-07T23:34:22.405+0800"
2026-07-07T23:34:22.406+0800 [TRACE] provider.terraform-provider-vault_v5.10.1_x5: calling GetMetadata for discovery: @module=sdk.mux tf_mux_provider="*schema.GRPCProviderServer" tf_rpc=GetMetadata @caller=github.com/hashicorp/terraform-plugin-mux@v0.23.1/internal/logging/mux.go:19 timestamp="2026-07-07T23:34:22.405+0800"
2026-07-07T23:34:22.406+0800 [TRACE] provider.terraform-provider-vault_v5.10.1_x5: Getting provider metadata: tf_data_source_type=vault_auth_backends tf_mux_provider="*schema.GRPCProviderServer" tf_provider_addr=registry.terraform.io/hashicorp/vault @caller=github.com/hashicorp/terraform-plugin-sdk/v2@v2.40.1/helper/schema/grpc_provider.go:196 @module=sdk.helper_schema tf_req_id=662c150e-4167-531e-7123-a0e384434d5f tf_rpc=GetMetadata timestamp="2026-07-07T23:34:22.405+0800"
2026-07-07T23:34:22.406+0800 [TRACE] provider.terraform-provider-vault_v5.10.1_x5: calling GetMetadata for discovery: tf_mux_provider="*proto5server.Server" tf_rpc=GetMetadata @caller=github.com/hashicorp/terraform-plugin-mux@v0.23.1/internal/logging/mux.go:19 @module=sdk.mux timestamp="2026-07-07T23:34:22.406+0800"
2026-07-07T23:34:22.406+0800 [TRACE] provider.terraform-provider-vault_v5.10.1_x5: Checking ActionFuncs lock: tf_provider_addr=registry.terraform.io/hashicorp/vault tf_req_id=662c150e-4167-531e-7123-a0e384434d5f tf_rpc=GetMetadata @caller=github.com/hashicorp/terraform-plugin-framework@v1.19.0/internal/fwserver/server_actions.go:38 @module=sdk.framework tf_data_source_type=vault_auth_backends tf_mux_provider="*proto5server.Server" timestamp="2026-07-07T23:34:22.406+0800"
2026-07-07T23:34:22.406+0800 [TRACE] provider.terraform-provider-vault_v5.10.1_x5: Called provider defined Provider EphemeralResources: tf_req_id=d79b3f11-fd05-75dc-8109-81de238063bf tf_rpc=GetMetadata @caller=github.com/hashicorp/terraform-plugin-framework@v1.19.0/internal/fwserver/server_ephemeralresources.go:59 tf_mux_provider="*proto5server.Server" tf_provider_addr=registry.terraform.io/hashicorp/vault @module=sdk.framework tf_data_source_type=vault_auth_backends timestamp="2026-07-07T23:34:22.405+0800"
2026-07-07T23:34:22.406+0800 [TRACE] provider.terraform-provider-vault_v5.10.1_x5: Found ephemeral resource type: tf_provider_addr=registry.terraform.io/hashicorp/vault @caller=github.com/hashicorp/terraform-plugin-framework@v1.19.0/internal/fwserver/server_ephemeralresources.go:80 tf_data_source_type=vault_auth_backends tf_ephemeral_resource_type=vault_kv_secret_v2 tf_req_id=d79b3f11-fd05-75dc-8109-81de238063bf tf_rpc=GetMetadata @module=sdk.framework tf_mux_provider="*proto5server.Server" timestamp="2026-07-07T23:34:22.405+0800"
2026-07-07T23:34:22.406+0800 [TRACE] provider.terraform-provider-vault_v5.10.1_x5: Found ephemeral resource type: @caller=github.com/hashicorp/terraform-plugin-framework@v1.19.0/internal/fwserver/server_ephemeralresources.go:80 @module=sdk.framework tf_ephemeral_resource_type=vault_database_secret tf_mux_provider="*proto5server.Server" tf_req_id=d79b3f11-fd05-75dc-8109-81de238063bf tf_data_source_type=vault_auth_backends tf_provider_addr=registry.terraform.io/hashicorp/vault tf_rpc=GetMetadata timestamp="2026-07-07T23:34:22.406+0800"
2026-07-07T23:34:22.406+0800 [TRACE] provider.terraform-provider-vault_v5.10.1_x5: Found ephemeral resource type: @caller=github.com/hashicorp/terraform-plugin-framework@v1.19.0/internal/fwserver/server_ephemeralresources.go:80 @module=sdk.framework tf_ephemeral_resource_type=vault_generic_secret tf_provider_addr=registry.terraform.io/hashicorp/vault tf_data_source_type=vault_auth_backends tf_mux_provider="*proto5server.Server" tf_req_id=d79b3f11-fd05-75dc-8109-81de238063bf tf_rpc=GetMetadata timestamp="2026-07-07T23:34:22.406+0800"
2026-07-07T23:34:22.406+0800 [TRACE] provider.terraform-provider-vault_v5.10.1_x5: Found ephemeral resource type: @module=sdk.framework tf_data_source_type=vault_auth_backends tf_mux_provider="*proto5server.Server" tf_provider_addr=registry.terraform.io/hashicorp/vault tf_req_id=d79b3f11-fd05-75dc-8109-81de238063bf tf_ephemeral_resource_type=vault_azure_static_credentials tf_rpc=GetMetadata @caller=github.com/hashicorp/terraform-plugin-framework@v1.19.0/internal/fwserver/server_ephemeralresources.go:80 timestamp="2026-07-07T23:34:22.406+0800"
2026-07-07T23:34:22.406+0800 [TRACE] provider.terraform-provider-vault_v5.10.1_x5: Found ephemeral resource type: @module=sdk.framework tf_ephemeral_resource_type=vault_azure_access_credentials tf_mux_provider="*proto5server.Server" tf_provider_addr=registry.terraform.io/hashicorp/vault tf_req_id=d79b3f11-fd05-75dc-8109-81de238063bf @caller=github.com/hashicorp/terraform-plugin-framework@v1.19.0/internal/fwserver/server_ephemeralresources.go:80 tf_data_source_type=vault_auth_backends tf_rpc=GetMetadata timestamp="2026-07-07T23:34:22.406+0800"
2026-07-07T23:34:22.406+0800 [TRACE] provider.terraform-provider-vault_v5.10.1_x5: Found ephemeral resource type: tf_ephemeral_resource_type=vault_gcp_service_account_key tf_req_id=d79b3f11-fd05-75dc-8109-81de238063bf @caller=github.com/hashicorp/terraform-plugin-framework@v1.19.0/internal/fwserver/server_ephemeralresources.go:80 tf_mux_provider="*proto5server.Server" tf_provider_addr=registry.terraform.io/hashicorp/vault tf_rpc=GetMetadata @module=sdk.framework tf_data_source_type=vault_auth_backends timestamp="2026-07-07T23:34:22.406+0800"
2026-07-07T23:34:22.406+0800 [TRACE] provider.terraform-provider-vault_v5.10.1_x5: Checking ProviderTypeName lock: @module=sdk.framework tf_provider_addr=registry.terraform.io/hashicorp/vault tf_req_id=662c150e-4167-531e-7123-a0e384434d5f tf_rpc=GetMetadata @caller=github.com/hashicorp/terraform-plugin-framework@v1.19.0/internal/fwserver/server.go:476 tf_data_source_type=vault_auth_backends tf_mux_provider="*proto5server.Server" timestamp="2026-07-07T23:34:22.406+0800"
2026-07-07T23:34:22.406+0800 [TRACE] provider.terraform-provider-vault_v5.10.1_x5: Calling provider defined Provider Metadata: @module=sdk.framework tf_data_source_type=vault_auth_backends tf_mux_provider="*proto5server.Server" tf_provider_addr=registry.terraform.io/hashicorp/vault @caller=github.com/hashicorp/terraform-plugin-framework@v1.19.0/internal/fwserver/server.go:487 tf_req_id=662c150e-4167-531e-7123-a0e384434d5f tf_rpc=GetMetadata timestamp="2026-07-07T23:34:22.406+0800"
2026-07-07T23:34:22.406+0800 [TRACE] provider.terraform-provider-vault_v5.10.1_x5: Found ephemeral resource type: tf_req_id=d79b3f11-fd05-75dc-8109-81de238063bf @caller=github.com/hashicorp/terraform-plugin-framework@v1.19.0/internal/fwserver/server_ephemeralresources.go:80 @module=sdk.framework tf_mux_provider="*proto5server.Server" tf_provider_addr=registry.terraform.io/hashicorp/vault tf_rpc=GetMetadata tf_data_source_type=vault_auth_backends tf_ephemeral_resource_type=vault_gcp_oauth2_access_token timestamp="2026-07-07T23:34:22.406+0800"
2026-07-07T23:34:22.406+0800 [TRACE] provider.terraform-provider-vault_v5.10.1_x5: Called provider defined Provider Metadata: tf_data_source_type=vault_auth_backends tf_mux_provider="*proto5server.Server" tf_req_id=662c150e-4167-531e-7123-a0e384434d5f @caller=github.com/hashicorp/terraform-plugin-framework@v1.19.0/internal/fwserver/server.go:489 @module=sdk.framework tf_provider_addr=registry.terraform.io/hashicorp/vault tf_rpc=GetMetadata timestamp="2026-07-07T23:34:22.406+0800"
2026-07-07T23:34:22.406+0800 [TRACE] provider.terraform-provider-vault_v5.10.1_x5: Found ephemeral resource type: @module=sdk.framework tf_data_source_type=vault_auth_backends tf_mux_provider="*proto5server.Server" tf_provider_addr=registry.terraform.io/hashicorp/vault @caller=github.com/hashicorp/terraform-plugin-framework@v1.19.0/internal/fwserver/server_ephemeralresources.go:80 tf_ephemeral_resource_type=vault_aws_access_credentials tf_req_id=d79b3f11-fd05-75dc-8109-81de238063bf tf_rpc=GetMetadata timestamp="2026-07-07T23:34:22.406+0800"
2026-07-07T23:34:22.406+0800 [TRACE] provider.terraform-provider-vault_v5.10.1_x5: Found ephemeral resource type: tf_ephemeral_resource_type=vault_aws_static_access_credentials tf_mux_provider="*proto5server.Server" tf_req_id=d79b3f11-fd05-75dc-8109-81de238063bf tf_rpc=GetMetadata @module=sdk.framework tf_data_source_type=vault_auth_backends tf_provider_addr=registry.terraform.io/hashicorp/vault @caller=github.com/hashicorp/terraform-plugin-framework@v1.19.0/internal/fwserver/server_ephemeralresources.go:80 timestamp="2026-07-07T23:34:22.406+0800"
2026-07-07T23:34:22.406+0800 [TRACE] provider.terraform-provider-vault_v5.10.1_x5: Checking DataSourceTypes lock: tf_data_source_type=vault_auth_backends tf_provider_addr=registry.terraform.io/hashicorp/vault tf_req_id=662c150e-4167-531e-7123-a0e384434d5f tf_rpc=GetMetadata @module=sdk.framework tf_mux_provider="*proto5server.Server" @caller=github.com/hashicorp/terraform-plugin-framework@v1.19.0/internal/fwserver/server.go:320 timestamp="2026-07-07T23:34:22.406+0800"
2026-07-07T23:34:22.406+0800 [TRACE] provider.terraform-provider-vault_v5.10.1_x5: Found ephemeral resource type: @module=sdk.framework tf_ephemeral_resource_type=vault_alicloud_access_credentials tf_mux_provider="*proto5server.Server" @caller=github.com/hashicorp/terraform-plugin-framework@v1.19.0/internal/fwserver/server_ephemeralresources.go:80 tf_data_source_type=vault_auth_backends tf_provider_addr=registry.terraform.io/hashicorp/vault tf_req_id=d79b3f11-fd05-75dc-8109-81de238063bf tf_rpc=GetMetadata timestamp="2026-07-07T23:34:22.406+0800"
2026-07-07T23:34:22.406+0800 [TRACE] provider.terraform-provider-vault_v5.10.1_x5: Checking ProviderTypeName lock: @module=sdk.framework tf_provider_addr=registry.terraform.io/hashicorp/vault tf_req_id=662c150e-4167-531e-7123-a0e384434d5f tf_rpc=GetMetadata @caller=github.com/hashicorp/terraform-plugin-framework@v1.19.0/internal/fwserver/server.go:476 tf_data_source_type=vault_auth_backends tf_mux_provider="*proto5server.Server" timestamp="2026-07-07T23:34:22.406+0800"
2026-07-07T23:34:22.406+0800 [TRACE] provider.terraform-provider-vault_v5.10.1_x5: Found ephemeral resource type: @caller=github.com/hashicorp/terraform-plugin-framework@v1.19.0/internal/fwserver/server_ephemeralresources.go:80 @module=sdk.framework tf_data_source_type=vault_auth_backends tf_provider_addr=registry.terraform.io/hashicorp/vault tf_req_id=d79b3f11-fd05-75dc-8109-81de238063bf tf_ephemeral_resource_type=vault_approle_auth_backend_role_secret_id tf_mux_provider="*proto5server.Server" tf_rpc=GetMetadata timestamp="2026-07-07T23:34:22.406+0800"
2026-07-07T23:34:22.406+0800 [TRACE] provider.terraform-provider-vault_v5.10.1_x5: Calling provider defined Provider DataSources: tf_mux_provider="*proto5server.Server" tf_provider_addr=registry.terraform.io/hashicorp/vault tf_req_id=662c150e-4167-531e-7123-a0e384434d5f @caller=github.com/hashicorp/terraform-plugin-framework@v1.19.0/internal/fwserver/server.go:331 tf_data_source_type=vault_auth_backends tf_rpc=GetMetadata @module=sdk.framework timestamp="2026-07-07T23:34:22.406+0800"
2026-07-07T23:34:22.406+0800 [TRACE] provider.terraform-provider-vault_v5.10.1_x5: Found ephemeral resource type: tf_ephemeral_resource_type=vault_radius_auth_login tf_mux_provider="*proto5server.Server" tf_provider_addr=registry.terraform.io/hashicorp/vault @caller=github.com/hashicorp/terraform-plugin-framework@v1.19.0/internal/fwserver/server_ephemeralresources.go:80 @module=sdk.framework tf_req_id=d79b3f11-fd05-75dc-8109-81de238063bf tf_rpc=GetMetadata tf_data_source_type=vault_auth_backends timestamp="2026-07-07T23:34:22.406+0800"
2026-07-07T23:34:22.406+0800 [TRACE] provider.terraform-provider-vault_v5.10.1_x5: Found ephemeral resource type: @caller=github.com/hashicorp/terraform-plugin-framework@v1.19.0/internal/fwserver/server_ephemeralresources.go:80 @module=sdk.framework tf_ephemeral_resource_type=vault_kubernetes_service_account_token tf_mux_provider="*proto5server.Server" tf_provider_addr=registry.terraform.io/hashicorp/vault tf_req_id=d79b3f11-fd05-75dc-8109-81de238063bf tf_data_source_type=vault_auth_backends tf_rpc=GetMetadata timestamp="2026-07-07T23:34:22.406+0800"
2026-07-07T23:34:22.406+0800 [TRACE] provider.terraform-provider-vault_v5.10.1_x5: Found ephemeral resource type: @caller=github.com/hashicorp/terraform-plugin-framework@v1.19.0/internal/fwserver/server_ephemeralresources.go:80 tf_ephemeral_resource_type=vault_cf_auth_login tf_provider_addr=registry.terraform.io/hashicorp/vault tf_rpc=GetMetadata @module=sdk.framework tf_data_source_type=vault_auth_backends tf_mux_provider="*proto5server.Server" tf_req_id=d79b3f11-fd05-75dc-8109-81de238063bf timestamp="2026-07-07T23:34:22.406+0800"
2026-07-07T23:34:22.406+0800 [TRACE] provider.terraform-provider-vault_v5.10.1_x5: Found ephemeral resource type: tf_mux_provider="*proto5server.Server" tf_req_id=d79b3f11-fd05-75dc-8109-81de238063bf tf_rpc=GetMetadata @caller=github.com/hashicorp/terraform-plugin-framework@v1.19.0/internal/fwserver/server_ephemeralresources.go:80 tf_data_source_type=vault_auth_backends tf_ephemeral_resource_type=vault_userpass_auth_login tf_provider_addr=registry.terraform.io/hashicorp/vault @module=sdk.framework timestamp="2026-07-07T23:34:22.406+0800"
2026-07-07T23:34:22.406+0800 [TRACE] provider.terraform-provider-vault_v5.10.1_x5: Found ephemeral resource type: tf_mux_provider="*proto5server.Server" tf_provider_addr=registry.terraform.io/hashicorp/vault tf_req_id=d79b3f11-fd05-75dc-8109-81de238063bf tf_data_source_type=vault_auth_backends tf_rpc=GetMetadata @caller=github.com/hashicorp/terraform-plugin-framework@v1.19.0/internal/fwserver/server_ephemeralresources.go:80 @module=sdk.framework tf_ephemeral_resource_type=vault_spiffe_secret_backend_mintjwt timestamp="2026-07-07T23:34:22.406+0800"
2026-07-07T23:34:22.406+0800 [TRACE] provider.terraform-provider-vault_v5.10.1_x5: Found ephemeral resource type: tf_data_source_type=vault_auth_backends tf_mux_provider="*proto5server.Server" tf_provider_addr=registry.terraform.io/hashicorp/vault tf_req_id=d79b3f11-fd05-75dc-8109-81de238063bf tf_rpc=GetMetadata @caller=github.com/hashicorp/terraform-plugin-framework@v1.19.0/internal/fwserver/server_ephemeralresources.go:80 @module=sdk.framework tf_ephemeral_resource_type=vault_terraform_token timestamp="2026-07-07T23:34:22.406+0800"
2026-07-07T23:34:22.406+0800 [TRACE] provider.terraform-provider-vault_v5.10.1_x5: Found ephemeral resource type: @module=sdk.framework tf_data_source_type=vault_auth_backends tf_provider_addr=registry.terraform.io/hashicorp/vault @caller=github.com/hashicorp/terraform-plugin-framework@v1.19.0/internal/fwserver/server_ephemeralresources.go:80 tf_ephemeral_resource_type=vault_token tf_mux_provider="*proto5server.Server" tf_req_id=d79b3f11-fd05-75dc-8109-81de238063bf tf_rpc=GetMetadata timestamp="2026-07-07T23:34:22.406+0800"
2026-07-07T23:34:22.406+0800 [TRACE] provider.terraform-provider-vault_v5.10.1_x5: Called provider defined Provider DataSources: @caller=github.com/hashicorp/terraform-plugin-framework@v1.19.0/internal/fwserver/server.go:333 @module=sdk.framework tf_data_source_type=vault_auth_backends tf_req_id=662c150e-4167-531e-7123-a0e384434d5f tf_mux_provider="*proto5server.Server" tf_provider_addr=registry.terraform.io/hashicorp/vault tf_rpc=GetMetadata timestamp="2026-07-07T23:34:22.406+0800"
2026-07-07T23:34:22.406+0800 [TRACE] provider.terraform-provider-vault_v5.10.1_x5: Found data source type: tf_req_id=662c150e-4167-531e-7123-a0e384434d5f @caller=github.com/hashicorp/terraform-plugin-framework@v1.19.0/internal/fwserver/server.go:354 @module=sdk.framework tf_mux_provider="*proto5server.Server" tf_provider_addr=registry.terraform.io/hashicorp/vault tf_rpc=GetMetadata tf_data_source_type=vault_activation_flags timestamp="2026-07-07T23:34:22.406+0800"
2026-07-07T23:34:22.406+0800 [TRACE] provider.terraform-provider-vault_v5.10.1_x5: Found ephemeral resource type: tf_ephemeral_resource_type=vault_generic_endpoint tf_provider_addr=registry.terraform.io/hashicorp/vault tf_req_id=d79b3f11-fd05-75dc-8109-81de238063bf tf_rpc=GetMetadata tf_data_source_type=vault_auth_backends tf_mux_provider="*proto5server.Server" @caller=github.com/hashicorp/terraform-plugin-framework@v1.19.0/internal/fwserver/server_ephemeralresources.go:80 @module=sdk.framework timestamp="2026-07-07T23:34:22.406+0800"
2026-07-07T23:34:22.406+0800 [TRACE] provider.terraform-provider-vault_v5.10.1_x5: Found data source type: tf_mux_provider="*proto5server.Server" tf_provider_addr=registry.terraform.io/hashicorp/vault tf_data_source_type=vault_pki_external_ca_secret_backend_order_challenge tf_req_id=662c150e-4167-531e-7123-a0e384434d5f tf_rpc=GetMetadata @caller=github.com/hashicorp/terraform-plugin-framework@v1.19.0/internal/fwserver/server.go:354 @module=sdk.framework timestamp="2026-07-07T23:34:22.406+0800"
2026-07-07T23:34:22.406+0800 [TRACE] provider.terraform-provider-vault_v5.10.1_x5: Checking FunctionTypes lock: @caller=github.com/hashicorp/terraform-plugin-framework@v1.19.0/internal/fwserver/server_functions.go:124 tf_mux_provider="*proto5server.Server" tf_provider_addr=registry.terraform.io/hashicorp/vault tf_req_id=d79b3f11-fd05-75dc-8109-81de238063bf @module=sdk.framework tf_data_source_type=vault_auth_backends tf_rpc=GetMetadata timestamp="2026-07-07T23:34:22.406+0800"
2026-07-07T23:34:22.406+0800 [TRACE] provider.terraform-provider-vault_v5.10.1_x5: Checking ResourceTypes lock: @caller=github.com/hashicorp/terraform-plugin-framework@v1.19.0/internal/fwserver/server.go:649 tf_data_source_type=vault_auth_backends tf_mux_provider="*proto5server.Server" tf_provider_addr=registry.terraform.io/hashicorp/vault tf_rpc=GetMetadata @module=sdk.framework tf_req_id=d79b3f11-fd05-75dc-8109-81de238063bf timestamp="2026-07-07T23:34:22.406+0800"
2026-07-07T23:34:22.406+0800 [TRACE] provider.terraform-provider-vault_v5.10.1_x5: Checking ProviderTypeName lock: @caller=github.com/hashicorp/terraform-plugin-framework@v1.19.0/internal/fwserver/server.go:476 tf_data_source_type=vault_auth_backends tf_mux_provider="*proto5server.Server" tf_req_id=d79b3f11-fd05-75dc-8109-81de238063bf tf_rpc=GetMetadata @module=sdk.framework tf_provider_addr=registry.terraform.io/hashicorp/vault timestamp="2026-07-07T23:34:22.406+0800"
2026-07-07T23:34:22.406+0800 [TRACE] provider.terraform-provider-vault_v5.10.1_x5: Calling provider defined Provider Resources: @caller=github.com/hashicorp/terraform-plugin-framework@v1.19.0/internal/fwserver/server.go:660 @module=sdk.framework tf_provider_addr=registry.terraform.io/hashicorp/vault tf_req_id=d79b3f11-fd05-75dc-8109-81de238063bf tf_data_source_type=vault_auth_backends tf_mux_provider="*proto5server.Server" tf_rpc=GetMetadata timestamp="2026-07-07T23:34:22.406+0800"
2026-07-07T23:34:22.406+0800 [TRACE] provider.terraform-provider-vault_v5.10.1_x5: Called provider defined Provider Resources: @caller=github.com/hashicorp/terraform-plugin-framework@v1.19.0/internal/fwserver/server.go:662 tf_data_source_type=vault_auth_backends tf_req_id=d79b3f11-fd05-75dc-8109-81de238063bf tf_rpc=GetMetadata @module=sdk.framework tf_mux_provider="*proto5server.Server" tf_provider_addr=registry.terraform.io/hashicorp/vault timestamp="2026-07-07T23:34:22.406+0800"
2026-07-07T23:34:22.406+0800 [TRACE] provider.terraform-provider-vault_v5.10.1_x5: Found resource type: @caller=github.com/hashicorp/terraform-plugin-framework@v1.19.0/internal/fwserver/server.go:683 @module=sdk.framework tf_data_source_type=vault_auth_backends tf_provider_addr=registry.terraform.io/hashicorp/vault tf_req_id=d79b3f11-fd05-75dc-8109-81de238063bf tf_rpc=GetMetadata tf_mux_provider="*proto5server.Server" tf_resource_type=vault_spiffe_auth_backend_config timestamp="2026-07-07T23:34:22.406+0800"
2026-07-07T23:34:22.406+0800 [TRACE] provider.terraform-provider-vault_v5.10.1_x5: Found resource type: tf_rpc=GetMetadata tf_data_source_type=vault_auth_backends tf_mux_provider="*proto5server.Server" tf_provider_addr=registry.terraform.io/hashicorp/vault @caller=github.com/hashicorp/terraform-plugin-framework@v1.19.0/internal/fwserver/server.go:683 @module=sdk.framework tf_req_id=d79b3f11-fd05-75dc-8109-81de238063bf tf_resource_type=vault_spiffe_auth_backend_role timestamp="2026-07-07T23:34:22.406+0800"
2026-07-07T23:34:22.406+0800 [TRACE] provider.terraform-provider-vault_v5.10.1_x5: Found resource type: @caller=github.com/hashicorp/terraform-plugin-framework@v1.19.0/internal/fwserver/server.go:683 @module=sdk.framework tf_data_source_type=vault_auth_backends tf_provider_addr=registry.terraform.io/hashicorp/vault tf_rpc=GetMetadata tf_mux_provider="*proto5server.Server" tf_req_id=d79b3f11-fd05-75dc-8109-81de238063bf tf_resource_type=vault_cf_auth_backend_config timestamp="2026-07-07T23:34:22.406+0800"
2026-07-07T23:34:22.406+0800 [TRACE] readDataSource: data.vault_auth_backends.vault-dev-server1 configuration is complete, so reading from provider
2026-07-07T23:34:22.406+0800 [TRACE] provider.terraform-provider-vault_v5.10.1_x5: Found data source type: @caller=github.com/hashicorp/terraform-plugin-framework@v1.19.0/internal/fwserver/server.go:354 @module=sdk.framework tf_data_source_type=vault_plugin_runtimes tf_mux_provider="*proto5server.Server" tf_req_id=662c150e-4167-531e-7123-a0e384434d5f tf_provider_addr=registry.terraform.io/hashicorp/vault tf_rpc=GetMetadata timestamp="2026-07-07T23:34:22.406+0800"
2026-07-07T23:34:22.406+0800 [TRACE] provider.terraform-provider-vault_v5.10.1_x5: Found data source type: tf_rpc=GetMetadata tf_mux_provider="*proto5server.Server" tf_provider_addr=registry.terraform.io/hashicorp/vault tf_req_id=662c150e-4167-531e-7123-a0e384434d5f @caller=github.com/hashicorp/terraform-plugin-framework@v1.19.0/internal/fwserver/server.go:354 @module=sdk.framework tf_data_source_type=vault_sys_config_cors timestamp="2026-07-07T23:34:22.406+0800"
2026-07-07T23:34:22.406+0800 [TRACE] provider.terraform-provider-vault_v5.10.1_x5: Checking EphemeralResourceFuncs lock: @caller=github.com/hashicorp/terraform-plugin-framework@v1.19.0/internal/fwserver/server_ephemeralresources.go:38 @module=sdk.framework tf_mux_provider="*proto5server.Server" tf_data_source_type=vault_auth_backends tf_provider_addr=registry.terraform.io/hashicorp/vault tf_req_id=662c150e-4167-531e-7123-a0e384434d5f tf_rpc=GetMetadata timestamp="2026-07-07T23:34:22.406+0800"
2026-07-07T23:34:22.406+0800 [TRACE] provider.terraform-provider-vault_v5.10.1_x5: Checking ProviderTypeName lock: @caller=github.com/hashicorp/terraform-plugin-framework@v1.19.0/internal/fwserver/server.go:476 @module=sdk.framework tf_data_source_type=vault_auth_backends tf_mux_provider="*proto5server.Server" tf_provider_addr=registry.terraform.io/hashicorp/vault tf_rpc=GetMetadata tf_req_id=662c150e-4167-531e-7123-a0e384434d5f timestamp="2026-07-07T23:34:22.406+0800"
2026-07-07T23:34:22.406+0800 [TRACE] provider.terraform-provider-vault_v5.10.1_x5: Calling provider defined Provider EphemeralResources: @module=sdk.framework tf_data_source_type=vault_auth_backends tf_req_id=662c150e-4167-531e-7123-a0e384434d5f tf_mux_provider="*proto5server.Server" tf_provider_addr=registry.terraform.io/hashicorp/vault tf_rpc=GetMetadata @caller=github.com/hashicorp/terraform-plugin-framework@v1.19.0/internal/fwserver/server_ephemeralresources.go:57 timestamp="2026-07-07T23:34:22.406+0800"
2026-07-07T23:34:22.406+0800 [TRACE] provider.terraform-provider-vault_v5.10.1_x5: Found resource type: tf_req_id=d79b3f11-fd05-75dc-8109-81de238063bf tf_resource_type=vault_cf_auth_backend_role tf_rpc=GetMetadata tf_data_source_type=vault_auth_backends tf_mux_provider="*proto5server.Server" tf_provider_addr=registry.terraform.io/hashicorp/vault @caller=github.com/hashicorp/terraform-plugin-framework@v1.19.0/internal/fwserver/server.go:683 @module=sdk.framework timestamp="2026-07-07T23:34:22.406+0800"
2026-07-07T23:34:22.406+0800 [TRACE] provider.terraform-provider-vault_v5.10.1_x5: Found resource type: tf_provider_addr=registry.terraform.io/hashicorp/vault tf_req_id=d79b3f11-fd05-75dc-8109-81de238063bf tf_resource_type=vault_userpass_auth_backend_user tf_rpc=GetMetadata @caller=github.com/hashicorp/terraform-plugin-framework@v1.19.0/internal/fwserver/server.go:683 @module=sdk.framework tf_mux_provider="*proto5server.Server" tf_data_source_type=vault_auth_backends timestamp="2026-07-07T23:34:22.406+0800"
2026-07-07T23:34:22.407+0800 [TRACE] provider.terraform-provider-vault_v5.10.1_x5: Found resource type: tf_resource_type=vault_spiffe_secret_backend_config tf_provider_addr=registry.terraform.io/hashicorp/vault tf_rpc=GetMetadata @caller=github.com/hashicorp/terraform-plugin-framework@v1.19.0/internal/fwserver/server.go:683 @module=sdk.framework tf_data_source_type=vault_auth_backends tf_mux_provider="*proto5server.Server" tf_req_id=d79b3f11-fd05-75dc-8109-81de238063bf timestamp="2026-07-07T23:34:22.406+0800"
2026-07-07T23:34:22.407+0800 [TRACE] readDataSource: data.vault_auth_backends.vault-dev-server2 configuration is complete, so reading from provider
2026-07-07T23:34:22.407+0800 [TRACE] GRPCProvider: ReadDataSource
2026-07-07T23:34:22.407+0800 [TRACE] GRPCProvider: GetProviderSchema
2026-07-07T23:34:22.407+0800 [TRACE] GRPCProvider: returning cached schema: EXTRA_VALUE_AT_END=registry.terraform.io/hashicorp/vault
2026-07-07T23:34:22.406+0800 [TRACE] GRPCProvider: ReadDataSource
2026-07-07T23:34:22.407+0800 [TRACE] GRPCProvider: GetProviderSchema
2026-07-07T23:34:22.407+0800 [TRACE] GRPCProvider: returning cached schema: EXTRA_VALUE_AT_END=registry.terraform.io/hashicorp/vault
2026-07-07T23:34:22.407+0800 [TRACE] provider.terraform-provider-vault_v5.10.1_x5: Found resource type: @caller=github.com/hashicorp/terraform-plugin-framework@v1.19.0/internal/fwserver/server.go:683 tf_data_source_type=vault_auth_backends tf_provider_addr=registry.terraform.io/hashicorp/vault tf_req_id=d79b3f11-fd05-75dc-8109-81de238063bf tf_rpc=GetMetadata @module=sdk.framework tf_mux_provider="*proto5server.Server" tf_resource_type=vault_spiffe_secret_backend_role timestamp="2026-07-07T23:34:22.406+0800"
2026-07-07T23:34:22.407+0800 [TRACE] provider.terraform-provider-vault_v5.10.1_x5: Found resource type: tf_data_source_type=vault_auth_backends tf_mux_provider="*proto5server.Server" tf_provider_addr=registry.terraform.io/hashicorp/vault tf_req_id=d79b3f11-fd05-75dc-8109-81de238063bf @caller=github.com/hashicorp/terraform-plugin-framework@v1.19.0/internal/fwserver/server.go:683 @module=sdk.framework tf_resource_type=vault_radius_auth_backend tf_rpc=GetMetadata timestamp="2026-07-07T23:34:22.406+0800"
2026-07-07T23:34:22.407+0800 [TRACE] provider.terraform-provider-vault_v5.10.1_x5: Found resource type: tf_resource_type=vault_radius_auth_backend_user tf_rpc=GetMetadata @caller=github.com/hashicorp/terraform-plugin-framework@v1.19.0/internal/fwserver/server.go:683 tf_data_source_type=vault_auth_backends tf_provider_addr=registry.terraform.io/hashicorp/vault @module=sdk.framework tf_mux_provider="*proto5server.Server" tf_req_id=d79b3f11-fd05-75dc-8109-81de238063bf timestamp="2026-07-07T23:34:22.406+0800"
2026-07-07T23:34:22.407+0800 [TRACE] provider.terraform-provider-vault_v5.10.1_x5: Found resource type: tf_data_source_type=vault_auth_backends tf_req_id=d79b3f11-fd05-75dc-8109-81de238063bf tf_resource_type=vault_password_policy @caller=github.com/hashicorp/terraform-plugin-framework@v1.19.0/internal/fwserver/server.go:683 @module=sdk.framework tf_mux_provider="*proto5server.Server" tf_provider_addr=registry.terraform.io/hashicorp/vault tf_rpc=GetMetadata timestamp="2026-07-07T23:34:22.406+0800"
2026-07-07T23:34:22.407+0800 [TRACE] provider.terraform-provider-vault_v5.10.1_x5: Found resource type: tf_mux_provider="*proto5server.Server" tf_provider_addr=registry.terraform.io/hashicorp/vault tf_req_id=d79b3f11-fd05-75dc-8109-81de238063bf tf_resource_type=vault_config_ui_default_auth tf_rpc=GetMetadata @caller=github.com/hashicorp/terraform-plugin-framework@v1.19.0/internal/fwserver/server.go:683 @module=sdk.framework tf_data_source_type=vault_auth_backends timestamp="2026-07-07T23:34:22.406+0800"
2026-07-07T23:34:22.406+0800 [TRACE] provider.terraform-provider-vault_v5.10.1_x5: Called provider defined Provider EphemeralResources: @module=sdk.framework tf_mux_provider="*proto5server.Server" tf_provider_addr=registry.terraform.io/hashicorp/vault tf_req_id=662c150e-4167-531e-7123-a0e384434d5f tf_rpc=GetMetadata tf_data_source_type=vault_auth_backends @caller=github.com/hashicorp/terraform-plugin-framework@v1.19.0/internal/fwserver/server_ephemeralresources.go:59 timestamp="2026-07-07T23:34:22.406+0800"
2026-07-07T23:34:22.407+0800 [TRACE] provider.terraform-provider-vault_v5.10.1_x5: Found ephemeral resource type: @module=sdk.framework tf_data_source_type=vault_auth_backends tf_ephemeral_resource_type=vault_kv_secret_v2 tf_mux_provider="*proto5server.Server" tf_req_id=662c150e-4167-531e-7123-a0e384434d5f tf_rpc=GetMetadata @caller=github.com/hashicorp/terraform-plugin-framework@v1.19.0/internal/fwserver/server_ephemeralresources.go:80 tf_provider_addr=registry.terraform.io/hashicorp/vault timestamp="2026-07-07T23:34:22.406+0800"
2026-07-07T23:34:22.407+0800 [TRACE] provider.terraform-provider-vault_v5.10.1_x5: Found ephemeral resource type: tf_rpc=GetMetadata @caller=github.com/hashicorp/terraform-plugin-framework@v1.19.0/internal/fwserver/server_ephemeralresources.go:80 tf_data_source_type=vault_auth_backends tf_provider_addr=registry.terraform.io/hashicorp/vault @module=sdk.framework tf_ephemeral_resource_type=vault_database_secret tf_mux_provider="*proto5server.Server" tf_req_id=662c150e-4167-531e-7123-a0e384434d5f timestamp="2026-07-07T23:34:22.406+0800"
2026-07-07T23:34:22.407+0800 [TRACE] provider.terraform-provider-vault_v5.10.1_x5: Found ephemeral resource type: @module=sdk.framework tf_data_source_type=vault_auth_backends tf_ephemeral_resource_type=vault_generic_secret tf_mux_provider="*proto5server.Server" tf_rpc=GetMetadata @caller=github.com/hashicorp/terraform-plugin-framework@v1.19.0/internal/fwserver/server_ephemeralresources.go:80 tf_provider_addr=registry.terraform.io/hashicorp/vault tf_req_id=662c150e-4167-531e-7123-a0e384434d5f timestamp="2026-07-07T23:34:22.406+0800"
2026-07-07T23:34:22.407+0800 [TRACE] provider.terraform-provider-vault_v5.10.1_x5: Found ephemeral resource type: tf_data_source_type=vault_auth_backends tf_provider_addr=registry.terraform.io/hashicorp/vault tf_req_id=662c150e-4167-531e-7123-a0e384434d5f @caller=github.com/hashicorp/terraform-plugin-framework@v1.19.0/internal/fwserver/server_ephemeralresources.go:80 @module=sdk.framework tf_ephemeral_resource_type=vault_azure_static_credentials tf_mux_provider="*proto5server.Server" tf_rpc=GetMetadata timestamp="2026-07-07T23:34:22.406+0800"
2026-07-07T23:34:22.407+0800 [TRACE] provider.terraform-provider-vault_v5.10.1_x5: Found ephemeral resource type: @caller=github.com/hashicorp/terraform-plugin-framework@v1.19.0/internal/fwserver/server_ephemeralresources.go:80 @module=sdk.framework tf_mux_provider="*proto5server.Server" tf_provider_addr=registry.terraform.io/hashicorp/vault tf_rpc=GetMetadata tf_data_source_type=vault_auth_backends tf_ephemeral_resource_type=vault_azure_access_credentials tf_req_id=662c150e-4167-531e-7123-a0e384434d5f timestamp="2026-07-07T23:34:22.406+0800"
2026-07-07T23:34:22.407+0800 [TRACE] provider.terraform-provider-vault_v5.10.1_x5: Found ephemeral resource type: tf_provider_addr=registry.terraform.io/hashicorp/vault tf_req_id=662c150e-4167-531e-7123-a0e384434d5f @caller=github.com/hashicorp/terraform-plugin-framework@v1.19.0/internal/fwserver/server_ephemeralresources.go:80 @module=sdk.framework tf_ephemeral_resource_type=vault_gcp_service_account_key tf_mux_provider="*proto5server.Server" tf_rpc=GetMetadata tf_data_source_type=vault_auth_backends timestamp="2026-07-07T23:34:22.406+0800"
2026-07-07T23:34:22.407+0800 [TRACE] provider.terraform-provider-vault_v5.10.1_x5: Found ephemeral resource type: @module=sdk.framework tf_data_source_type=vault_auth_backends tf_ephemeral_resource_type=vault_gcp_oauth2_access_token tf_mux_provider="*proto5server.Server" tf_provider_addr=registry.terraform.io/hashicorp/vault @caller=github.com/hashicorp/terraform-plugin-framework@v1.19.0/internal/fwserver/server_ephemeralresources.go:80 tf_req_id=662c150e-4167-531e-7123-a0e384434d5f tf_rpc=GetMetadata timestamp="2026-07-07T23:34:22.406+0800"
2026-07-07T23:34:22.407+0800 [TRACE] provider.terraform-provider-vault_v5.10.1_x5: Found ephemeral resource type: @module=sdk.framework tf_data_source_type=vault_auth_backends tf_mux_provider="*proto5server.Server" tf_ephemeral_resource_type=vault_aws_access_credentials tf_provider_addr=registry.terraform.io/hashicorp/vault tf_req_id=662c150e-4167-531e-7123-a0e384434d5f tf_rpc=GetMetadata @caller=github.com/hashicorp/terraform-plugin-framework@v1.19.0/internal/fwserver/server_ephemeralresources.go:80 timestamp="2026-07-07T23:34:22.406+0800"
2026-07-07T23:34:22.407+0800 [TRACE] provider.terraform-provider-vault_v5.10.1_x5: Found ephemeral resource type: tf_mux_provider="*proto5server.Server" tf_provider_addr=registry.terraform.io/hashicorp/vault tf_req_id=662c150e-4167-531e-7123-a0e384434d5f tf_data_source_type=vault_auth_backends tf_ephemeral_resource_type=vault_aws_static_access_credentials tf_rpc=GetMetadata @caller=github.com/hashicorp/terraform-plugin-framework@v1.19.0/internal/fwserver/server_ephemeralresources.go:80 @module=sdk.framework timestamp="2026-07-07T23:34:22.406+0800"
2026-07-07T23:34:22.407+0800 [TRACE] provider.terraform-provider-vault_v5.10.1_x5: Found ephemeral resource type: @caller=github.com/hashicorp/terraform-plugin-framework@v1.19.0/internal/fwserver/server_ephemeralresources.go:80 @module=sdk.framework tf_data_source_type=vault_auth_backends tf_mux_provider="*proto5server.Server" tf_req_id=662c150e-4167-531e-7123-a0e384434d5f tf_ephemeral_resource_type=vault_alicloud_access_credentials tf_provider_addr=registry.terraform.io/hashicorp/vault tf_rpc=GetMetadata timestamp="2026-07-07T23:34:22.406+0800"
2026-07-07T23:34:22.407+0800 [TRACE] provider.terraform-provider-vault_v5.10.1_x5: Found ephemeral resource type: @caller=github.com/hashicorp/terraform-plugin-framework@v1.19.0/internal/fwserver/server_ephemeralresources.go:80 tf_data_source_type=vault_auth_backends @module=sdk.framework tf_ephemeral_resource_type=vault_approle_auth_backend_role_secret_id tf_mux_provider="*proto5server.Server" tf_provider_addr=registry.terraform.io/hashicorp/vault tf_req_id=662c150e-4167-531e-7123-a0e384434d5f tf_rpc=GetMetadata timestamp="2026-07-07T23:34:22.406+0800"
2026-07-07T23:34:22.407+0800 [TRACE] provider.terraform-provider-vault_v5.10.1_x5: Found ephemeral resource type: tf_data_source_type=vault_auth_backends tf_provider_addr=registry.terraform.io/hashicorp/vault tf_req_id=662c150e-4167-531e-7123-a0e384434d5f @caller=github.com/hashicorp/terraform-plugin-framework@v1.19.0/internal/fwserver/server_ephemeralresources.go:80 tf_ephemeral_resource_type=vault_radius_auth_login tf_mux_provider="*proto5server.Server" tf_rpc=GetMetadata @module=sdk.framework timestamp="2026-07-07T23:34:22.406+0800"
2026-07-07T23:34:22.407+0800 [TRACE] provider.terraform-provider-vault_v5.10.1_x5: Found ephemeral resource type: tf_rpc=GetMetadata @caller=github.com/hashicorp/terraform-plugin-framework@v1.19.0/internal/fwserver/server_ephemeralresources.go:80 @module=sdk.framework tf_ephemeral_resource_type=vault_kubernetes_service_account_token tf_provider_addr=registry.terraform.io/hashicorp/vault tf_data_source_type=vault_auth_backends tf_mux_provider="*proto5server.Server" tf_req_id=662c150e-4167-531e-7123-a0e384434d5f timestamp="2026-07-07T23:34:22.406+0800"
2026-07-07T23:34:22.407+0800 [TRACE] provider.terraform-provider-vault_v5.10.1_x5: Found ephemeral resource type: @module=sdk.framework tf_data_source_type=vault_auth_backends tf_mux_provider="*proto5server.Server" tf_rpc=GetMetadata @caller=github.com/hashicorp/terraform-plugin-framework@v1.19.0/internal/fwserver/server_ephemeralresources.go:80 tf_ephemeral_resource_type=vault_cf_auth_login tf_provider_addr=registry.terraform.io/hashicorp/vault tf_req_id=662c150e-4167-531e-7123-a0e384434d5f timestamp="2026-07-07T23:34:22.406+0800"
2026-07-07T23:34:22.407+0800 [TRACE] provider.terraform-provider-vault_v5.10.1_x5: Found resource type: tf_mux_provider="*proto5server.Server" tf_provider_addr=registry.terraform.io/hashicorp/vault tf_rpc=GetMetadata @caller=github.com/hashicorp/terraform-plugin-framework@v1.19.0/internal/fwserver/server.go:683 tf_data_source_type=vault_auth_backends tf_req_id=d79b3f11-fd05-75dc-8109-81de238063bf tf_resource_type=vault_config_group_policy_application @module=sdk.framework timestamp="2026-07-07T23:34:22.406+0800"
2026-07-07T23:34:22.407+0800 [TRACE] provider.terraform-provider-vault_v5.10.1_x5: Found resource type: tf_resource_type=vault_config_ui_header @caller=github.com/hashicorp/terraform-plugin-framework@v1.19.0/internal/fwserver/server.go:683 tf_data_source_type=vault_auth_backends tf_mux_provider="*proto5server.Server" tf_rpc=GetMetadata @module=sdk.framework tf_provider_addr=registry.terraform.io/hashicorp/vault tf_req_id=d79b3f11-fd05-75dc-8109-81de238063bf timestamp="2026-07-07T23:34:22.406+0800"
2026-07-07T23:34:22.407+0800 [TRACE] provider.terraform-provider-vault_v5.10.1_x5: Found resource type: @caller=github.com/hashicorp/terraform-plugin-framework@v1.19.0/internal/fwserver/server.go:683 tf_data_source_type=vault_auth_backends tf_mux_provider="*proto5server.Server" tf_provider_addr=registry.terraform.io/hashicorp/vault tf_req_id=d79b3f11-fd05-75dc-8109-81de238063bf tf_resource_type=vault_rotation_policy @module=sdk.framework tf_rpc=GetMetadata timestamp="2026-07-07T23:34:22.406+0800"
2026-07-07T23:34:22.407+0800 [TRACE] provider.terraform-provider-vault_v5.10.1_x5: Found resource type: tf_data_source_type=vault_auth_backends tf_mux_provider="*proto5server.Server" tf_req_id=d79b3f11-fd05-75dc-8109-81de238063bf tf_resource_type=vault_quota_config @module=sdk.framework tf_provider_addr=registry.terraform.io/hashicorp/vault tf_rpc=GetMetadata @caller=github.com/hashicorp/terraform-plugin-framework@v1.19.0/internal/fwserver/server.go:683 timestamp="2026-07-07T23:34:22.406+0800"
2026-07-07T23:34:22.407+0800 [TRACE] provider.terraform-provider-vault_v5.10.1_x5: Found resource type: @module=sdk.framework tf_mux_provider="*proto5server.Server" tf_resource_type=vault_plugin_runtime tf_data_source_type=vault_auth_backends tf_provider_addr=registry.terraform.io/hashicorp/vault tf_req_id=d79b3f11-fd05-75dc-8109-81de238063bf tf_rpc=GetMetadata @caller=github.com/hashicorp/terraform-plugin-framework@v1.19.0/internal/fwserver/server.go:683 timestamp="2026-07-07T23:34:22.406+0800"
2026-07-07T23:34:22.407+0800 [TRACE] provider.terraform-provider-vault_v5.10.1_x5: Found resource type: tf_req_id=d79b3f11-fd05-75dc-8109-81de238063bf tf_resource_type=vault_oauth_resource_server_config_profile @caller=github.com/hashicorp/terraform-plugin-framework@v1.19.0/internal/fwserver/server.go:683 tf_provider_addr=registry.terraform.io/hashicorp/vault tf_rpc=GetMetadata @module=sdk.framework tf_data_source_type=vault_auth_backends tf_mux_provider="*proto5server.Server" timestamp="2026-07-07T23:34:22.406+0800"
2026-07-07T23:34:22.407+0800 [TRACE] provider.terraform-provider-vault_v5.10.1_x5: Found ephemeral resource type: tf_rpc=GetMetadata @caller=github.com/hashicorp/terraform-plugin-framework@v1.19.0/internal/fwserver/server_ephemeralresources.go:80 @module=sdk.framework tf_data_source_type=vault_auth_backends tf_ephemeral_resource_type=vault_userpass_auth_login tf_req_id=662c150e-4167-531e-7123-a0e384434d5f tf_mux_provider="*proto5server.Server" tf_provider_addr=registry.terraform.io/hashicorp/vault timestamp="2026-07-07T23:34:22.406+0800"
2026-07-07T23:34:22.407+0800 [TRACE] provider.terraform-provider-vault_v5.10.1_x5: Found resource type: @module=sdk.framework tf_provider_addr=registry.terraform.io/hashicorp/vault tf_rpc=GetMetadata tf_data_source_type=vault_auth_backends tf_mux_provider="*proto5server.Server" tf_req_id=d79b3f11-fd05-75dc-8109-81de238063bf tf_resource_type=vault_agent_registration @caller=github.com/hashicorp/terraform-plugin-framework@v1.19.0/internal/fwserver/server.go:683 timestamp="2026-07-07T23:34:22.406+0800"
2026-07-07T23:34:22.407+0800 [TRACE] provider.terraform-provider-vault_v5.10.1_x5: Found ephemeral resource type: tf_provider_addr=registry.terraform.io/hashicorp/vault tf_rpc=GetMetadata tf_mux_provider="*proto5server.Server" tf_req_id=662c150e-4167-531e-7123-a0e384434d5f @caller=github.com/hashicorp/terraform-plugin-framework@v1.19.0/internal/fwserver/server_ephemeralresources.go:80 @module=sdk.framework tf_data_source_type=vault_auth_backends tf_ephemeral_resource_type=vault_spiffe_secret_backend_mintjwt timestamp="2026-07-07T23:34:22.406+0800"
2026-07-07T23:34:22.407+0800 [TRACE] provider.terraform-provider-vault_v5.10.1_x5: Found resource type: tf_mux_provider="*proto5server.Server" tf_provider_addr=registry.terraform.io/hashicorp/vault tf_req_id=d79b3f11-fd05-75dc-8109-81de238063bf tf_resource_type=vault_sys_config_cors tf_rpc=GetMetadata @caller=github.com/hashicorp/terraform-plugin-framework@v1.19.0/internal/fwserver/server.go:683 @module=sdk.framework tf_data_source_type=vault_auth_backends timestamp="2026-07-07T23:34:22.406+0800"
2026-07-07T23:34:22.407+0800 [TRACE] provider.terraform-provider-vault_v5.10.1_x5: Found ephemeral resource type: tf_ephemeral_resource_type=vault_terraform_token tf_provider_addr=registry.terraform.io/hashicorp/vault tf_req_id=662c150e-4167-531e-7123-a0e384434d5f @caller=github.com/hashicorp/terraform-plugin-framework@v1.19.0/internal/fwserver/server_ephemeralresources.go:80 tf_mux_provider="*proto5server.Server" tf_rpc=GetMetadata @module=sdk.framework tf_data_source_type=vault_auth_backends timestamp="2026-07-07T23:34:22.406+0800"
2026-07-07T23:34:22.407+0800 [TRACE] provider.terraform-provider-vault_v5.10.1_x5: Found ephemeral resource type: tf_data_source_type=vault_auth_backends tf_ephemeral_resource_type=vault_token @caller=github.com/hashicorp/terraform-plugin-framework@v1.19.0/internal/fwserver/server_ephemeralresources.go:80 tf_mux_provider="*proto5server.Server" tf_provider_addr=registry.terraform.io/hashicorp/vault tf_req_id=662c150e-4167-531e-7123-a0e384434d5f tf_rpc=GetMetadata @module=sdk.framework timestamp="2026-07-07T23:34:22.406+0800"
2026-07-07T23:34:22.407+0800 [TRACE] provider.terraform-provider-vault_v5.10.1_x5: Found resource type: @caller=github.com/hashicorp/terraform-plugin-framework@v1.19.0/internal/fwserver/server.go:683 tf_data_source_type=vault_auth_backends tf_mux_provider="*proto5server.Server" tf_provider_addr=registry.terraform.io/hashicorp/vault tf_resource_type=vault_config_control_group @module=sdk.framework tf_req_id=d79b3f11-fd05-75dc-8109-81de238063bf tf_rpc=GetMetadata timestamp="2026-07-07T23:34:22.406+0800"
2026-07-07T23:34:22.407+0800 [TRACE] provider.terraform-provider-vault_v5.10.1_x5: Found ephemeral resource type: tf_req_id=662c150e-4167-531e-7123-a0e384434d5f tf_rpc=GetMetadata @caller=github.com/hashicorp/terraform-plugin-framework@v1.19.0/internal/fwserver/server_ephemeralresources.go:80 tf_ephemeral_resource_type=vault_generic_endpoint tf_mux_provider="*proto5server.Server" tf_provider_addr=registry.terraform.io/hashicorp/vault @module=sdk.framework tf_data_source_type=vault_auth_backends timestamp="2026-07-07T23:34:22.406+0800"
2026-07-07T23:34:22.407+0800 [TRACE] provider.terraform-provider-vault_v5.10.1_x5: Checking FunctionTypes lock: @module=sdk.framework @caller=github.com/hashicorp/terraform-plugin-framework@v1.19.0/internal/fwserver/server_functions.go:124 tf_data_source_type=vault_auth_backends tf_mux_provider="*proto5server.Server" tf_provider_addr=registry.terraform.io/hashicorp/vault tf_req_id=662c150e-4167-531e-7123-a0e384434d5f tf_rpc=GetMetadata timestamp="2026-07-07T23:34:22.406+0800"
2026-07-07T23:34:22.407+0800 [TRACE] provider.terraform-provider-vault_v5.10.1_x5: Found resource type: tf_provider_addr=registry.terraform.io/hashicorp/vault tf_resource_type=vault_raft_snapshot_agent_config tf_rpc=GetMetadata @caller=github.com/hashicorp/terraform-plugin-framework@v1.19.0/internal/fwserver/server.go:683 @module=sdk.framework tf_data_source_type=vault_auth_backends tf_mux_provider="*proto5server.Server" tf_req_id=d79b3f11-fd05-75dc-8109-81de238063bf timestamp="2026-07-07T23:34:22.406+0800"
2026-07-07T23:34:22.407+0800 [TRACE] provider.terraform-provider-vault_v5.10.1_x5: Checking ResourceTypes lock: tf_req_id=662c150e-4167-531e-7123-a0e384434d5f @caller=github.com/hashicorp/terraform-plugin-framework@v1.19.0/internal/fwserver/server.go:649 @module=sdk.framework tf_data_source_type=vault_auth_backends tf_provider_addr=registry.terraform.io/hashicorp/vault tf_rpc=GetMetadata tf_mux_provider="*proto5server.Server" timestamp="2026-07-07T23:34:22.406+0800"
2026-07-07T23:34:22.407+0800 [TRACE] provider.terraform-provider-vault_v5.10.1_x5: Checking ProviderTypeName lock: tf_provider_addr=registry.terraform.io/hashicorp/vault tf_rpc=GetMetadata @caller=github.com/hashicorp/terraform-plugin-framework@v1.19.0/internal/fwserver/server.go:476 @module=sdk.framework tf_req_id=662c150e-4167-531e-7123-a0e384434d5f tf_data_source_type=vault_auth_backends tf_mux_provider="*proto5server.Server" timestamp="2026-07-07T23:34:22.406+0800"
2026-07-07T23:34:22.407+0800 [TRACE] provider.terraform-provider-vault_v5.10.1_x5: Found resource type: tf_rpc=GetMetadata @caller=github.com/hashicorp/terraform-plugin-framework@v1.19.0/internal/fwserver/server.go:683 tf_data_source_type=vault_auth_backends tf_mux_provider="*proto5server.Server" tf_provider_addr=registry.terraform.io/hashicorp/vault @module=sdk.framework tf_req_id=d79b3f11-fd05-75dc-8109-81de238063bf tf_resource_type=vault_azure_secret_backend_static_role timestamp="2026-07-07T23:34:22.406+0800"
2026-07-07T23:34:22.407+0800 [TRACE] provider.terraform-provider-vault_v5.10.1_x5: Calling provider defined Provider Resources: @module=sdk.framework tf_mux_provider="*proto5server.Server" tf_rpc=GetMetadata @caller=github.com/hashicorp/terraform-plugin-framework@v1.19.0/internal/fwserver/server.go:660 tf_data_source_type=vault_auth_backends tf_provider_addr=registry.terraform.io/hashicorp/vault tf_req_id=662c150e-4167-531e-7123-a0e384434d5f timestamp="2026-07-07T23:34:22.406+0800"
2026-07-07T23:34:22.407+0800 [TRACE] provider.terraform-provider-vault_v5.10.1_x5: Called provider defined Provider Resources: @module=sdk.framework tf_mux_provider="*proto5server.Server" tf_req_id=662c150e-4167-531e-7123-a0e384434d5f tf_rpc=GetMetadata tf_data_source_type=vault_auth_backends tf_provider_addr=registry.terraform.io/hashicorp/vault @caller=github.com/hashicorp/terraform-plugin-framework@v1.19.0/internal/fwserver/server.go:662 timestamp="2026-07-07T23:34:22.406+0800"
2026-07-07T23:34:22.407+0800 [TRACE] provider.terraform-provider-vault_v5.10.1_x5: Found resource type: tf_resource_type=vault_kmip_secret_listener tf_rpc=GetMetadata tf_data_source_type=vault_auth_backends tf_provider_addr=registry.terraform.io/hashicorp/vault @caller=github.com/hashicorp/terraform-plugin-framework@v1.19.0/internal/fwserver/server.go:683 @module=sdk.framework tf_mux_provider="*proto5server.Server" tf_req_id=d79b3f11-fd05-75dc-8109-81de238063bf timestamp="2026-07-07T23:34:22.406+0800"
2026-07-07T23:34:22.407+0800 [TRACE] provider.terraform-provider-vault_v5.10.1_x5: Found resource type: tf_data_source_type=vault_auth_backends tf_req_id=662c150e-4167-531e-7123-a0e384434d5f tf_rpc=GetMetadata @caller=github.com/hashicorp/terraform-plugin-framework@v1.19.0/internal/fwserver/server.go:683 @module=sdk.framework tf_mux_provider="*proto5server.Server" tf_provider_addr=registry.terraform.io/hashicorp/vault tf_resource_type=vault_spiffe_auth_backend_config timestamp="2026-07-07T23:34:22.406+0800"
2026-07-07T23:34:22.407+0800 [TRACE] provider.terraform-provider-vault_v5.10.1_x5: Found resource type: @caller=github.com/hashicorp/terraform-plugin-framework@v1.19.0/internal/fwserver/server.go:683 tf_data_source_type=vault_auth_backends tf_provider_addr=registry.terraform.io/hashicorp/vault tf_resource_type=vault_spiffe_auth_backend_role tf_rpc=GetMetadata @module=sdk.framework tf_mux_provider="*proto5server.Server" tf_req_id=662c150e-4167-531e-7123-a0e384434d5f timestamp="2026-07-07T23:34:22.406+0800"
2026-07-07T23:34:22.407+0800 [TRACE] provider.terraform-provider-vault_v5.10.1_x5: Found resource type: @module=sdk.framework tf_data_source_type=vault_auth_backends tf_mux_provider="*proto5server.Server" tf_provider_addr=registry.terraform.io/hashicorp/vault tf_req_id=d79b3f11-fd05-75dc-8109-81de238063bf tf_resource_type=vault_kmip_secret_ca_generated tf_rpc=GetMetadata @caller=github.com/hashicorp/terraform-plugin-framework@v1.19.0/internal/fwserver/server.go:683 timestamp="2026-07-07T23:34:22.406+0800"
2026-07-07T23:34:22.407+0800 [TRACE] provider.terraform-provider-vault_v5.10.1_x5: Found resource type: @caller=github.com/hashicorp/terraform-plugin-framework@v1.19.0/internal/fwserver/server.go:683 @module=sdk.framework tf_data_source_type=vault_auth_backends tf_provider_addr=registry.terraform.io/hashicorp/vault tf_req_id=662c150e-4167-531e-7123-a0e384434d5f tf_resource_type=vault_cf_auth_backend_config tf_rpc=GetMetadata tf_mux_provider="*proto5server.Server" timestamp="2026-07-07T23:34:22.406+0800"
2026-07-07T23:34:22.407+0800 [TRACE] provider.terraform-provider-vault_v5.10.1_x5: Found resource type: @caller=github.com/hashicorp/terraform-plugin-framework@v1.19.0/internal/fwserver/server.go:683 @module=sdk.framework tf_data_source_type=vault_auth_backends tf_mux_provider="*proto5server.Server" tf_req_id=662c150e-4167-531e-7123-a0e384434d5f tf_provider_addr=registry.terraform.io/hashicorp/vault tf_resource_type=vault_cf_auth_backend_role tf_rpc=GetMetadata timestamp="2026-07-07T23:34:22.406+0800"
2026-07-07T23:34:22.407+0800 [TRACE] provider.terraform-provider-vault_v5.10.1_x5: Found resource type: @caller=github.com/hashicorp/terraform-plugin-framework@v1.19.0/internal/fwserver/server.go:683 tf_provider_addr=registry.terraform.io/hashicorp/vault tf_req_id=d79b3f11-fd05-75dc-8109-81de238063bf @module=sdk.framework tf_data_source_type=vault_auth_backends tf_mux_provider="*proto5server.Server" tf_resource_type=vault_kmip_secret_ca_imported tf_rpc=GetMetadata timestamp="2026-07-07T23:34:22.406+0800"
2026-07-07T23:34:22.407+0800 [TRACE] provider.terraform-provider-vault_v5.10.1_x5: Found resource type: @caller=github.com/hashicorp/terraform-plugin-framework@v1.19.0/internal/fwserver/server.go:683 @module=sdk.framework tf_rpc=GetMetadata tf_data_source_type=vault_auth_backends tf_mux_provider="*proto5server.Server" tf_provider_addr=registry.terraform.io/hashicorp/vault tf_req_id=662c150e-4167-531e-7123-a0e384434d5f tf_resource_type=vault_userpass_auth_backend_user timestamp="2026-07-07T23:34:22.406+0800"
2026-07-07T23:34:22.407+0800 [TRACE] provider.terraform-provider-vault_v5.10.1_x5: Found resource type: @caller=github.com/hashicorp/terraform-plugin-framework@v1.19.0/internal/fwserver/server.go:683 tf_data_source_type=vault_auth_backends tf_provider_addr=registry.terraform.io/hashicorp/vault tf_req_id=662c150e-4167-531e-7123-a0e384434d5f tf_resource_type=vault_spiffe_secret_backend_config tf_rpc=GetMetadata @module=sdk.framework tf_mux_provider="*proto5server.Server" timestamp="2026-07-07T23:34:22.406+0800"
2026-07-07T23:34:22.407+0800 [TRACE] provider.terraform-provider-vault_v5.10.1_x5: Found resource type: @module=sdk.framework tf_data_source_type=vault_auth_backends tf_provider_addr=registry.terraform.io/hashicorp/vault tf_req_id=d79b3f11-fd05-75dc-8109-81de238063bf tf_resource_type=vault_os_secret_backend tf_rpc=GetMetadata @caller=github.com/hashicorp/terraform-plugin-framework@v1.19.0/internal/fwserver/server.go:683 tf_mux_provider="*proto5server.Server" timestamp="2026-07-07T23:34:22.406+0800"
2026-07-07T23:34:22.407+0800 [TRACE] provider.terraform-provider-vault_v5.10.1_x5: Found resource type: @caller=github.com/hashicorp/terraform-plugin-framework@v1.19.0/internal/fwserver/server.go:683 @module=sdk.framework tf_mux_provider="*proto5server.Server" tf_provider_addr=registry.terraform.io/hashicorp/vault tf_req_id=662c150e-4167-531e-7123-a0e384434d5f tf_data_source_type=vault_auth_backends tf_resource_type=vault_spiffe_secret_backend_role tf_rpc=GetMetadata timestamp="2026-07-07T23:34:22.406+0800"
2026-07-07T23:34:22.407+0800 [TRACE] provider.terraform-provider-vault_v5.10.1_x5: Found resource type: @caller=github.com/hashicorp/terraform-plugin-framework@v1.19.0/internal/fwserver/server.go:683 tf_resource_type=vault_radius_auth_backend tf_rpc=GetMetadata @module=sdk.framework tf_data_source_type=vault_auth_backends tf_mux_provider="*proto5server.Server" tf_provider_addr=registry.terraform.io/hashicorp/vault tf_req_id=662c150e-4167-531e-7123-a0e384434d5f timestamp="2026-07-07T23:34:22.406+0800"
2026-07-07T23:34:22.407+0800 [TRACE] provider.terraform-provider-vault_v5.10.1_x5: Found resource type: @caller=github.com/hashicorp/terraform-plugin-framework@v1.19.0/internal/fwserver/server.go:683 tf_mux_provider="*proto5server.Server" tf_provider_addr=registry.terraform.io/hashicorp/vault tf_req_id=662c150e-4167-531e-7123-a0e384434d5f tf_resource_type=vault_radius_auth_backend_user @module=sdk.framework tf_data_source_type=vault_auth_backends tf_rpc=GetMetadata timestamp="2026-07-07T23:34:22.406+0800"
2026-07-07T23:34:22.407+0800 [TRACE] provider.terraform-provider-vault_v5.10.1_x5: Found resource type: tf_data_source_type=vault_auth_backends tf_mux_provider="*proto5server.Server" tf_req_id=662c150e-4167-531e-7123-a0e384434d5f tf_resource_type=vault_password_policy @caller=github.com/hashicorp/terraform-plugin-framework@v1.19.0/internal/fwserver/server.go:683 @module=sdk.framework tf_provider_addr=registry.terraform.io/hashicorp/vault tf_rpc=GetMetadata timestamp="2026-07-07T23:34:22.406+0800"
2026-07-07T23:34:22.407+0800 [TRACE] provider.terraform-provider-vault_v5.10.1_x5: Found resource type: @module=sdk.framework tf_data_source_type=vault_auth_backends tf_mux_provider="*proto5server.Server" tf_provider_addr=registry.terraform.io/hashicorp/vault tf_resource_type=vault_config_ui_default_auth @caller=github.com/hashicorp/terraform-plugin-framework@v1.19.0/internal/fwserver/server.go:683 tf_req_id=662c150e-4167-531e-7123-a0e384434d5f tf_rpc=GetMetadata timestamp="2026-07-07T23:34:22.406+0800"
2026-07-07T23:34:22.408+0800 [TRACE] provider.terraform-provider-vault_v5.10.1_x5: Found resource type: @caller=github.com/hashicorp/terraform-plugin-framework@v1.19.0/internal/fwserver/server.go:683 tf_provider_addr=registry.terraform.io/hashicorp/vault tf_req_id=662c150e-4167-531e-7123-a0e384434d5f tf_resource_type=vault_config_group_policy_application @module=sdk.framework tf_data_source_type=vault_auth_backends tf_mux_provider="*proto5server.Server" tf_rpc=GetMetadata timestamp="2026-07-07T23:34:22.406+0800"
2026-07-07T23:34:22.408+0800 [TRACE] provider.terraform-provider-vault_v5.10.1_x5: Found resource type: tf_data_source_type=vault_auth_backends tf_mux_provider="*proto5server.Server" @module=sdk.framework tf_provider_addr=registry.terraform.io/hashicorp/vault tf_req_id=662c150e-4167-531e-7123-a0e384434d5f tf_resource_type=vault_config_ui_header tf_rpc=GetMetadata @caller=github.com/hashicorp/terraform-plugin-framework@v1.19.0/internal/fwserver/server.go:683 timestamp="2026-07-07T23:34:22.406+0800"
2026-07-07T23:34:22.408+0800 [TRACE] provider.terraform-provider-vault_v5.10.1_x5: Found resource type: @module=sdk.framework tf_data_source_type=vault_auth_backends tf_provider_addr=registry.terraform.io/hashicorp/vault tf_req_id=662c150e-4167-531e-7123-a0e384434d5f tf_resource_type=vault_rotation_policy tf_mux_provider="*proto5server.Server" tf_rpc=GetMetadata @caller=github.com/hashicorp/terraform-plugin-framework@v1.19.0/internal/fwserver/server.go:683 timestamp="2026-07-07T23:34:22.406+0800"
2026-07-07T23:34:22.408+0800 [TRACE] provider.terraform-provider-vault_v5.10.1_x5: Found resource type: @module=sdk.framework tf_mux_provider="*proto5server.Server" tf_req_id=662c150e-4167-531e-7123-a0e384434d5f tf_resource_type=vault_quota_config tf_data_source_type=vault_auth_backends tf_provider_addr=registry.terraform.io/hashicorp/vault tf_rpc=GetMetadata @caller=github.com/hashicorp/terraform-plugin-framework@v1.19.0/internal/fwserver/server.go:683 timestamp="2026-07-07T23:34:22.406+0800"
2026-07-07T23:34:22.408+0800 [TRACE] provider.terraform-provider-vault_v5.10.1_x5: Found resource type: tf_mux_provider="*proto5server.Server" tf_provider_addr=registry.terraform.io/hashicorp/vault tf_req_id=662c150e-4167-531e-7123-a0e384434d5f tf_resource_type=vault_plugin_runtime @module=sdk.framework tf_rpc=GetMetadata @caller=github.com/hashicorp/terraform-plugin-framework@v1.19.0/internal/fwserver/server.go:683 tf_data_source_type=vault_auth_backends timestamp="2026-07-07T23:34:22.406+0800"
2026-07-07T23:34:22.408+0800 [TRACE] provider.terraform-provider-vault_v5.10.1_x5: Found resource type: @caller=github.com/hashicorp/terraform-plugin-framework@v1.19.0/internal/fwserver/server.go:683 @module=sdk.framework tf_data_source_type=vault_auth_backends tf_mux_provider="*proto5server.Server" tf_provider_addr=registry.terraform.io/hashicorp/vault tf_req_id=662c150e-4167-531e-7123-a0e384434d5f tf_resource_type=vault_oauth_resource_server_config_profile tf_rpc=GetMetadata timestamp="2026-07-07T23:34:22.406+0800"
2026-07-07T23:34:22.408+0800 [TRACE] provider.terraform-provider-vault_v5.10.1_x5: Found resource type: @caller=github.com/hashicorp/terraform-plugin-framework@v1.19.0/internal/fwserver/server.go:683 @module=sdk.framework tf_data_source_type=vault_auth_backends tf_req_id=662c150e-4167-531e-7123-a0e384434d5f tf_resource_type=vault_agent_registration tf_mux_provider="*proto5server.Server" tf_provider_addr=registry.terraform.io/hashicorp/vault tf_rpc=GetMetadata timestamp="2026-07-07T23:34:22.406+0800"
2026-07-07T23:34:22.407+0800 [TRACE] provider.terraform-provider-vault_v5.10.1_x5: Found resource type: tf_provider_addr=registry.terraform.io/hashicorp/vault tf_rpc=GetMetadata @module=sdk.framework tf_data_source_type=vault_auth_backends tf_mux_provider="*proto5server.Server" tf_req_id=d79b3f11-fd05-75dc-8109-81de238063bf tf_resource_type=vault_os_secret_backend_host @caller=github.com/hashicorp/terraform-plugin-framework@v1.19.0/internal/fwserver/server.go:683 timestamp="2026-07-07T23:34:22.406+0800"
2026-07-07T23:34:22.408+0800 [TRACE] provider.terraform-provider-vault_v5.10.1_x5: Found resource type: tf_rpc=GetMetadata @module=sdk.framework tf_provider_addr=registry.terraform.io/hashicorp/vault @caller=github.com/hashicorp/terraform-plugin-framework@v1.19.0/internal/fwserver/server.go:683 tf_data_source_type=vault_auth_backends tf_mux_provider="*proto5server.Server" tf_req_id=d79b3f11-fd05-75dc-8109-81de238063bf tf_resource_type=vault_os_secret_backend_account timestamp="2026-07-07T23:34:22.406+0800"
2026-07-07T23:34:22.408+0800 [TRACE] provider.terraform-provider-vault_v5.10.1_x5: Found resource type: @caller=github.com/hashicorp/terraform-plugin-framework@v1.19.0/internal/fwserver/server.go:683 @module=sdk.framework tf_data_source_type=vault_auth_backends tf_mux_provider="*proto5server.Server" tf_provider_addr=registry.terraform.io/hashicorp/vault tf_resource_type=vault_sys_config_cors tf_req_id=662c150e-4167-531e-7123-a0e384434d5f tf_rpc=GetMetadata timestamp="2026-07-07T23:34:22.406+0800"
2026-07-07T23:34:22.408+0800 [TRACE] provider.terraform-provider-vault_v5.10.1_x5: Found resource type: @module=sdk.framework tf_mux_provider="*proto5server.Server" tf_provider_addr=registry.terraform.io/hashicorp/vault tf_resource_type=vault_config_control_group tf_rpc=GetMetadata @caller=github.com/hashicorp/terraform-plugin-framework@v1.19.0/internal/fwserver/server.go:683 tf_data_source_type=vault_auth_backends tf_req_id=662c150e-4167-531e-7123-a0e384434d5f timestamp="2026-07-07T23:34:22.406+0800"
2026-07-07T23:34:22.408+0800 [TRACE] provider.terraform-provider-vault_v5.10.1_x5: Found resource type: @caller=github.com/hashicorp/terraform-plugin-framework@v1.19.0/internal/fwserver/server.go:683 tf_mux_provider="*proto5server.Server" tf_provider_addr=registry.terraform.io/hashicorp/vault tf_req_id=662c150e-4167-531e-7123-a0e384434d5f @module=sdk.framework tf_data_source_type=vault_auth_backends tf_resource_type=vault_raft_snapshot_agent_config tf_rpc=GetMetadata timestamp="2026-07-07T23:34:22.406+0800"
2026-07-07T23:34:22.408+0800 [TRACE] provider.terraform-provider-vault_v5.10.1_x5: Found resource type: tf_provider_addr=registry.terraform.io/hashicorp/vault tf_req_id=662c150e-4167-531e-7123-a0e384434d5f tf_rpc=GetMetadata @caller=github.com/hashicorp/terraform-plugin-framework@v1.19.0/internal/fwserver/server.go:683 @module=sdk.framework tf_resource_type=vault_azure_secret_backend_static_role tf_data_source_type=vault_auth_backends tf_mux_provider="*proto5server.Server" timestamp="2026-07-07T23:34:22.406+0800"
2026-07-07T23:34:22.408+0800 [TRACE] provider.terraform-provider-vault_v5.10.1_x5: Found resource type: tf_data_source_type=vault_auth_backends tf_provider_addr=registry.terraform.io/hashicorp/vault tf_rpc=GetMetadata @module=sdk.framework tf_mux_provider="*proto5server.Server" tf_req_id=662c150e-4167-531e-7123-a0e384434d5f tf_resource_type=vault_kmip_secret_listener @caller=github.com/hashicorp/terraform-plugin-framework@v1.19.0/internal/fwserver/server.go:683 timestamp="2026-07-07T23:34:22.406+0800"
2026-07-07T23:34:22.408+0800 [TRACE] provider.terraform-provider-vault_v5.10.1_x5: Found resource type: tf_mux_provider="*proto5server.Server" tf_provider_addr=registry.terraform.io/hashicorp/vault tf_rpc=GetMetadata @caller=github.com/hashicorp/terraform-plugin-framework@v1.19.0/internal/fwserver/server.go:683 tf_data_source_type=vault_auth_backends tf_req_id=662c150e-4167-531e-7123-a0e384434d5f tf_resource_type=vault_kmip_secret_ca_generated @module=sdk.framework timestamp="2026-07-07T23:34:22.406+0800"
2026-07-07T23:34:22.408+0800 [TRACE] provider.terraform-provider-vault_v5.10.1_x5: Found resource type: @caller=github.com/hashicorp/terraform-plugin-framework@v1.19.0/internal/fwserver/server.go:683 @module=sdk.framework tf_data_source_type=vault_auth_backends tf_provider_addr=registry.terraform.io/hashicorp/vault tf_resource_type=vault_kmip_secret_ca_imported tf_mux_provider="*proto5server.Server" tf_req_id=662c150e-4167-531e-7123-a0e384434d5f tf_rpc=GetMetadata timestamp="2026-07-07T23:34:22.406+0800"
2026-07-07T23:34:22.408+0800 [TRACE] provider.terraform-provider-vault_v5.10.1_x5: Found resource type: @caller=github.com/hashicorp/terraform-plugin-framework@v1.19.0/internal/fwserver/server.go:683 tf_data_source_type=vault_auth_backends tf_req_id=662c150e-4167-531e-7123-a0e384434d5f tf_rpc=GetMetadata @module=sdk.framework tf_mux_provider="*proto5server.Server" tf_provider_addr=registry.terraform.io/hashicorp/vault tf_resource_type=vault_os_secret_backend timestamp="2026-07-07T23:34:22.406+0800"
2026-07-07T23:34:22.408+0800 [TRACE] provider.terraform-provider-vault_v5.10.1_x5: Found resource type: tf_data_source_type=vault_auth_backends tf_req_id=662c150e-4167-531e-7123-a0e384434d5f tf_resource_type=vault_os_secret_backend_host @caller=github.com/hashicorp/terraform-plugin-framework@v1.19.0/internal/fwserver/server.go:683 @module=sdk.framework tf_mux_provider="*proto5server.Server" tf_provider_addr=registry.terraform.io/hashicorp/vault tf_rpc=GetMetadata timestamp="2026-07-07T23:34:22.406+0800"
2026-07-07T23:34:22.408+0800 [TRACE] provider.terraform-provider-vault_v5.10.1_x5: Found resource type: @caller=github.com/hashicorp/terraform-plugin-framework@v1.19.0/internal/fwserver/server.go:683 tf_mux_provider="*proto5server.Server" tf_provider_addr=registry.terraform.io/hashicorp/vault tf_resource_type=vault_pki_external_ca_secret_backend_acme_account @module=sdk.framework tf_data_source_type=vault_auth_backends tf_req_id=d79b3f11-fd05-75dc-8109-81de238063bf tf_rpc=GetMetadata timestamp="2026-07-07T23:34:22.406+0800"
2026-07-07T23:34:22.408+0800 [TRACE] provider.terraform-provider-vault_v5.10.1_x5: Found resource type: tf_resource_type=vault_pki_external_ca_secret_backend_role @caller=github.com/hashicorp/terraform-plugin-framework@v1.19.0/internal/fwserver/server.go:683 tf_data_source_type=vault_auth_backends tf_mux_provider="*proto5server.Server" tf_rpc=GetMetadata @module=sdk.framework tf_provider_addr=registry.terraform.io/hashicorp/vault tf_req_id=d79b3f11-fd05-75dc-8109-81de238063bf timestamp="2026-07-07T23:34:22.406+0800"
2026-07-07T23:34:22.408+0800 [TRACE] provider.terraform-provider-vault_v5.10.1_x5: Found resource type: tf_mux_provider="*proto5server.Server" tf_resource_type=vault_pki_external_ca_secret_backend_order @caller=github.com/hashicorp/terraform-plugin-framework@v1.19.0/internal/fwserver/server.go:683 @module=sdk.framework tf_data_source_type=vault_auth_backends tf_provider_addr=registry.terraform.io/hashicorp/vault tf_req_id=d79b3f11-fd05-75dc-8109-81de238063bf tf_rpc=GetMetadata timestamp="2026-07-07T23:34:22.406+0800"
2026-07-07T23:34:22.408+0800 [TRACE] provider.terraform-provider-vault_v5.10.1_x5: Found resource type: tf_data_source_type=vault_auth_backends tf_resource_type=vault_pki_external_ca_secret_backend_order_challenge_fulfilled tf_rpc=GetMetadata @caller=github.com/hashicorp/terraform-plugin-framework@v1.19.0/internal/fwserver/server.go:683 @module=sdk.framework tf_mux_provider="*proto5server.Server" tf_provider_addr=registry.terraform.io/hashicorp/vault tf_req_id=d79b3f11-fd05-75dc-8109-81de238063bf timestamp="2026-07-07T23:34:22.406+0800"
2026-07-07T23:34:22.408+0800 [TRACE] provider.terraform-provider-vault_v5.10.1_x5: Found resource type: @caller=github.com/hashicorp/terraform-plugin-framework@v1.19.0/internal/fwserver/server.go:683 tf_data_source_type=vault_auth_backends @module=sdk.framework tf_mux_provider="*proto5server.Server" tf_provider_addr=registry.terraform.io/hashicorp/vault tf_req_id=d79b3f11-fd05-75dc-8109-81de238063bf tf_resource_type=vault_pki_external_ca_secret_backend_order_certificate tf_rpc=GetMetadata timestamp="2026-07-07T23:34:22.406+0800"
2026-07-07T23:34:22.408+0800 [TRACE] provider.terraform-provider-vault_v5.10.1_x5: Found resource type: @module=sdk.framework tf_data_source_type=vault_auth_backends tf_mux_provider="*proto5server.Server" tf_req_id=d79b3f11-fd05-75dc-8109-81de238063bf tf_resource_type=vault_activation_flags tf_rpc=GetMetadata @caller=github.com/hashicorp/terraform-plugin-framework@v1.19.0/internal/fwserver/server.go:683 tf_provider_addr=registry.terraform.io/hashicorp/vault timestamp="2026-07-07T23:34:22.406+0800"
2026-07-07T23:34:22.408+0800 [TRACE] provider.terraform-provider-vault_v5.10.1_x5: Found resource type: tf_rpc=GetMetadata @caller=github.com/hashicorp/terraform-plugin-framework@v1.19.0/internal/fwserver/server.go:683 @module=sdk.framework tf_mux_provider="*proto5server.Server" tf_req_id=d79b3f11-fd05-75dc-8109-81de238063bf tf_resource_type=vault_keymgmt_key tf_data_source_type=vault_auth_backends tf_provider_addr=registry.terraform.io/hashicorp/vault timestamp="2026-07-07T23:34:22.406+0800"
2026-07-07T23:34:22.408+0800 [TRACE] provider.terraform-provider-vault_v5.10.1_x5: Found resource type: tf_req_id=d79b3f11-fd05-75dc-8109-81de238063bf tf_resource_type=vault_keymgmt_aws_kms tf_rpc=GetMetadata @caller=github.com/hashicorp/terraform-plugin-framework@v1.19.0/internal/fwserver/server.go:683 @module=sdk.framework tf_data_source_type=vault_auth_backends tf_mux_provider="*proto5server.Server" tf_provider_addr=registry.terraform.io/hashicorp/vault timestamp="2026-07-07T23:34:22.406+0800"
2026-07-07T23:34:22.408+0800 [TRACE] provider.terraform-provider-vault_v5.10.1_x5: Found resource type: @module=sdk.framework tf_req_id=d79b3f11-fd05-75dc-8109-81de238063bf tf_rpc=GetMetadata @caller=github.com/hashicorp/terraform-plugin-framework@v1.19.0/internal/fwserver/server.go:683 tf_data_source_type=vault_auth_backends tf_mux_provider="*proto5server.Server" tf_provider_addr=registry.terraform.io/hashicorp/vault tf_resource_type=vault_keymgmt_azure_kms timestamp="2026-07-07T23:34:22.406+0800"
2026-07-07T23:34:22.408+0800 [TRACE] provider.terraform-provider-vault_v5.10.1_x5: Found resource type: @module=sdk.framework tf_data_source_type=vault_auth_backends tf_provider_addr=registry.terraform.io/hashicorp/vault tf_resource_type=vault_keymgmt_gcp_kms @caller=github.com/hashicorp/terraform-plugin-framework@v1.19.0/internal/fwserver/server.go:683 tf_mux_provider="*proto5server.Server" tf_req_id=d79b3f11-fd05-75dc-8109-81de238063bf tf_rpc=GetMetadata timestamp="2026-07-07T23:34:22.406+0800"
2026-07-07T23:34:22.408+0800 [TRACE] provider.terraform-provider-vault_v5.10.1_x5: Found resource type: tf_provider_addr=registry.terraform.io/hashicorp/vault tf_rpc=GetMetadata @caller=github.com/hashicorp/terraform-plugin-framework@v1.19.0/internal/fwserver/server.go:683 @module=sdk.framework tf_req_id=d79b3f11-fd05-75dc-8109-81de238063bf tf_resource_type=vault_keymgmt_key_rotate tf_data_source_type=vault_auth_backends tf_mux_provider="*proto5server.Server" timestamp="2026-07-07T23:34:22.406+0800"
2026-07-07T23:34:22.408+0800 [TRACE] provider.terraform-provider-vault_v5.10.1_x5: Found resource type: @caller=github.com/hashicorp/terraform-plugin-framework@v1.19.0/internal/fwserver/server.go:683 tf_data_source_type=vault_auth_backends tf_provider_addr=registry.terraform.io/hashicorp/vault tf_resource_type=vault_keymgmt_distribute_key @module=sdk.framework tf_mux_provider="*proto5server.Server" tf_req_id=d79b3f11-fd05-75dc-8109-81de238063bf tf_rpc=GetMetadata timestamp="2026-07-07T23:34:22.406+0800"
2026-07-07T23:34:22.408+0800 [TRACE] provider.terraform-provider-vault_v5.10.1_x5: Found resource type: tf_data_source_type=vault_auth_backends tf_resource_type=vault_keymgmt_replicate_key tf_mux_provider="*proto5server.Server" tf_provider_addr=registry.terraform.io/hashicorp/vault tf_req_id=d79b3f11-fd05-75dc-8109-81de238063bf tf_rpc=GetMetadata @caller=github.com/hashicorp/terraform-plugin-framework@v1.19.0/internal/fwserver/server.go:683 @module=sdk.framework timestamp="2026-07-07T23:34:22.406+0800"
2026-07-07T23:34:22.408+0800 [TRACE] provider.terraform-provider-vault_v5.10.1_x5: Found resource type: @caller=github.com/hashicorp/terraform-plugin-framework@v1.19.0/internal/fwserver/server.go:683 @module=sdk.framework tf_req_id=662c150e-4167-531e-7123-a0e384434d5f tf_resource_type=vault_os_secret_backend_account tf_data_source_type=vault_auth_backends tf_mux_provider="*proto5server.Server" tf_provider_addr=registry.terraform.io/hashicorp/vault tf_rpc=GetMetadata timestamp="2026-07-07T23:34:22.406+0800"
2026-07-07T23:34:22.408+0800 [TRACE] provider.terraform-provider-vault_v5.10.1_x5: Found resource type: tf_data_source_type=vault_auth_backends tf_mux_provider="*proto5server.Server" tf_provider_addr=registry.terraform.io/hashicorp/vault tf_req_id=662c150e-4167-531e-7123-a0e384434d5f @module=sdk.framework tf_resource_type=vault_pki_external_ca_secret_backend_acme_account tf_rpc=GetMetadata @caller=github.com/hashicorp/terraform-plugin-framework@v1.19.0/internal/fwserver/server.go:683 timestamp="2026-07-07T23:34:22.406+0800"
2026-07-07T23:34:22.408+0800 [TRACE] provider.terraform-provider-vault_v5.10.1_x5: Found resource type: @module=sdk.framework tf_provider_addr=registry.terraform.io/hashicorp/vault tf_req_id=662c150e-4167-531e-7123-a0e384434d5f @caller=github.com/hashicorp/terraform-plugin-framework@v1.19.0/internal/fwserver/server.go:683 tf_data_source_type=vault_auth_backends tf_mux_provider="*proto5server.Server" tf_resource_type=vault_pki_external_ca_secret_backend_role tf_rpc=GetMetadata timestamp="2026-07-07T23:34:22.406+0800"
2026-07-07T23:34:22.408+0800 [TRACE] provider.terraform-provider-vault_v5.10.1_x5: Found resource type: @module=sdk.framework tf_data_source_type=vault_auth_backends tf_mux_provider="*proto5server.Server" tf_req_id=662c150e-4167-531e-7123-a0e384434d5f tf_provider_addr=registry.terraform.io/hashicorp/vault tf_resource_type=vault_pki_external_ca_secret_backend_order tf_rpc=GetMetadata @caller=github.com/hashicorp/terraform-plugin-framework@v1.19.0/internal/fwserver/server.go:683 timestamp="2026-07-07T23:34:22.406+0800"
2026-07-07T23:34:22.408+0800 [TRACE] provider.terraform-provider-vault_v5.10.1_x5: Found resource type: tf_req_id=662c150e-4167-531e-7123-a0e384434d5f tf_resource_type=vault_pki_external_ca_secret_backend_order_challenge_fulfilled tf_rpc=GetMetadata tf_data_source_type=vault_auth_backends tf_provider_addr=registry.terraform.io/hashicorp/vault @caller=github.com/hashicorp/terraform-plugin-framework@v1.19.0/internal/fwserver/server.go:683 @module=sdk.framework tf_mux_provider="*proto5server.Server" timestamp="2026-07-07T23:34:22.406+0800"
2026-07-07T23:34:22.408+0800 [TRACE] provider.terraform-provider-vault_v5.10.1_x5: Found resource type: @caller=github.com/hashicorp/terraform-plugin-framework@v1.19.0/internal/fwserver/server.go:683 @module=sdk.framework tf_data_source_type=vault_auth_backends tf_provider_addr=registry.terraform.io/hashicorp/vault tf_resource_type=vault_pki_external_ca_secret_backend_order_certificate tf_mux_provider="*proto5server.Server" tf_req_id=662c150e-4167-531e-7123-a0e384434d5f tf_rpc=GetMetadata timestamp="2026-07-07T23:34:22.406+0800"
2026-07-07T23:34:22.408+0800 [TRACE] provider.terraform-provider-vault_v5.10.1_x5: Found resource type: @module=sdk.framework tf_req_id=d79b3f11-fd05-75dc-8109-81de238063bf tf_resource_type=vault_alicloud_secret_backend @caller=github.com/hashicorp/terraform-plugin-framework@v1.19.0/internal/fwserver/server.go:683 tf_data_source_type=vault_auth_backends tf_mux_provider="*proto5server.Server" tf_provider_addr=registry.terraform.io/hashicorp/vault tf_rpc=GetMetadata timestamp="2026-07-07T23:34:22.406+0800"
2026-07-07T23:34:22.408+0800 [TRACE] provider.terraform-provider-vault_v5.10.1_x5: Found resource type: @module=sdk.framework tf_data_source_type=vault_auth_backends tf_mux_provider="*proto5server.Server" tf_provider_addr=registry.terraform.io/hashicorp/vault tf_req_id=662c150e-4167-531e-7123-a0e384434d5f tf_rpc=GetMetadata @caller=github.com/hashicorp/terraform-plugin-framework@v1.19.0/internal/fwserver/server.go:683 tf_resource_type=vault_activation_flags timestamp="2026-07-07T23:34:22.406+0800"
2026-07-07T23:34:22.408+0800 [TRACE] provider.terraform-provider-vault_v5.10.1_x5: Found resource type: tf_req_id=d79b3f11-fd05-75dc-8109-81de238063bf tf_resource_type=vault_alicloud_secret_backend_role @caller=github.com/hashicorp/terraform-plugin-framework@v1.19.0/internal/fwserver/server.go:683 @module=sdk.framework tf_data_source_type=vault_auth_backends tf_provider_addr=registry.terraform.io/hashicorp/vault tf_rpc=GetMetadata tf_mux_provider="*proto5server.Server" timestamp="2026-07-07T23:34:22.406+0800"
2026-07-07T23:34:22.408+0800 [TRACE] provider.terraform-provider-vault_v5.10.1_x5: Found resource type: @caller=github.com/hashicorp/terraform-plugin-framework@v1.19.0/internal/fwserver/server.go:683 @module=sdk.framework tf_mux_provider="*proto5server.Server" tf_req_id=662c150e-4167-531e-7123-a0e384434d5f tf_resource_type=vault_keymgmt_key tf_data_source_type=vault_auth_backends tf_provider_addr=registry.terraform.io/hashicorp/vault tf_rpc=GetMetadata timestamp="2026-07-07T23:34:22.406+0800"
2026-07-07T23:34:22.408+0800 [TRACE] provider.terraform-provider-vault_v5.10.1_x5: Checking StateStoreFuncs lock: tf_provider_addr=registry.terraform.io/hashicorp/vault tf_rpc=GetMetadata @caller=github.com/hashicorp/terraform-plugin-framework@v1.19.0/internal/fwserver/server_statestore.go:38 @module=sdk.framework tf_data_source_type=vault_auth_backends tf_mux_provider="*proto5server.Server" tf_req_id=d79b3f11-fd05-75dc-8109-81de238063bf timestamp="2026-07-07T23:34:22.406+0800"
2026-07-07T23:34:22.408+0800 [TRACE] provider.terraform-provider-vault_v5.10.1_x5: Checking ProviderTypeName lock: @caller=github.com/hashicorp/terraform-plugin-framework@v1.19.0/internal/fwserver/server.go:476 tf_data_source_type=vault_auth_backends tf_rpc=GetMetadata @module=sdk.framework tf_mux_provider="*proto5server.Server" tf_provider_addr=registry.terraform.io/hashicorp/vault tf_req_id=d79b3f11-fd05-75dc-8109-81de238063bf timestamp="2026-07-07T23:34:22.406+0800"
2026-07-07T23:34:22.408+0800 [TRACE] provider.terraform-provider-vault_v5.10.1_x5: Found resource type: tf_req_id=662c150e-4167-531e-7123-a0e384434d5f tf_resource_type=vault_keymgmt_aws_kms tf_rpc=GetMetadata @caller=github.com/hashicorp/terraform-plugin-framework@v1.19.0/internal/fwserver/server.go:683 @module=sdk.framework tf_mux_provider="*proto5server.Server" tf_provider_addr=registry.terraform.io/hashicorp/vault tf_data_source_type=vault_auth_backends timestamp="2026-07-07T23:34:22.406+0800"
2026-07-07T23:34:22.408+0800 [TRACE] provider.terraform-provider-vault_v5.10.1_x5: calling downstream server: tf_rpc=ValidateDataSourceConfig @caller=github.com/hashicorp/terraform-plugin-mux@v0.23.1/internal/logging/mux.go:19 @module=sdk.mux tf_mux_provider="*schema.GRPCProviderServer" timestamp="2026-07-07T23:34:22.406+0800"
2026-07-07T23:34:22.408+0800 [TRACE] provider.terraform-provider-vault_v5.10.1_x5: Found resource type: @module=sdk.framework tf_provider_addr=registry.terraform.io/hashicorp/vault tf_req_id=662c150e-4167-531e-7123-a0e384434d5f tf_rpc=GetMetadata tf_data_source_type=vault_auth_backends tf_mux_provider="*proto5server.Server" tf_resource_type=vault_keymgmt_azure_kms @caller=github.com/hashicorp/terraform-plugin-framework@v1.19.0/internal/fwserver/server.go:683 timestamp="2026-07-07T23:34:22.406+0800"
2026-07-07T23:34:22.408+0800 [TRACE] provider.terraform-provider-vault_v5.10.1_x5: Calling downstream: @caller=github.com/hashicorp/terraform-plugin-sdk/v2@v2.40.1/helper/schema/grpc_provider.go:464 tf_data_source_type=vault_auth_backends tf_mux_provider="*schema.GRPCProviderServer" tf_req_id=d79b3f11-fd05-75dc-8109-81de238063bf @module=sdk.helper_schema tf_provider_addr=registry.terraform.io/hashicorp/vault tf_rpc=ValidateDataSourceConfig timestamp="2026-07-07T23:34:22.406+0800"
2026-07-07T23:34:22.408+0800 [TRACE] provider.terraform-provider-vault_v5.10.1_x5: Called downstream: tf_data_source_type=vault_auth_backends tf_mux_provider="*schema.GRPCProviderServer" tf_req_id=d79b3f11-fd05-75dc-8109-81de238063bf tf_rpc=ValidateDataSourceConfig @caller=github.com/hashicorp/terraform-plugin-sdk/v2@v2.40.1/helper/schema/grpc_provider.go:466 @module=sdk.helper_schema tf_provider_addr=registry.terraform.io/hashicorp/vault timestamp="2026-07-07T23:34:22.406+0800"
2026-07-07T23:34:22.408+0800 [TRACE] provider.terraform-provider-vault_v5.10.1_x5: Found resource type: tf_provider_addr=registry.terraform.io/hashicorp/vault tf_resource_type=vault_keymgmt_gcp_kms tf_rpc=GetMetadata @module=sdk.framework tf_data_source_type=vault_auth_backends tf_mux_provider="*proto5server.Server" tf_req_id=662c150e-4167-531e-7123-a0e384434d5f @caller=github.com/hashicorp/terraform-plugin-framework@v1.19.0/internal/fwserver/server.go:683 timestamp="2026-07-07T23:34:22.406+0800"
2026-07-07T23:34:22.408+0800 [TRACE] provider.terraform-provider-vault_v5.10.1_x5: Received downstream response: tf_data_source_type=vault_auth_backends tf_proto_version=5.11 tf_provider_addr=registry.terraform.io/hashicorp/vault diagnostic_error_count=0 tf_req_duration_ms=0 tf_req_id=d79b3f11-fd05-75dc-8109-81de238063bf tf_rpc=ValidateDataSourceConfig @caller=github.com/hashicorp/terraform-plugin-go@v0.31.0/tfprotov5/internal/tf5serverlogging/downstream_request.go:61 @module=sdk.proto diagnostic_warning_count=0 timestamp="2026-07-07T23:34:22.406+0800"
2026-07-07T23:34:22.408+0800 [TRACE] provider.terraform-provider-vault_v5.10.1_x5: Served request: tf_rpc=ValidateDataSourceConfig tf_provider_addr=registry.terraform.io/hashicorp/vault tf_req_id=d79b3f11-fd05-75dc-8109-81de238063bf @caller=github.com/hashicorp/terraform-plugin-go@v0.31.0/tfprotov5/tf5server/server.go:717 @module=sdk.proto tf_data_source_type=vault_auth_backends tf_proto_version=5.11 timestamp="2026-07-07T23:34:22.406+0800"
2026-07-07T23:34:22.408+0800 [TRACE] provider.terraform-provider-vault_v5.10.1_x5: Received request: @caller=github.com/hashicorp/terraform-plugin-go@v0.31.0/tfprotov5/tf5server/server.go:726 @module=sdk.proto tf_data_source_type=vault_auth_backends tf_proto_version=5.11 tf_req_id=fc2efb70-525e-b726-c080-a45e017c6efc tf_rpc=ReadDataSource tf_provider_addr=registry.terraform.io/hashicorp/vault timestamp="2026-07-07T23:34:22.407+0800"
2026-07-07T23:34:22.408+0800 [TRACE] provider.terraform-provider-vault_v5.10.1_x5: Announced client capabilities: @caller=github.com/hashicorp/terraform-plugin-go@v0.31.0/tfprotov5/internal/tf5serverlogging/client_capabilities.go:52 tf_client_capability_deferral_allowed=false tf_data_source_type=vault_auth_backends tf_provider_addr=registry.terraform.io/hashicorp/vault tf_req_id=fc2efb70-525e-b726-c080-a45e017c6efc @module=sdk.proto tf_proto_version=5.11 tf_rpc=ReadDataSource timestamp="2026-07-07T23:34:22.407+0800"
2026-07-07T23:34:22.408+0800 [TRACE] provider.terraform-provider-vault_v5.10.1_x5: Sending request downstream: tf_rpc=ReadDataSource @caller=github.com/hashicorp/terraform-plugin-go@v0.31.0/tfprotov5/internal/tf5serverlogging/downstream_request.go:22 tf_data_source_type=vault_auth_backends tf_proto_version=5.11 @module=sdk.proto tf_provider_addr=registry.terraform.io/hashicorp/vault tf_req_id=fc2efb70-525e-b726-c080-a45e017c6efc timestamp="2026-07-07T23:34:22.407+0800"
2026-07-07T23:34:22.408+0800 [TRACE] provider.terraform-provider-vault_v5.10.1_x5: calling downstream server: @module=sdk.mux tf_mux_provider="*schema.GRPCProviderServer" tf_rpc=ReadDataSource @caller=github.com/hashicorp/terraform-plugin-mux@v0.23.1/internal/logging/mux.go:19 timestamp="2026-07-07T23:34:22.407+0800"
2026-07-07T23:34:22.408+0800 [TRACE] provider.terraform-provider-vault_v5.10.1_x5: Calling downstream: @caller=github.com/hashicorp/terraform-plugin-sdk/v2@v2.40.1/helper/schema/resource.go:1087 @module=sdk.helper_schema tf_mux_provider="*schema.GRPCProviderServer" tf_provider_addr=registry.terraform.io/hashicorp/vault tf_req_id=fc2efb70-525e-b726-c080-a45e017c6efc tf_rpc=ReadDataSource tf_data_source_type=vault_auth_backends timestamp="2026-07-07T23:34:22.407+0800"
2026-07-07T23:34:22.408+0800 [DEBUG] provider.terraform-provider-vault_v5.10.1_x5: [DEBUG] [336677cc-1b18-465c-84c9-f91a426e303d] Vault API Request Details:
2026-07-07T23:34:22.408+0800 [DEBUG] provider.terraform-provider-vault_v5.10.1_x5: ---[ REQUEST ]---------------------------------------
2026-07-07T23:34:22.408+0800 [DEBUG] provider.terraform-provider-vault_v5.10.1_x5: GET /v1/auth/token/lookup-self HTTP/1.1
2026-07-07T23:34:22.408+0800 [DEBUG] provider.terraform-provider-vault_v5.10.1_x5: Host: 127.0.0.1:8200
2026-07-07T23:34:22.408+0800 [DEBUG] provider.terraform-provider-vault_v5.10.1_x5: User-Agent: Go-http-client/1.1
2026-07-07T23:34:22.408+0800 [DEBUG] provider.terraform-provider-vault_v5.10.1_x5: X-Vault-Request: true
2026-07-07T23:34:22.408+0800 [DEBUG] provider.terraform-provider-vault_v5.10.1_x5: X-Vault-Token: hmac-sha256:48b6965f1330ea738e926ad348341329688e93d9bd38edd60780ccfd5b3f4cd0
2026-07-07T23:34:22.408+0800 [DEBUG] provider.terraform-provider-vault_v5.10.1_x5: Accept-Encoding: gzip
2026-07-07T23:34:22.408+0800 [DEBUG] provider.terraform-provider-vault_v5.10.1_x5
2026-07-07T23:34:22.408+0800 [DEBUG] provider.terraform-provider-vault_v5.10.1_x5
2026-07-07T23:34:22.408+0800 [DEBUG] provider.terraform-provider-vault_v5.10.1_x5: -----------------------------------------------------
2026-07-07T23:34:22.408+0800 [TRACE] provider.terraform-provider-vault_v5.10.1_x5: Found resource type: tf_resource_type=vault_keymgmt_key_rotate @caller=github.com/hashicorp/terraform-plugin-framework@v1.19.0/internal/fwserver/server.go:683 @module=sdk.framework tf_mux_provider="*proto5server.Server" tf_req_id=662c150e-4167-531e-7123-a0e384434d5f tf_rpc=GetMetadata tf_data_source_type=vault_auth_backends tf_provider_addr=registry.terraform.io/hashicorp/vault timestamp="2026-07-07T23:34:22.406+0800"
2026-07-07T23:34:22.408+0800 [TRACE] provider.terraform-provider-vault_v5.10.1_x5: Found resource type: tf_resource_type=vault_keymgmt_distribute_key tf_rpc=GetMetadata @module=sdk.framework @caller=github.com/hashicorp/terraform-plugin-framework@v1.19.0/internal/fwserver/server.go:683 tf_data_source_type=vault_auth_backends tf_mux_provider="*proto5server.Server" tf_provider_addr=registry.terraform.io/hashicorp/vault tf_req_id=662c150e-4167-531e-7123-a0e384434d5f timestamp="2026-07-07T23:34:22.406+0800"
2026-07-07T23:34:22.409+0800 [TRACE] provider.terraform-provider-vault_v5.10.1_x5: Found resource type: tf_mux_provider="*proto5server.Server" tf_provider_addr=registry.terraform.io/hashicorp/vault tf_req_id=662c150e-4167-531e-7123-a0e384434d5f tf_resource_type=vault_keymgmt_replicate_key tf_data_source_type=vault_auth_backends tf_rpc=GetMetadata @caller=github.com/hashicorp/terraform-plugin-framework@v1.19.0/internal/fwserver/server.go:683 @module=sdk.framework timestamp="2026-07-07T23:34:22.406+0800"
2026-07-07T23:34:22.409+0800 [TRACE] provider.terraform-provider-vault_v5.10.1_x5: Found resource type: tf_data_source_type=vault_auth_backends tf_mux_provider="*proto5server.Server" tf_req_id=662c150e-4167-531e-7123-a0e384434d5f tf_resource_type=vault_alicloud_secret_backend @caller=github.com/hashicorp/terraform-plugin-framework@v1.19.0/internal/fwserver/server.go:683 @module=sdk.framework tf_provider_addr=registry.terraform.io/hashicorp/vault tf_rpc=GetMetadata timestamp="2026-07-07T23:34:22.406+0800"
2026-07-07T23:34:22.409+0800 [TRACE] provider.terraform-provider-vault_v5.10.1_x5: Found resource type: @caller=github.com/hashicorp/terraform-plugin-framework@v1.19.0/internal/fwserver/server.go:683 tf_provider_addr=registry.terraform.io/hashicorp/vault tf_req_id=662c150e-4167-531e-7123-a0e384434d5f @module=sdk.framework tf_data_source_type=vault_auth_backends tf_mux_provider="*proto5server.Server" tf_resource_type=vault_alicloud_secret_backend_role tf_rpc=GetMetadata timestamp="2026-07-07T23:34:22.406+0800"
2026-07-07T23:34:22.409+0800 [TRACE] provider.terraform-provider-vault_v5.10.1_x5: Checking StateStoreFuncs lock: tf_provider_addr=registry.terraform.io/hashicorp/vault tf_rpc=GetMetadata @caller=github.com/hashicorp/terraform-plugin-framework@v1.19.0/internal/fwserver/server_statestore.go:38 @module=sdk.framework tf_data_source_type=vault_auth_backends tf_mux_provider="*proto5server.Server" tf_req_id=662c150e-4167-531e-7123-a0e384434d5f timestamp="2026-07-07T23:34:22.406+0800"
2026-07-07T23:34:22.409+0800 [TRACE] provider.terraform-provider-vault_v5.10.1_x5: Checking ProviderTypeName lock: tf_data_source_type=vault_auth_backends tf_mux_provider="*proto5server.Server" tf_provider_addr=registry.terraform.io/hashicorp/vault tf_req_id=662c150e-4167-531e-7123-a0e384434d5f @caller=github.com/hashicorp/terraform-plugin-framework@v1.19.0/internal/fwserver/server.go:476 @module=sdk.framework tf_rpc=GetMetadata timestamp="2026-07-07T23:34:22.406+0800"
2026-07-07T23:34:22.409+0800 [TRACE] provider.terraform-provider-vault_v5.10.1_x5: calling downstream server: @module=sdk.mux tf_mux_provider="*schema.GRPCProviderServer" tf_rpc=ValidateDataSourceConfig @caller=github.com/hashicorp/terraform-plugin-mux@v0.23.1/internal/logging/mux.go:19 timestamp="2026-07-07T23:34:22.406+0800"
2026-07-07T23:34:22.409+0800 [TRACE] provider.terraform-provider-vault_v5.10.1_x5: Calling downstream: @caller=github.com/hashicorp/terraform-plugin-sdk/v2@v2.40.1/helper/schema/grpc_provider.go:464 @module=sdk.helper_schema tf_data_source_type=vault_auth_backends tf_mux_provider="*schema.GRPCProviderServer" tf_provider_addr=registry.terraform.io/hashicorp/vault tf_req_id=662c150e-4167-531e-7123-a0e384434d5f tf_rpc=ValidateDataSourceConfig timestamp="2026-07-07T23:34:22.406+0800"
2026-07-07T23:34:22.409+0800 [TRACE] provider.terraform-provider-vault_v5.10.1_x5: Called downstream: @caller=github.com/hashicorp/terraform-plugin-sdk/v2@v2.40.1/helper/schema/grpc_provider.go:466 tf_mux_provider="*schema.GRPCProviderServer" tf_provider_addr=registry.terraform.io/hashicorp/vault tf_req_id=662c150e-4167-531e-7123-a0e384434d5f tf_rpc=ValidateDataSourceConfig @module=sdk.helper_schema tf_data_source_type=vault_auth_backends timestamp="2026-07-07T23:34:22.406+0800"
2026-07-07T23:34:22.409+0800 [TRACE] provider.terraform-provider-vault_v5.10.1_x5: Received downstream response: @caller=github.com/hashicorp/terraform-plugin-go@v0.31.0/tfprotov5/internal/tf5serverlogging/downstream_request.go:61 diagnostic_warning_count=0 tf_proto_version=5.11 tf_provider_addr=registry.terraform.io/hashicorp/vault tf_req_id=662c150e-4167-531e-7123-a0e384434d5f @module=sdk.proto diagnostic_error_count=0 tf_data_source_type=vault_auth_backends tf_req_duration_ms=0 tf_rpc=ValidateDataSourceConfig timestamp="2026-07-07T23:34:22.406+0800"
2026-07-07T23:34:22.409+0800 [TRACE] provider.terraform-provider-vault_v5.10.1_x5: Served request: tf_data_source_type=vault_auth_backends tf_proto_version=5.11 @caller=github.com/hashicorp/terraform-plugin-go@v0.31.0/tfprotov5/tf5server/server.go:717 @module=sdk.proto tf_provider_addr=registry.terraform.io/hashicorp/vault tf_req_id=662c150e-4167-531e-7123-a0e384434d5f tf_rpc=ValidateDataSourceConfig timestamp="2026-07-07T23:34:22.406+0800"
2026-07-07T23:34:22.409+0800 [TRACE] provider.terraform-provider-vault_v5.10.1_x5: Received request: tf_data_source_type=vault_auth_backends tf_proto_version=5.11 tf_provider_addr=registry.terraform.io/hashicorp/vault tf_rpc=ReadDataSource @caller=github.com/hashicorp/terraform-plugin-go@v0.31.0/tfprotov5/tf5server/server.go:726 @module=sdk.proto tf_req_id=5d9411fe-6d8a-1423-8407-14658fda8e54 timestamp="2026-07-07T23:34:22.407+0800"
2026-07-07T23:34:22.409+0800 [TRACE] provider.terraform-provider-vault_v5.10.1_x5: Announced client capabilities: tf_client_capability_deferral_allowed=false tf_data_source_type=vault_auth_backends tf_provider_addr=registry.terraform.io/hashicorp/vault tf_rpc=ReadDataSource tf_proto_version=5.11 tf_req_id=5d9411fe-6d8a-1423-8407-14658fda8e54 @caller=github.com/hashicorp/terraform-plugin-go@v0.31.0/tfprotov5/internal/tf5serverlogging/client_capabilities.go:52 @module=sdk.proto timestamp="2026-07-07T23:34:22.407+0800"
2026-07-07T23:34:22.409+0800 [TRACE] provider.terraform-provider-vault_v5.10.1_x5: Sending request downstream: tf_data_source_type=vault_auth_backends tf_proto_version=5.11 @caller=github.com/hashicorp/terraform-plugin-go@v0.31.0/tfprotov5/internal/tf5serverlogging/downstream_request.go:22 tf_provider_addr=registry.terraform.io/hashicorp/vault tf_req_id=5d9411fe-6d8a-1423-8407-14658fda8e54 tf_rpc=ReadDataSource @module=sdk.proto timestamp="2026-07-07T23:34:22.407+0800"
2026-07-07T23:34:22.409+0800 [TRACE] provider.terraform-provider-vault_v5.10.1_x5: calling downstream server: @module=sdk.mux tf_mux_provider="*schema.GRPCProviderServer" tf_rpc=ReadDataSource @caller=github.com/hashicorp/terraform-plugin-mux@v0.23.1/internal/logging/mux.go:19 timestamp="2026-07-07T23:34:22.407+0800"
2026-07-07T23:34:22.409+0800 [TRACE] provider.terraform-provider-vault_v5.10.1_x5: Calling downstream: @caller=github.com/hashicorp/terraform-plugin-sdk/v2@v2.40.1/helper/schema/resource.go:1087 tf_data_source_type=vault_auth_backends tf_mux_provider="*schema.GRPCProviderServer" tf_provider_addr=registry.terraform.io/hashicorp/vault tf_req_id=5d9411fe-6d8a-1423-8407-14658fda8e54 @module=sdk.helper_schema tf_rpc=ReadDataSource timestamp="2026-07-07T23:34:22.407+0800"
2026-07-07T23:34:22.409+0800 [DEBUG] provider.terraform-provider-vault_v5.10.1_x5: [DEBUG] [ac945308-c239-405a-98d3-7a47e2bf7871] Vault API Request Details:
2026-07-07T23:34:22.409+0800 [DEBUG] provider.terraform-provider-vault_v5.10.1_x5: ---[ REQUEST ]---------------------------------------
2026-07-07T23:34:22.409+0800 [DEBUG] provider.terraform-provider-vault_v5.10.1_x5: GET /v1/auth/token/lookup-self HTTP/1.1
2026-07-07T23:34:22.409+0800 [DEBUG] provider.terraform-provider-vault_v5.10.1_x5: Host: 127.0.0.1:8202
2026-07-07T23:34:22.409+0800 [DEBUG] provider.terraform-provider-vault_v5.10.1_x5: User-Agent: Go-http-client/1.1
2026-07-07T23:34:22.409+0800 [DEBUG] provider.terraform-provider-vault_v5.10.1_x5: X-Vault-Request: true
2026-07-07T23:34:22.409+0800 [DEBUG] provider.terraform-provider-vault_v5.10.1_x5: X-Vault-Token: hmac-sha256:26c4ffa69169b77d958e7b4f54fb96f6bc46fa7678b8b834fd03647f34f33f5a
2026-07-07T23:34:22.409+0800 [DEBUG] provider.terraform-provider-vault_v5.10.1_x5: Accept-Encoding: gzip
2026-07-07T23:34:22.409+0800 [DEBUG] provider.terraform-provider-vault_v5.10.1_x5
2026-07-07T23:34:22.409+0800 [DEBUG] provider.terraform-provider-vault_v5.10.1_x5
2026-07-07T23:34:22.409+0800 [DEBUG] provider.terraform-provider-vault_v5.10.1_x5: -----------------------------------------------------
2026-07-07T23:34:22.410+0800 [DEBUG] provider.terraform-provider-vault_v5.10.1_x5: [DEBUG] [336677cc-1b18-465c-84c9-f91a426e303d] Vault API Response Details:
2026-07-07T23:34:22.410+0800 [DEBUG] provider.terraform-provider-vault_v5.10.1_x5: ---[ RESPONSE ]--------------------------------------
2026-07-07T23:34:22.410+0800 [DEBUG] provider.terraform-provider-vault_v5.10.1_x5: HTTP/1.1 200 OK
2026-07-07T23:34:22.410+0800 [DEBUG] provider.terraform-provider-vault_v5.10.1_x5: Content-Length: 484
2026-07-07T23:34:22.410+0800 [DEBUG] provider.terraform-provider-vault_v5.10.1_x5: Cache-Control: no-store
2026-07-07T23:34:22.410+0800 [DEBUG] provider.terraform-provider-vault_v5.10.1_x5: Content-Type: application/json
2026-07-07T23:34:22.410+0800 [DEBUG] provider.terraform-provider-vault_v5.10.1_x5: Date: Tue, 07 Jul 2026 15:34:22 GMT
2026-07-07T23:34:22.410+0800 [DEBUG] provider.terraform-provider-vault_v5.10.1_x5: Strict-Transport-Security: max-age=31536000; includeSubDomains
2026-07-07T23:34:22.410+0800 [DEBUG] provider.terraform-provider-vault_v5.10.1_x5
2026-07-07T23:34:22.410+0800 [DEBUG] provider.terraform-provider-vault_v5.10.1_x5
2026-07-07T23:34:22.410+0800 [DEBUG] provider.terraform-provider-vault_v5.10.1_x5: -----------------------------------------------------
2026-07-07T23:34:22.410+0800 [DEBUG] provider.terraform-provider-vault_v5.10.1_x5: [DEBUG] [3bf724db-0e81-4559-b801-72c076433b93] Vault API Request Details:
2026-07-07T23:34:22.410+0800 [DEBUG] provider.terraform-provider-vault_v5.10.1_x5: ---[ REQUEST ]---------------------------------------
2026-07-07T23:34:22.410+0800 [DEBUG] provider.terraform-provider-vault_v5.10.1_x5: POST /v1/auth/token/create HTTP/1.1
2026-07-07T23:34:22.410+0800 [DEBUG] provider.terraform-provider-vault_v5.10.1_x5: Host: 127.0.0.1:8200
2026-07-07T23:34:22.410+0800 [DEBUG] provider.terraform-provider-vault_v5.10.1_x5: User-Agent: Go-http-client/1.1
2026-07-07T23:34:22.410+0800 [DEBUG] provider.terraform-provider-vault_v5.10.1_x5: Content-Length: 128
2026-07-07T23:34:22.410+0800 [DEBUG] provider.terraform-provider-vault_v5.10.1_x5: X-Vault-Request: true
2026-07-07T23:34:22.410+0800 [DEBUG] provider.terraform-provider-vault_v5.10.1_x5: X-Vault-Token: hmac-sha256:8db8de6083c85ef201e627a394444b0619935e9b1108b4a1b9cac39546041d08
2026-07-07T23:34:22.410+0800 [DEBUG] provider.terraform-provider-vault_v5.10.1_x5: Accept-Encoding: gzip
2026-07-07T23:34:22.410+0800 [DEBUG] provider.terraform-provider-vault_v5.10.1_x5
2026-07-07T23:34:22.410+0800 [DEBUG] provider.terraform-provider-vault_v5.10.1_x5
2026-07-07T23:34:22.410+0800 [DEBUG] provider.terraform-provider-vault_v5.10.1_x5: -----------------------------------------------------
2026-07-07T23:34:22.411+0800 [DEBUG] provider.terraform-provider-vault_v5.10.1_x5: [DEBUG] [ac945308-c239-405a-98d3-7a47e2bf7871] Vault API Response Details:
2026-07-07T23:34:22.411+0800 [DEBUG] provider.terraform-provider-vault_v5.10.1_x5: ---[ RESPONSE ]--------------------------------------
2026-07-07T23:34:22.411+0800 [DEBUG] provider.terraform-provider-vault_v5.10.1_x5: HTTP/1.1 200 OK
2026-07-07T23:34:22.411+0800 [DEBUG] provider.terraform-provider-vault_v5.10.1_x5: Content-Length: 484
2026-07-07T23:34:22.411+0800 [DEBUG] provider.terraform-provider-vault_v5.10.1_x5: Cache-Control: no-store
2026-07-07T23:34:22.411+0800 [DEBUG] provider.terraform-provider-vault_v5.10.1_x5: Content-Type: application/json
2026-07-07T23:34:22.411+0800 [DEBUG] provider.terraform-provider-vault_v5.10.1_x5: Date: Tue, 07 Jul 2026 15:34:22 GMT
2026-07-07T23:34:22.411+0800 [DEBUG] provider.terraform-provider-vault_v5.10.1_x5: Strict-Transport-Security: max-age=31536000; includeSubDomains
2026-07-07T23:34:22.411+0800 [DEBUG] provider.terraform-provider-vault_v5.10.1_x5
2026-07-07T23:34:22.411+0800 [DEBUG] provider.terraform-provider-vault_v5.10.1_x5
2026-07-07T23:34:22.411+0800 [DEBUG] provider.terraform-provider-vault_v5.10.1_x5: -----------------------------------------------------
2026-07-07T23:34:22.411+0800 [DEBUG] provider.terraform-provider-vault_v5.10.1_x5: [DEBUG] [4b05b5ff-dce5-407b-ac49-ee72fce38309] Vault API Request Details:
2026-07-07T23:34:22.411+0800 [DEBUG] provider.terraform-provider-vault_v5.10.1_x5: ---[ REQUEST ]---------------------------------------
2026-07-07T23:34:22.411+0800 [DEBUG] provider.terraform-provider-vault_v5.10.1_x5: POST /v1/auth/token/create HTTP/1.1
2026-07-07T23:34:22.411+0800 [DEBUG] provider.terraform-provider-vault_v5.10.1_x5: Host: 127.0.0.1:8202
2026-07-07T23:34:22.411+0800 [DEBUG] provider.terraform-provider-vault_v5.10.1_x5: User-Agent: Go-http-client/1.1
2026-07-07T23:34:22.411+0800 [DEBUG] provider.terraform-provider-vault_v5.10.1_x5: Content-Length: 128
2026-07-07T23:34:22.411+0800 [DEBUG] provider.terraform-provider-vault_v5.10.1_x5: X-Vault-Request: true
2026-07-07T23:34:22.411+0800 [DEBUG] provider.terraform-provider-vault_v5.10.1_x5: X-Vault-Token: hmac-sha256:b3e6f00d07754605232ebd188f0544432ce4429b532f135edc8767b3a34d0107
2026-07-07T23:34:22.411+0800 [DEBUG] provider.terraform-provider-vault_v5.10.1_x5: Accept-Encoding: gzip
2026-07-07T23:34:22.411+0800 [DEBUG] provider.terraform-provider-vault_v5.10.1_x5
2026-07-07T23:34:22.411+0800 [DEBUG] provider.terraform-provider-vault_v5.10.1_x5
2026-07-07T23:34:22.411+0800 [DEBUG] provider.terraform-provider-vault_v5.10.1_x5: -----------------------------------------------------
2026-07-07T23:34:22.415+0800 [DEBUG] provider.terraform-provider-vault_v5.10.1_x5: [DEBUG] [3bf724db-0e81-4559-b801-72c076433b93] Vault API Response Details:
2026-07-07T23:34:22.415+0800 [DEBUG] provider.terraform-provider-vault_v5.10.1_x5: ---[ RESPONSE ]--------------------------------------
2026-07-07T23:34:22.415+0800 [DEBUG] provider.terraform-provider-vault_v5.10.1_x5: HTTP/1.1 200 OK
2026-07-07T23:34:22.415+0800 [DEBUG] provider.terraform-provider-vault_v5.10.1_x5: [DEBUG] [4b05b5ff-dce5-407b-ac49-ee72fce38309] Vault API Response Details:
2026-07-07T23:34:22.415+0800 [DEBUG] provider.terraform-provider-vault_v5.10.1_x5: ---[ RESPONSE ]--------------------------------------
2026-07-07T23:34:22.415+0800 [DEBUG] provider.terraform-provider-vault_v5.10.1_x5: HTTP/1.1 200 OK
2026-07-07T23:34:22.415+0800 [DEBUG] provider.terraform-provider-vault_v5.10.1_x5: Content-Length: 455
2026-07-07T23:34:22.415+0800 [DEBUG] provider.terraform-provider-vault_v5.10.1_x5: Cache-Control: no-store
2026-07-07T23:34:22.415+0800 [DEBUG] provider.terraform-provider-vault_v5.10.1_x5: Content-Type: application/json
2026-07-07T23:34:22.415+0800 [DEBUG] provider.terraform-provider-vault_v5.10.1_x5: Date: Tue, 07 Jul 2026 15:34:22 GMT
2026-07-07T23:34:22.415+0800 [DEBUG] provider.terraform-provider-vault_v5.10.1_x5: Strict-Transport-Security: max-age=31536000; includeSubDomains
2026-07-07T23:34:22.415+0800 [DEBUG] provider.terraform-provider-vault_v5.10.1_x5
2026-07-07T23:34:22.415+0800 [DEBUG] provider.terraform-provider-vault_v5.10.1_x5
2026-07-07T23:34:22.415+0800 [DEBUG] provider.terraform-provider-vault_v5.10.1_x5: -----------------------------------------------------
2026-07-07T23:34:22.415+0800 [INFO]  provider.terraform-provider-vault_v5.10.1_x5: [INFO] Using Vault token with the following policies: root
2026-07-07T23:34:22.415+0800 [DEBUG] provider.terraform-provider-vault_v5.10.1_x5: [DEBUG] [db75d0a9-5b05-432b-8bfc-e9e5e3f56d61] Vault API Request Details:
2026-07-07T23:34:22.415+0800 [DEBUG] provider.terraform-provider-vault_v5.10.1_x5: ---[ REQUEST ]---------------------------------------
2026-07-07T23:34:22.415+0800 [DEBUG] provider.terraform-provider-vault_v5.10.1_x5: GET /v1/sys/auth HTTP/1.1
2026-07-07T23:34:22.415+0800 [DEBUG] provider.terraform-provider-vault_v5.10.1_x5: Host: 127.0.0.1:8202
2026-07-07T23:34:22.415+0800 [DEBUG] provider.terraform-provider-vault_v5.10.1_x5: User-Agent: Go-http-client/1.1
2026-07-07T23:34:22.415+0800 [DEBUG] provider.terraform-provider-vault_v5.10.1_x5: X-Vault-Request: true
2026-07-07T23:34:22.415+0800 [DEBUG] provider.terraform-provider-vault_v5.10.1_x5: X-Vault-Token: hmac-sha256:39af0e67aa9d62561b3596a4aac8b414a4e2a3f294f994e8273944e84c5def29
2026-07-07T23:34:22.415+0800 [DEBUG] provider.terraform-provider-vault_v5.10.1_x5: Accept-Encoding: gzip
2026-07-07T23:34:22.415+0800 [DEBUG] provider.terraform-provider-vault_v5.10.1_x5
2026-07-07T23:34:22.415+0800 [DEBUG] provider.terraform-provider-vault_v5.10.1_x5
2026-07-07T23:34:22.415+0800 [DEBUG] provider.terraform-provider-vault_v5.10.1_x5: -----------------------------------------------------
2026-07-07T23:34:22.415+0800 [DEBUG] provider.terraform-provider-vault_v5.10.1_x5: Content-Length: 455
2026-07-07T23:34:22.415+0800 [DEBUG] provider.terraform-provider-vault_v5.10.1_x5: Cache-Control: no-store
2026-07-07T23:34:22.415+0800 [DEBUG] provider.terraform-provider-vault_v5.10.1_x5: Content-Type: application/json
2026-07-07T23:34:22.415+0800 [DEBUG] provider.terraform-provider-vault_v5.10.1_x5: Date: Tue, 07 Jul 2026 15:34:22 GMT
2026-07-07T23:34:22.415+0800 [DEBUG] provider.terraform-provider-vault_v5.10.1_x5: Strict-Transport-Security: max-age=31536000; includeSubDomains
2026-07-07T23:34:22.415+0800 [DEBUG] provider.terraform-provider-vault_v5.10.1_x5
2026-07-07T23:34:22.415+0800 [DEBUG] provider.terraform-provider-vault_v5.10.1_x5
2026-07-07T23:34:22.415+0800 [DEBUG] provider.terraform-provider-vault_v5.10.1_x5: -----------------------------------------------------
2026-07-07T23:34:22.415+0800 [INFO]  provider.terraform-provider-vault_v5.10.1_x5: [INFO] Using Vault token with the following policies: root
2026-07-07T23:34:22.415+0800 [DEBUG] provider.terraform-provider-vault_v5.10.1_x5: [DEBUG] [732b3586-2ffa-4856-8490-efbf88ab253b] Vault API Request Details:
2026-07-07T23:34:22.415+0800 [DEBUG] provider.terraform-provider-vault_v5.10.1_x5: ---[ REQUEST ]---------------------------------------
2026-07-07T23:34:22.415+0800 [DEBUG] provider.terraform-provider-vault_v5.10.1_x5: GET /v1/sys/auth HTTP/1.1
2026-07-07T23:34:22.415+0800 [DEBUG] provider.terraform-provider-vault_v5.10.1_x5: Host: 127.0.0.1:8200
2026-07-07T23:34:22.415+0800 [DEBUG] provider.terraform-provider-vault_v5.10.1_x5: User-Agent: Go-http-client/1.1
2026-07-07T23:34:22.415+0800 [DEBUG] provider.terraform-provider-vault_v5.10.1_x5: X-Vault-Request: true
2026-07-07T23:34:22.415+0800 [DEBUG] provider.terraform-provider-vault_v5.10.1_x5: X-Vault-Token: hmac-sha256:4688cd037b814cf6731f8a78295b16a0d4b7742d510c0da907e5fa27c3882db2
2026-07-07T23:34:22.415+0800 [DEBUG] provider.terraform-provider-vault_v5.10.1_x5: Accept-Encoding: gzip
2026-07-07T23:34:22.415+0800 [DEBUG] provider.terraform-provider-vault_v5.10.1_x5
2026-07-07T23:34:22.415+0800 [DEBUG] provider.terraform-provider-vault_v5.10.1_x5
2026-07-07T23:34:22.415+0800 [DEBUG] provider.terraform-provider-vault_v5.10.1_x5: -----------------------------------------------------
2026-07-07T23:34:22.416+0800 [DEBUG] provider.terraform-provider-vault_v5.10.1_x5: [DEBUG] [db75d0a9-5b05-432b-8bfc-e9e5e3f56d61] Vault API Response Details:
2026-07-07T23:34:22.416+0800 [DEBUG] provider.terraform-provider-vault_v5.10.1_x5: ---[ RESPONSE ]--------------------------------------
2026-07-07T23:34:22.416+0800 [DEBUG] provider.terraform-provider-vault_v5.10.1_x5: HTTP/1.1 200 OK
2026-07-07T23:34:22.416+0800 [DEBUG] provider.terraform-provider-vault_v5.10.1_x5: Content-Length: 1015
2026-07-07T23:34:22.416+0800 [DEBUG] provider.terraform-provider-vault_v5.10.1_x5: Cache-Control: no-store
2026-07-07T23:34:22.416+0800 [DEBUG] provider.terraform-provider-vault_v5.10.1_x5: Content-Type: application/json
2026-07-07T23:34:22.416+0800 [DEBUG] provider.terraform-provider-vault_v5.10.1_x5: Date: Tue, 07 Jul 2026 15:34:22 GMT
2026-07-07T23:34:22.416+0800 [DEBUG] provider.terraform-provider-vault_v5.10.1_x5: Strict-Transport-Security: max-age=31536000; includeSubDomains
2026-07-07T23:34:22.416+0800 [DEBUG] provider.terraform-provider-vault_v5.10.1_x5
2026-07-07T23:34:22.416+0800 [DEBUG] provider.terraform-provider-vault_v5.10.1_x5
2026-07-07T23:34:22.416+0800 [DEBUG] provider.terraform-provider-vault_v5.10.1_x5: -----------------------------------------------------
2026-07-07T23:34:22.416+0800 [DEBUG] provider.terraform-provider-vault_v5.10.1_x5: [DEBUG] [732b3586-2ffa-4856-8490-efbf88ab253b] Vault API Response Details:
2026-07-07T23:34:22.416+0800 [DEBUG] provider.terraform-provider-vault_v5.10.1_x5: ---[ RESPONSE ]--------------------------------------
2026-07-07T23:34:22.416+0800 [DEBUG] provider.terraform-provider-vault_v5.10.1_x5: HTTP/1.1 200 OK
2026-07-07T23:34:22.416+0800 [DEBUG] provider.terraform-provider-vault_v5.10.1_x5: Content-Length: 1015
2026-07-07T23:34:22.416+0800 [DEBUG] provider.terraform-provider-vault_v5.10.1_x5: Cache-Control: no-store
2026-07-07T23:34:22.416+0800 [DEBUG] provider.terraform-provider-vault_v5.10.1_x5: Content-Type: application/json
2026-07-07T23:34:22.416+0800 [DEBUG] provider.terraform-provider-vault_v5.10.1_x5: Date: Tue, 07 Jul 2026 15:34:22 GMT
2026-07-07T23:34:22.416+0800 [DEBUG] provider.terraform-provider-vault_v5.10.1_x5: Strict-Transport-Security: max-age=31536000; includeSubDomains
2026-07-07T23:34:22.416+0800 [DEBUG] provider.terraform-provider-vault_v5.10.1_x5
2026-07-07T23:34:22.416+0800 [DEBUG] provider.terraform-provider-vault_v5.10.1_x5
2026-07-07T23:34:22.416+0800 [DEBUG] provider.terraform-provider-vault_v5.10.1_x5: -----------------------------------------------------
2026-07-07T23:34:22.417+0800 [TRACE] provider.terraform-provider-vault_v5.10.1_x5: Called downstream: tf_provider_addr=registry.terraform.io/hashicorp/vault tf_req_id=5d9411fe-6d8a-1423-8407-14658fda8e54 tf_rpc=ReadDataSource @caller=github.com/hashicorp/terraform-plugin-sdk/v2@v2.40.1/helper/schema/resource.go:1089 @module=sdk.helper_schema tf_data_source_type=vault_auth_backends tf_mux_provider="*schema.GRPCProviderServer" timestamp="2026-07-07T23:34:22.416+0800"
2026-07-07T23:34:22.417+0800 [TRACE] provider.terraform-provider-vault_v5.10.1_x5: Received downstream response: @caller=github.com/hashicorp/terraform-plugin-go@v0.31.0/tfprotov5/internal/tf5serverlogging/downstream_request.go:61 diagnostic_error_count=0 diagnostic_warning_count=0 tf_data_source_type=vault_auth_backends tf_provider_addr=registry.terraform.io/hashicorp/vault tf_req_id=5d9411fe-6d8a-1423-8407-14658fda8e54 @module=sdk.proto tf_proto_version=5.11 tf_req_duration_ms=9 tf_rpc=ReadDataSource timestamp="2026-07-07T23:34:22.417+0800"
2026-07-07T23:34:22.417+0800 [TRACE] provider.terraform-provider-vault_v5.10.1_x5: Served request: @caller=github.com/hashicorp/terraform-plugin-go@v0.31.0/tfprotov5/tf5server/server.go:753 tf_data_source_type=vault_auth_backends tf_req_id=5d9411fe-6d8a-1423-8407-14658fda8e54 tf_rpc=ReadDataSource @module=sdk.proto tf_proto_version=5.11 tf_provider_addr=registry.terraform.io/hashicorp/vault timestamp="2026-07-07T23:34:22.417+0800"
2026-07-07T23:34:22.417+0800 [TRACE] provider.terraform-provider-vault_v5.10.1_x5: Called downstream: tf_mux_provider="*schema.GRPCProviderServer" tf_rpc=ReadDataSource @caller=github.com/hashicorp/terraform-plugin-sdk/v2@v2.40.1/helper/schema/resource.go:1089 @module=sdk.helper_schema tf_data_source_type=vault_auth_backends tf_provider_addr=registry.terraform.io/hashicorp/vault tf_req_id=fc2efb70-525e-b726-c080-a45e017c6efc timestamp="2026-07-07T23:34:22.416+0800"
2026-07-07T23:34:22.417+0800 [TRACE] provider.terraform-provider-vault_v5.10.1_x5: Received downstream response: tf_req_id=fc2efb70-525e-b726-c080-a45e017c6efc tf_rpc=ReadDataSource @caller=github.com/hashicorp/terraform-plugin-go@v0.31.0/tfprotov5/internal/tf5serverlogging/downstream_request.go:61 @module=sdk.proto diagnostic_warning_count=0 tf_data_source_type=vault_auth_backends tf_proto_version=5.11 tf_provider_addr=registry.terraform.io/hashicorp/vault diagnostic_error_count=0 tf_req_duration_ms=9 timestamp="2026-07-07T23:34:22.417+0800"
2026-07-07T23:34:22.417+0800 [TRACE] provider.terraform-provider-vault_v5.10.1_x5: Served request: tf_provider_addr=registry.terraform.io/hashicorp/vault tf_data_source_type=vault_auth_backends tf_req_id=fc2efb70-525e-b726-c080-a45e017c6efc tf_rpc=ReadDataSource @caller=github.com/hashicorp/terraform-plugin-go@v0.31.0/tfprotov5/tf5server/server.go:753 @module=sdk.proto tf_proto_version=5.11 timestamp="2026-07-07T23:34:22.417+0800"
2026-07-07T23:34:22.417+0800 [TRACE] terraform.contextPlugins: Schema for provider "registry.terraform.io/hashicorp/vault" is in the global cache
2026-07-07T23:34:22.417+0800 [TRACE] NodeAbstractResourceInstance.writeResourceInstanceState to refreshState for data.vault_auth_backends.vault-dev-server1
2026-07-07T23:34:22.417+0800 [TRACE] NodeAbstractResourceInstance.writeResourceInstanceState: writing state object for data.vault_auth_backends.vault-dev-server1
2026-07-07T23:34:22.417+0800 [TRACE] terraform.contextPlugins: Schema for provider "registry.terraform.io/hashicorp/vault" is in the global cache
2026-07-07T23:34:22.417+0800 [TRACE] NodeAbstractResourceInstance.writeResourceInstanceState to workingState for data.vault_auth_backends.vault-dev-server1
2026-07-07T23:34:22.417+0800 [TRACE] NodeAbstractResourceInstance.writeResourceInstanceState: writing state object for data.vault_auth_backends.vault-dev-server1
2026-07-07T23:34:22.417+0800 [TRACE] vertex "data.vault_auth_backends.vault-dev-server1": visit complete
2026-07-07T23:34:22.417+0800 [TRACE] vertex "root": starting visit (terraform.graphNodeRoot)
2026-07-07T23:34:22.417+0800 [TRACE] vertex "root": does not belong to any module instance
2026-07-07T23:34:22.417+0800 [TRACE] vertex "root": visit complete
2026-07-07T23:34:22.417+0800 [TRACE] vertex "data.vault_auth_backends.vault-dev-server1 (expand)": dynamic subgraph completed successfully
2026-07-07T23:34:22.417+0800 [TRACE] vertex "data.vault_auth_backends.vault-dev-server1 (expand)": visit complete
2026-07-07T23:34:22.417+0800 [TRACE] terraform.contextPlugins: Schema for provider "registry.terraform.io/hashicorp/vault" is in the global cache
2026-07-07T23:34:22.417+0800 [TRACE] vertex "provider[\"registry.terraform.io/hashicorp/vault\"].vrd1 (close)": starting visit (*terraform.graphNodeCloseProvider)
2026-07-07T23:34:22.417+0800 [TRACE] NodeAbstractResourceInstance.writeResourceInstanceState to refreshState for data.vault_auth_backends.vault-dev-server2
2026-07-07T23:34:22.417+0800 [TRACE] vertex "provider[\"registry.terraform.io/hashicorp/vault\"].vrd1 (close)": does not belong to any module instance
2026-07-07T23:34:22.417+0800 [TRACE] vertex "output.vault-server1-auth_list (expand)": starting visit (*terraform.nodeExpandOutput)
2026-07-07T23:34:22.417+0800 [TRACE] vertex "output.vault-server1-auth_list (expand)": does not belong to any module instance
2026-07-07T23:34:22.417+0800 [TRACE] vertex "output.vault-server1-auth_list (expand)": expanding dynamic subgraph
2026-07-07T23:34:22.417+0800 [TRACE] Expanding output: adding output.vault-server1-auth_list as *terraform.NodeApplyableOutput
2026-07-07T23:34:22.417+0800 [TRACE] vertex "output.vault-server1-auth_list (expand)": entering dynamic subgraph
2026-07-07T23:34:22.417+0800 [TRACE] GRPCProvider: Close
2026-07-07T23:34:22.417+0800 [TRACE] NodeAbstractResourceInstance.writeResourceInstanceState: writing state object for data.vault_auth_backends.vault-dev-server2
2026-07-07T23:34:22.417+0800 [TRACE] vertex "output.vault-server1-auth_list": starting visit (*terraform.NodeApplyableOutput)
2026-07-07T23:34:22.417+0800 [TRACE] vertex "output.vault-server1-auth_list": belongs to
2026-07-07T23:34:22.417+0800 [TRACE] terraform.contextPlugins: Schema for provider "registry.terraform.io/hashicorp/vault" is in the global cache
2026-07-07T23:34:22.418+0800 [TRACE] terraform.contextPlugins: Schema for provider "registry.terraform.io/hashicorp/vault" is in the global cache
2026-07-07T23:34:22.418+0800 [TRACE] terraform.contextPlugins: Schema for provider "registry.terraform.io/hashicorp/vault" is in the global cache
2026-07-07T23:34:22.418+0800 [TRACE] terraform.contextPlugins: Schema for provider "registry.terraform.io/hashicorp/vault" is in the global cache
2026-07-07T23:34:22.418+0800 [TRACE] terraform.contextPlugins: Schema for provider "registry.terraform.io/hashicorp/vault" is in the global cache
2026-07-07T23:34:22.418+0800 [TRACE] terraform.contextPlugins: Schema for provider "registry.terraform.io/hashicorp/vault" is in the global cache
2026-07-07T23:34:22.418+0800 [TRACE] setValue: Saving Create change for output.vault-server1-auth_list in changeset
2026-07-07T23:34:22.418+0800 [TRACE] setValue: Saving value for output.vault-server1-auth_list in state
2026-07-07T23:34:22.418+0800 [TRACE] setValue: Saving value for output.vault-server1-auth_list in state
2026-07-07T23:34:22.418+0800 [TRACE] vertex "output.vault-server1-auth_list": visit complete
2026-07-07T23:34:22.418+0800 [TRACE] vertex "root": starting visit (terraform.graphNodeRoot)
2026-07-07T23:34:22.418+0800 [TRACE] vertex "root": does not belong to any module instance
2026-07-07T23:34:22.418+0800 [TRACE] vertex "root": visit complete
2026-07-07T23:34:22.418+0800 [TRACE] vertex "output.vault-server1-auth_list (expand)": dynamic subgraph completed successfully
2026-07-07T23:34:22.418+0800 [TRACE] vertex "output.vault-server1-auth_list (expand)": visit complete
2026-07-07T23:34:22.418+0800 [DEBUG] provider.stdio: received EOF, stopping recv loop: err="rpc error: code = Unavailable desc = error reading from server: EOF"
2026-07-07T23:34:22.418+0800 [INFO]  provider: plugin process exited: plugin=.terraform/providers/registry.terraform.io/hashicorp/vault/5.10.1/linux_amd64/terraform-provider-vault_v5.10.1_x5 id=48697
2026-07-07T23:34:22.418+0800 [DEBUG] provider: plugin exited
2026-07-07T23:34:22.418+0800 [TRACE] vertex "provider[\"registry.terraform.io/hashicorp/vault\"].vrd1 (close)": visit complete
2026-07-07T23:34:22.418+0800 [TRACE] terraform.contextPlugins: Schema for provider "registry.terraform.io/hashicorp/vault" is in the global cache
2026-07-07T23:34:22.418+0800 [TRACE] NodeAbstractResourceInstance.writeResourceInstanceState to workingState for data.vault_auth_backends.vault-dev-server2
2026-07-07T23:34:22.418+0800 [TRACE] NodeAbstractResourceInstance.writeResourceInstanceState: writing state object for data.vault_auth_backends.vault-dev-server2
2026-07-07T23:34:22.418+0800 [TRACE] vertex "data.vault_auth_backends.vault-dev-server2": visit complete
2026-07-07T23:34:22.418+0800 [TRACE] vertex "root": starting visit (terraform.graphNodeRoot)
2026-07-07T23:34:22.418+0800 [TRACE] vertex "root": does not belong to any module instance
2026-07-07T23:34:22.418+0800 [TRACE] vertex "root": visit complete
2026-07-07T23:34:22.418+0800 [TRACE] vertex "data.vault_auth_backends.vault-dev-server2 (expand)": dynamic subgraph completed successfully
2026-07-07T23:34:22.418+0800 [TRACE] vertex "data.vault_auth_backends.vault-dev-server2 (expand)": visit complete
2026-07-07T23:34:22.418+0800 [TRACE] vertex "output.vault-server2-auth_list (expand)": starting visit (*terraform.nodeExpandOutput)
2026-07-07T23:34:22.419+0800 [TRACE] vertex "output.vault-server2-auth_list (expand)": does not belong to any module instance
2026-07-07T23:34:22.419+0800 [TRACE] vertex "output.vault-server2-auth_list (expand)": expanding dynamic subgraph
2026-07-07T23:34:22.419+0800 [TRACE] Expanding output: adding output.vault-server2-auth_list as *terraform.NodeApplyableOutput
2026-07-07T23:34:22.419+0800 [TRACE] vertex "output.vault-server2-auth_list (expand)": entering dynamic subgraph
2026-07-07T23:34:22.419+0800 [TRACE] vertex "output.vault-server2-auth_list": starting visit (*terraform.NodeApplyableOutput)
2026-07-07T23:34:22.419+0800 [TRACE] vertex "output.vault-server2-auth_list": belongs to
2026-07-07T23:34:22.419+0800 [TRACE] vertex "provider[\"registry.terraform.io/hashicorp/vault\"].vrd2 (close)": starting visit (*terraform.graphNodeCloseProvider)
2026-07-07T23:34:22.419+0800 [TRACE] terraform.contextPlugins: Schema for provider "registry.terraform.io/hashicorp/vault" is in the global cache
2026-07-07T23:34:22.419+0800 [TRACE] vertex "provider[\"registry.terraform.io/hashicorp/vault\"].vrd2 (close)": does not belong to any module instance
2026-07-07T23:34:22.419+0800 [TRACE] GRPCProvider: Close
2026-07-07T23:34:22.419+0800 [TRACE] terraform.contextPlugins: Schema for provider "registry.terraform.io/hashicorp/vault" is in the global cache
2026-07-07T23:34:22.419+0800 [TRACE] terraform.contextPlugins: Schema for provider "registry.terraform.io/hashicorp/vault" is in the global cache
2026-07-07T23:34:22.419+0800 [TRACE] terraform.contextPlugins: Schema for provider "registry.terraform.io/hashicorp/vault" is in the global cache
2026-07-07T23:34:22.419+0800 [TRACE] terraform.contextPlugins: Schema for provider "registry.terraform.io/hashicorp/vault" is in the global cache
2026-07-07T23:34:22.419+0800 [TRACE] terraform.contextPlugins: Schema for provider "registry.terraform.io/hashicorp/vault" is in the global cache
2026-07-07T23:34:22.419+0800 [TRACE] setValue: Saving Create change for output.vault-server2-auth_list in changeset
2026-07-07T23:34:22.419+0800 [TRACE] setValue: Saving value for output.vault-server2-auth_list in state
2026-07-07T23:34:22.419+0800 [TRACE] setValue: Saving value for output.vault-server2-auth_list in state
2026-07-07T23:34:22.419+0800 [TRACE] vertex "output.vault-server2-auth_list": visit complete
2026-07-07T23:34:22.419+0800 [TRACE] vertex "root": starting visit (terraform.graphNodeRoot)
2026-07-07T23:34:22.419+0800 [TRACE] vertex "root": does not belong to any module instance
2026-07-07T23:34:22.419+0800 [TRACE] vertex "root": visit complete
2026-07-07T23:34:22.419+0800 [TRACE] vertex "output.vault-server2-auth_list (expand)": dynamic subgraph completed successfully
2026-07-07T23:34:22.419+0800 [TRACE] vertex "output.vault-server2-auth_list (expand)": visit complete
2026-07-07T23:34:22.419+0800 [DEBUG] provider.stdio: received EOF, stopping recv loop: err="rpc error: code = Unavailable desc = error reading from server: EOF"
2026-07-07T23:34:22.421+0800 [INFO]  provider: plugin process exited: plugin=.terraform/providers/registry.terraform.io/hashicorp/vault/5.10.1/linux_amd64/terraform-provider-vault_v5.10.1_x5 id=48684
2026-07-07T23:34:22.421+0800 [DEBUG] provider: plugin exited
2026-07-07T23:34:22.421+0800 [TRACE] vertex "provider[\"registry.terraform.io/hashicorp/vault\"].vrd2 (close)": visit complete
2026-07-07T23:34:22.421+0800 [TRACE] vertex "root": starting visit (*terraform.nodeCloseModule)
2026-07-07T23:34:22.421+0800 [TRACE] vertex "root": does not belong to any module instance
2026-07-07T23:34:22.421+0800 [TRACE] vertex "root": visit complete
2026-07-07T23:34:22.421+0800 [TRACE] LoadSchemas: retrieving schema for provider type "registry.terraform.io/hashicorp/vault"
2026-07-07T23:34:22.421+0800 [TRACE] terraform.contextPlugins: Schema for provider "registry.terraform.io/hashicorp/vault" is in the global cache
2026-07-07T23:34:22.421+0800 [TRACE] LoadSchemas: retrieving schema for provider type "registry.terraform.io/hashicorp/vault"
2026-07-07T23:34:22.421+0800 [TRACE] terraform.contextPlugins: Schema for provider "registry.terraform.io/hashicorp/vault" is in the global cache
2026-07-07T23:34:22.421+0800 [TRACE] Plan is complete
2026-07-07T23:34:22.421+0800 [TRACE] Plan is applyable
2026-07-07T23:34:22.421+0800 [TRACE] terraform.contextPlugins: Schema for provider "registry.terraform.io/hashicorp/vault" is in the global cache
2026-07-07T23:34:22.421+0800 [TRACE] LoadSchemas: retrieving schema for provider type "registry.terraform.io/hashicorp/vault"
2026-07-07T23:34:22.421+0800 [TRACE] terraform.contextPlugins: Schema for provider "registry.terraform.io/hashicorp/vault" is in the global cache
2026-07-07T23:34:22.421+0800 [DEBUG] building apply graph to check for errors
2026-07-07T23:34:22.421+0800 [TRACE] Executing graph transform *terraform.ConfigTransformer
2026-07-07T23:34:22.421+0800 [TRACE] ConfigTransformer: Starting for path:
2026-07-07T23:34:22.421+0800 [TRACE] Executing graph transform *terraform.RootVariableTransformer
2026-07-07T23:34:22.421+0800 [TRACE] Executing graph transform *terraform.ModuleVariableTransformer
2026-07-07T23:34:22.421+0800 [TRACE] Executing graph transform *terraform.variableValidationTransformer
2026-07-07T23:34:22.421+0800 [TRACE] variableValidationTransformer: adding validation nodes for any existing variable evaluation nodes
2026-07-07T23:34:22.421+0800 [TRACE] Executing graph transform *terraform.LocalTransformer
2026-07-07T23:34:22.421+0800 [TRACE] Executing graph transform *terraform.OutputTransformer
2026-07-07T23:34:22.421+0800 [TRACE] OutputTransformer: adding vault-server1-auth_list as *terraform.nodeExpandOutput
2026-07-07T23:34:22.421+0800 [TRACE] OutputTransformer: adding vault-server2-auth_list as *terraform.nodeExpandOutput
2026-07-07T23:34:22.421+0800 [TRACE] Executing graph transform *terraform.DiffTransformer
2026-07-07T23:34:22.421+0800 [TRACE] Executing graph transform *terraform.ActionTriggerConfigTransformer
2026-07-07T23:34:22.421+0800 [TRACE] Executing graph transform *terraform.ActionInvokeApplyTransformer
2026-07-07T23:34:22.421+0800 [TRACE] Executing graph transform *terraform.ActionDiffTransformer
2026-07-07T23:34:22.421+0800 [TRACE] Executing graph transform *terraform.DeferredTransformer
2026-07-07T23:34:22.421+0800 [TRACE] Executing graph transform *terraform.checkTransformer
2026-07-07T23:34:22.421+0800 [TRACE] Executing graph transform *terraform.AttachStateTransformer
2026-07-07T23:34:22.421+0800 [TRACE] Executing graph transform *terraform.OrphanOutputTransformer
2026-07-07T23:34:22.421+0800 [TRACE] Executing graph transform *terraform.AttachResourceConfigTransformer
2026-07-07T23:34:22.421+0800 [TRACE] AttachResourceConfigTransformer: attaching to "data.vault_auth_backends.vault-dev-server1 (expand)" (*terraform.nodeExpandApplyableResource) config from hcl.Range{Filename:"data-vault.tf", Start:hcl.Pos{Line:1, Column:1, Byte:0}, End:hcl.Pos{Line:1, Column:47, Byte:46}}
2026-07-07T23:34:22.421+0800 [TRACE] AttachResourceConfigTransformer: attaching provider meta configs to data.vault_auth_backends.vault-dev-server1 (expand)
2026-07-07T23:34:22.421+0800 [TRACE] AttachResourceConfigTransformer: attaching to "data.vault_auth_backends.vault-dev-server2 (expand)" (*terraform.nodeExpandApplyableResource) config from hcl.Range{Filename:"data-vault.tf", Start:hcl.Pos{Line:5, Column:1, Byte:76}, End:hcl.Pos{Line:5, Column:47, Byte:122}}
2026-07-07T23:34:22.421+0800 [TRACE] AttachResourceConfigTransformer: attaching provider meta configs to data.vault_auth_backends.vault-dev-server2 (expand)
2026-07-07T23:34:22.421+0800 [TRACE] Executing graph transform *terraform.graphTransformerMulti
2026-07-07T23:34:22.421+0800 [TRACE] (graphTransformerMulti) Executing graph transform *terraform.externalProviderTransformer
2026-07-07T23:34:22.421+0800 [TRACE] (graphTransformerMulti) Completed graph transform *terraform.externalProviderTransformer with new graph:
  data.vault_auth_backends.vault-dev-server1 (expand) - *terraform.nodeExpandApplyableResource
  data.vault_auth_backends.vault-dev-server2 (expand) - *terraform.nodeExpandApplyableResource
  output.vault-server1-auth_list (expand) - *terraform.nodeExpandOutput
  output.vault-server2-auth_list (expand) - *terraform.nodeExpandOutput
  ------
2026-07-07T23:34:22.421+0800 [TRACE] (graphTransformerMulti) Executing graph transform *terraform.ProviderConfigTransformer
2026-07-07T23:34:22.421+0800 [TRACE] ProviderConfigTransformer: attaching to "provider[\"registry.terraform.io/hashicorp/vault\"].vrd1" provider configuration from version.tf:10,1-17
2026-07-07T23:34:22.421+0800 [TRACE] ProviderConfigTransformer: attaching to "provider[\"registry.terraform.io/hashicorp/vault\"].vrd2" provider configuration from version.tf:17,1-17
2026-07-07T23:34:22.421+0800 [TRACE] (graphTransformerMulti) Completed graph transform *terraform.ProviderConfigTransformer with new graph:
  data.vault_auth_backends.vault-dev-server1 (expand) - *terraform.nodeExpandApplyableResource
  data.vault_auth_backends.vault-dev-server2 (expand) - *terraform.nodeExpandApplyableResource
  output.vault-server1-auth_list (expand) - *terraform.nodeExpandOutput
  output.vault-server2-auth_list (expand) - *terraform.nodeExpandOutput
  provider["registry.terraform.io/hashicorp/vault"] - *terraform.NodeApplyableProvider
  provider["registry.terraform.io/hashicorp/vault"].vrd1 - *terraform.NodeApplyableProvider
  provider["registry.terraform.io/hashicorp/vault"].vrd2 - *terraform.NodeApplyableProvider
  ------
2026-07-07T23:34:22.421+0800 [TRACE] (graphTransformerMulti) Executing graph transform *terraform.MissingProviderTransformer
2026-07-07T23:34:22.421+0800 [TRACE] (graphTransformerMulti) Completed graph transform *terraform.MissingProviderTransformer (no changes)
2026-07-07T23:34:22.421+0800 [TRACE] (graphTransformerMulti) Executing graph transform *terraform.ProviderTransformer
2026-07-07T23:34:22.421+0800 [TRACE] ProviderTransformer: exact match for provider["registry.terraform.io/hashicorp/vault"].vrd1 serving data.vault_auth_backends.vault-dev-server1 (expand)
2026-07-07T23:34:22.421+0800 [DEBUG] ProviderTransformer: "data.vault_auth_backends.vault-dev-server1 (expand)" (*terraform.nodeExpandApplyableResource) needs provider["registry.terraform.io/hashicorp/vault"].vrd1
2026-07-07T23:34:22.421+0800 [TRACE] ProviderTransformer: exact match for provider["registry.terraform.io/hashicorp/vault"].vrd2 serving data.vault_auth_backends.vault-dev-server2 (expand)
2026-07-07T23:34:22.421+0800 [DEBUG] ProviderTransformer: "data.vault_auth_backends.vault-dev-server2 (expand)" (*terraform.nodeExpandApplyableResource) needs provider["registry.terraform.io/hashicorp/vault"].vrd2
2026-07-07T23:34:22.421+0800 [TRACE] (graphTransformerMulti) Completed graph transform *terraform.ProviderTransformer with new graph:
  data.vault_auth_backends.vault-dev-server1 (expand) - *terraform.nodeExpandApplyableResource
    provider["registry.terraform.io/hashicorp/vault"].vrd1 - *terraform.NodeApplyableProvider
  data.vault_auth_backends.vault-dev-server2 (expand) - *terraform.nodeExpandApplyableResource
    provider["registry.terraform.io/hashicorp/vault"].vrd2 - *terraform.NodeApplyableProvider
  output.vault-server1-auth_list (expand) - *terraform.nodeExpandOutput
  output.vault-server2-auth_list (expand) - *terraform.nodeExpandOutput
  provider["registry.terraform.io/hashicorp/vault"] - *terraform.NodeApplyableProvider
  provider["registry.terraform.io/hashicorp/vault"].vrd1 - *terraform.NodeApplyableProvider
  provider["registry.terraform.io/hashicorp/vault"].vrd2 - *terraform.NodeApplyableProvider
  ------
2026-07-07T23:34:22.421+0800 [TRACE] (graphTransformerMulti) Executing graph transform *terraform.PruneProviderTransformer
2026-07-07T23:34:22.421+0800 [DEBUG] pruning unused provider["registry.terraform.io/hashicorp/vault"]
2026-07-07T23:34:22.421+0800 [TRACE] (graphTransformerMulti) Completed graph transform *terraform.PruneProviderTransformer with new graph:
  data.vault_auth_backends.vault-dev-server1 (expand) - *terraform.nodeExpandApplyableResource
    provider["registry.terraform.io/hashicorp/vault"].vrd1 - *terraform.NodeApplyableProvider
  data.vault_auth_backends.vault-dev-server2 (expand) - *terraform.nodeExpandApplyableResource
    provider["registry.terraform.io/hashicorp/vault"].vrd2 - *terraform.NodeApplyableProvider
  output.vault-server1-auth_list (expand) - *terraform.nodeExpandOutput
  output.vault-server2-auth_list (expand) - *terraform.nodeExpandOutput
  provider["registry.terraform.io/hashicorp/vault"].vrd1 - *terraform.NodeApplyableProvider
  provider["registry.terraform.io/hashicorp/vault"].vrd2 - *terraform.NodeApplyableProvider
  ------
2026-07-07T23:34:22.421+0800 [TRACE] Executing graph transform *terraform.RemovedModuleTransformer
2026-07-07T23:34:22.421+0800 [TRACE] Executing graph transform *terraform.AttachSchemaTransformer
2026-07-07T23:34:22.421+0800 [TRACE] terraform.contextPlugins: Schema for provider "registry.terraform.io/hashicorp/vault" is in the global cache
2026-07-07T23:34:22.421+0800 [TRACE] AttachSchemaTransformer: attaching resource schema to data.vault_auth_backends.vault-dev-server1 (expand)
2026-07-07T23:34:22.421+0800 [TRACE] terraform.contextPlugins: Schema for provider "registry.terraform.io/hashicorp/vault" is in the global cache
2026-07-07T23:34:22.421+0800 [TRACE] AttachSchemaTransformer: attaching resource schema to data.vault_auth_backends.vault-dev-server2 (expand)
2026-07-07T23:34:22.421+0800 [TRACE] terraform.contextPlugins: Schema for provider "registry.terraform.io/hashicorp/vault" is in the global cache
2026-07-07T23:34:22.421+0800 [TRACE] AttachSchemaTransformer: attaching provider config schema to provider["registry.terraform.io/hashicorp/vault"].vrd1
2026-07-07T23:34:22.421+0800 [TRACE] terraform.contextPlugins: Schema for provider "registry.terraform.io/hashicorp/vault" is in the global cache
2026-07-07T23:34:22.421+0800 [TRACE] AttachSchemaTransformer: attaching provider config schema to provider["registry.terraform.io/hashicorp/vault"].vrd2
2026-07-07T23:34:22.421+0800 [TRACE] Executing graph transform *terraform.ModuleExpansionTransformer
2026-07-07T23:34:22.421+0800 [TRACE] Executing graph transform *terraform.ExternalReferenceTransformer
2026-07-07T23:34:22.421+0800 [TRACE] Executing graph transform *terraform.ReferenceTransformer
2026-07-07T23:34:22.421+0800 [DEBUG] ReferenceTransformer: "provider[\"registry.terraform.io/hashicorp/vault\"].vrd1" references: []
2026-07-07T23:34:22.421+0800 [DEBUG] ReferenceTransformer: "provider[\"registry.terraform.io/hashicorp/vault\"].vrd2" references: []
2026-07-07T23:34:22.421+0800 [DEBUG] ReferenceTransformer: "data.vault_auth_backends.vault-dev-server1 (expand)" references: []
2026-07-07T23:34:22.421+0800 [DEBUG] ReferenceTransformer: "data.vault_auth_backends.vault-dev-server2 (expand)" references: []
2026-07-07T23:34:22.421+0800 [DEBUG] ReferenceTransformer: "output.vault-server1-auth_list (expand)" references: [data.vault_auth_backends.vault-dev-server1 (expand)]
2026-07-07T23:34:22.421+0800 [DEBUG] ReferenceTransformer: "output.vault-server2-auth_list (expand)" references: [data.vault_auth_backends.vault-dev-server2 (expand)]
2026-07-07T23:34:22.421+0800 [TRACE] Executing graph transform *terraform.AttachDependenciesTransformer
2026-07-07T23:34:22.421+0800 [TRACE] AttachDependenciesTransformer: output.vault-server1-auth_list (expand) depends on [data.vault_auth_backends.vault-dev-server1]
2026-07-07T23:34:22.421+0800 [TRACE] AttachDependenciesTransformer: output.vault-server2-auth_list (expand) depends on [data.vault_auth_backends.vault-dev-server2]
2026-07-07T23:34:22.421+0800 [TRACE] Executing graph transform *terraform.checkStartTransformer
2026-07-07T23:34:22.421+0800 [TRACE] Executing graph transform *terraform.ForcedCBDTransformer
2026-07-07T23:34:22.421+0800 [TRACE] ForcedCBDTransformer: "data.vault_auth_backends.vault-dev-server1 (expand)" (*terraform.nodeExpandApplyableResource) has no CBD descendant, so skipping
2026-07-07T23:34:22.421+0800 [TRACE] ForcedCBDTransformer: "data.vault_auth_backends.vault-dev-server2 (expand)" (*terraform.nodeExpandApplyableResource) has no CBD descendant, so skipping
2026-07-07T23:34:22.421+0800 [TRACE] Executing graph transform *terraform.DestroyEdgeTransformer
2026-07-07T23:34:22.422+0800 [TRACE] Executing graph transform *terraform.CBDEdgeTransformer
2026-07-07T23:34:22.422+0800 [TRACE] Executing graph transform *terraform.pruneUnusedNodesTransformer
2026-07-07T23:34:22.422+0800 [TRACE] Executing graph transform *terraform.TargetsTransformer
2026-07-07T23:34:22.422+0800 [TRACE] Executing graph transform *terraform.ephemeralResourceCloseTransformer
2026-07-07T23:34:22.422+0800 [TRACE] Executing graph transform *terraform.CloseProviderTransformer
2026-07-07T23:34:22.422+0800 [TRACE] Executing graph transform *terraform.CloseRootModuleTransformer
2026-07-07T23:34:22.422+0800 [TRACE] Executing graph transform *terraform.TransitiveReductionTransformer
2026-07-07T23:34:22.422+0800 [TRACE] Completed graph transform:
data.vault_auth_backends.vault-dev-server1 (expand) - *terraform.nodeExpandApplyableResource
  provider["registry.terraform.io/hashicorp/vault"].vrd1 - *terraform.NodeApplyableProvider
data.vault_auth_backends.vault-dev-server2 (expand) - *terraform.nodeExpandApplyableResource
  provider["registry.terraform.io/hashicorp/vault"].vrd2 - *terraform.NodeApplyableProvider
output.vault-server1-auth_list (expand) - *terraform.nodeExpandOutput
  data.vault_auth_backends.vault-dev-server1 (expand) - *terraform.nodeExpandApplyableResource
output.vault-server2-auth_list (expand) - *terraform.nodeExpandOutput
  data.vault_auth_backends.vault-dev-server2 (expand) - *terraform.nodeExpandApplyableResource
provider["registry.terraform.io/hashicorp/vault"].vrd1 - *terraform.NodeApplyableProvider
provider["registry.terraform.io/hashicorp/vault"].vrd1 (close) - *terraform.graphNodeCloseProvider
  data.vault_auth_backends.vault-dev-server1 (expand) - *terraform.nodeExpandApplyableResource
provider["registry.terraform.io/hashicorp/vault"].vrd2 - *terraform.NodeApplyableProvider
provider["registry.terraform.io/hashicorp/vault"].vrd2 (close) - *terraform.graphNodeCloseProvider
  data.vault_auth_backends.vault-dev-server2 (expand) - *terraform.nodeExpandApplyableResource
root - *terraform.nodeCloseModule
  output.vault-server1-auth_list (expand) - *terraform.nodeExpandOutput
  output.vault-server2-auth_list (expand) - *terraform.nodeExpandOutput
  provider["registry.terraform.io/hashicorp/vault"].vrd1 (close) - *terraform.graphNodeCloseProvider
  provider["registry.terraform.io/hashicorp/vault"].vrd2 (close) - *terraform.graphNodeCloseProvider
  ------
2026-07-07T23:34:22.422+0800 [INFO]  backend/local: plan operation completed
2026-07-07T23:34:22.422+0800 [TRACE] LoadSchemas: retrieving schema for provider type "registry.terraform.io/hashicorp/vault"
2026-07-07T23:34:22.422+0800 [TRACE] terraform.contextPlugins: Schema for provider "registry.terraform.io/hashicorp/vault" is in the global cache
2026-07-07T23:34:22.423+0800 [TRACE] statemgr.Filesystem: removing lock metadata file .terraform.tfstate.lock.info
2026-07-07T23:34:22.423+0800 [TRACE] statemgr.Filesystem: unlocking terraform.tfstate using fcntl flock
